cfg_family,cfg_t_steps,cfg_mu_daily,cfg_sigma_daily,cfg_nu,cfg_phi,cfg_garch_alpha,cfg_garch_beta,cfg_p_stay_low,cfg_p_stay_high,cfg_vol_ratio,cfg_label,true_sharpe,mdd_hat,true_q5,true_q50,prob_iid_pct_q5,qhat_iid_pct_q5,relerr_iid_pct_q5,prob_iid_pct_q50,qhat_iid_pct_q50,relerr_iid_pct_q50,prob_trade_fixed_5_q5,qhat_trade_fixed_5_q5,relerr_trade_fixed_5_q5,prob_trade_fixed_5_q50,qhat_trade_fixed_5_q50,relerr_trade_fixed_5_q50,prob_sb_l20_q5,qhat_sb_l20_q5,relerr_sb_l20_q5,prob_sb_l20_q50,qhat_sb_l20_q50,relerr_sb_l20_q50,prob_sb_auto_q5,qhat_sb_auto_q5,relerr_sb_auto_q5,prob_sb_auto_q50,qhat_sb_auto_q50,relerr_sb_auto_q50,prob_cb_auto_q5,qhat_cb_auto_q5,relerr_cb_auto_q5,prob_cb_auto_q50,qhat_cb_auto_q50,relerr_cb_auto_q50
iid_gaussian,250,0.000629940788348712,0.01,,,,,,,,iid_gaussian,1.0,-0.10101613492798994,-0.2206787290697474,-0.11691747757269988,0.08135,-0.20164189202928492,0.08626493872205378,0.5978,-0.10696149451993725,0.08515393300862097,0.04615,-0.22419241049467578,-0.015922157245240702,0.45895,-0.12182200551600894,-0.04194862945327743,0.1131,-0.18778192808628086,0.1490710097984533,0.5877,-0.10794767167665847,0.07671911917928553,0.0981,-0.19359000093819334,0.12275187665682281,0.5734,-0.10925677133319267,0.06552233591204312,0.08145,-0.20150826679932946,0.08687045802388571,0.59425,-0.1073405684595791,0.08191169799370512
iid_gaussian,250,0.000629940788348712,0.01,,,,,,,,iid_gaussian,1.0,-0.20558336047351747,-0.2206787290697474,-0.11691747757269988,0.00165,-0.3275562063682128,-0.4843125467914304,0.1448,-0.17749067746721114,-0.5180850729254447,0.00155,-0.32945915682748095,-0.4929357179837327,0.12775,-0.18280167888167415,-0.5635102867148938,0.00325,-0.31271223292552397,-0.4170474619087035,0.1377,-0.1797599315347729,-0.537494096406564,0.0035,-0.30952582827839,-0.40260835098683984,0.1624,-0.17277645169902944,-0.4777641058121201,0.00325,-0.31207611132387175,-0.41416489318840255,0.159,-0.1735360323691167,-0.48426083056069275
iid_gaussian,250,0.000629940788348712,0.01,,,,,,,,iid_gaussian,1.0,-0.08749527587638577,-0.2206787290697474,-0.11691747757269988,0.11435,-0.18736004244506732,0.15098277375953809,0.6374,-0.10307928089961102,0.11835866596150434,0.0486,-0.221936817271919,-0.005700994416067956,0.48415,-0.11875897849103165,-0.015750433182128078,0.27075,-0.14843462804337376,0.32737229061864076,0.7696,-0.08975291563005525,0.23233961685286592,0.10865,-0.18934033022988053,0.14200915046036036,0.63015,-0.10377820275187269,0.11238075857954703,0.10875,-0.18927093202575218,0.14232362664218765,0.6212,-0.1047116681524067,0.10439679057139716
iid_gaussian,250,0.000629940788348712,0.01,,,,,,,,iid_gaussian,1.0,-0.11748148557776086,-0.2206787290697474,-0.11691747757269988,0.1418,-0.17862488161208284,0.1905659310026798,0.72125,-0.09462809927108587,0.19064197042528874,0.17785,-0.1684339300116045,0.23674596676524484,0.72895,-0.09385597083509702,0.19724601673229822,0.1519,-0.1755708041435721,0.20440540470902635,0.59665,-0.10709065472957319,0.0840492204171641,0.17015,-0.1705990369343389,0.22693484028349822,0.72325,-0.09441439295137906,0.192469809377544,0.1624,-0.17273049655152214,0.21727618570374674,0.70785,-0.09601962158707128,0.17874022275783538
iid_gaussian,250,0.000629940788348712,0.01,,,,,,,,iid_gaussian,1.0,-0.14066492673291953,-0.2206787290697474,-0.11691747757269988,0.035,-0.234851997780772,-0.0642258035958918,0.4393,-0.12433617966102528,-0.06345246444196007,0.02025,-0.25411532877853077,-0.15151709387548382,0.4,-0.12923564612179783,-0.10535780282668562,0.0299,-0.24026280301686412,-0.08874472872701299,0.3514,-0.13582869576180007,-0.1617484278801781,0.0346,-0.23531217406641075,-0.06631108062997015,0.45,-0.12302335653386226,-0.05222383417710765,0.03995,-0.22980087953845937,-0.04133679085050761,0.46055,-0.12164264971540975,-0.04041459190540384
iid_gaussian,250,0.000629940788348712,0.01,,,,,,,,iid_gaussian,1.0,-0.10976538543816747,-0.2206787290697474,-0.11691747757269988,0.05175,-0.219942655765899,0.00333549729487409,0.4913,-0.11794367022280935,-0.008777067992006444,0.0856,-0.19926156458275945,0.09705133148659226,0.54415,-0.11216023526843696,0.040688889317722736,0.14105,-0.17882325004271254,0.1896670295477643,0.62885,-0.10391495028004874,0.11121115134019294,0.0605,-0.21423640739748506,0.029193215401499703,0.51715,-0.11515039192441573,0.015113956313207043,0.05655,-0.21663809427181552,0.018310032937768086,0.50035,-0.11688298956529831,0.0002949773474211316
iid_gaussian,250,0.000629940788348712,0.01,,,,,,,,iid_gaussian,1.0,-0.14310437368281684,-0.2206787290697474,-0.11691747757269988,0.04135,-0.22873582369489098,-0.036510517615846325,0.48665,-0.11844276420277178,-0.013045839353859367,0.07615,-0.2049575705455202,0.07124002657844923,0.5754,-0.10911074944280916,0.06677126715324883,0.05835,-0.21558677526469205,0.023074058050452078,0.4809,-0.11922219001614329,-0.019712300430107427,0.0499,-0.22088355862966624,-0.0009281798965504865,0.5026,-0.11667690773378339,0.0020576037382169857,0.0441,-0.22605869294719894,-0.024379168305574028,0.48495,-0.11866334869763338,-0.014932507621436775
iid_gaussian,250,0.000629940788348712,0.01,,,,,,,,iid_gaussian,1.0,-0.07590143607453588,-0.2206787290697474,-0.11691747757269988,0.108,-0.18953918065215097,0.14110806487268873,0.6499,-0.1018752268124461,0.12865699014846121,0.32995,-0.13890539911278812,0.3705537470768835,0.85035,-0.08102112973736983,0.3070229411424782,0.44715,-0.12335753707909333,0.4410084850538308,0.8921,-0.0759014360745366,0.35081189185474254,0.11045,-0.18869741450678537,0.1449225065676994,0.659,-0.1009679421587118,0.1364170331511863,0.1023,-0.1916220948026632,0.13166939282988435,0.65575,-0.1012660673340435,0.1338671562506491
iid_gaussian,250,0.000629940788348712,0.01,,,,,,,,iid_gaussian,1.0,-0.08269879895965665,-0.2206787290697474,-0.11691747757269988,0.3846,-0.13144850974007796,0.4043444499875992,0.8847,-0.07701608584405785,0.34127824647800103,0.2435,-0.1536553142805039,0.3037148848544445,0.80765,-0.0858408918425066,0.2657993173934984,0.35805,-0.13501710735108624,0.38817344145382976,0.8363,-0.08269879895965628,0.29267376720273713,0.37985,-0.13204129653220376,0.4016582518450567,0.8886,-0.07644200343404098,0.3461883969699145,0.3705,-0.13323156221035065,0.3962645934568452,0.8842,-0.07712338803094343,0.34036048645517764
iid_gaussian,250,0.000629940788348712,0.01,,,,,,,,iid_gaussian,1.0,-0.19504633098434374,-0.2206787290697474,-0.11691747757269988,0.0008,-0.34644318991805984,-0.5698984282647537,0.0848,-0.19950381458804334,-0.7063643411567005,0.00395,-0.3068465246906899,-0.39046715550780814,0.1325,-0.18148809830560939,-0.5522751779583952,0.0014,-0.3311373157633651,-0.5005402521541,0.09565,-0.19500264028903952,-0.6678656120320924,0.00085,-0.34207626798890645,-0.5501098335616675,0.08655,-0.19884400955133033,-0.7007210015088473,0.00095,-0.34029143515798155,-0.5420219093722872,0.0897,-0.197474785345264,-0.6890099704937029
iid_gaussian,250,0.000629940788348712,0.01,,,,,,,,iid_gaussian,1.0,-0.1416579758363268,-0.2206787290697474,-0.11691747757269988,0.13775,-0.17970513263765459,0.18567080119055224,0.7043,-0.09638016981000803,0.17565643896073316,0.05655,-0.21662953747993294,0.018348807820687936,0.5207,-0.11476655637801128,0.01839691754683251,0.0214,-0.25229753262571286,-0.14327979723850992,0.30745,-0.14231495278842027,-0.21722565131400573,0.14055,-0.1789494746783603,0.18909504584920006,0.68335,-0.09846106557152438,0.157858451827266,0.1444,-0.17760941632967014,0.19516748588154514,0.6916,-0.09768045034062334,0.16453508604062092
iid_gaussian,250,0.000629940788348712,0.01,,,,,,,,iid_gaussian,1.0,-0.07570110331796337,-0.2206787290697474,-0.11691747757269988,0.2795,-0.14691993098270537,0.3342361014945393,0.8363,-0.0827005769129265,0.292658560295206,0.5077,-0.11614162215589545,0.4737072184279804,0.95225,-0.06633646675311447,0.4326214683184033,0.3874,-0.1310040931403644,0.40635831240917,0.88195,-0.07742012743969055,0.33782246207330013,0.2794,-0.1469434638491831,0.3341294629137529,0.83925,-0.08228527514058469,0.2962106534549611,0.2858,-0.14581889145101945,0.33922543388886317,0.83655,-0.08262891414230106,0.29327149492322924
iid_gaussian,250,0.000629940788348712,0.01,,,,,,,,iid_gaussian,1.0,-0.17886544925755105,-0.2206787290697474,-0.11691747757269988,0.00365,-0.3088085816191407,-0.39935816614903163,0.1641,-0.1721970341320001,-0.47280832350259283,0.00405,-0.3060377069773745,-0.3868020187874503,0.2055,-0.16190744713929953,-0.3848010622588454,0.0135,-0.2673783719038438,-0.21161823357853657,0.22635,-0.15718286632126774,-0.34439152797776224,0.0037,-0.3081237385098157,-0.39625481716649996,0.1739,-0.16958042607811502,-0.45042836707342626,0.0058,-0.291673031743661,-0.32170886144389227,0.18045,-0.16783980218649697,-0.4355407392546023
iid_gaussian,250,0.000629940788348712,0.01,,,,,,,,iid_gaussian,1.0,-0.07355296108964963,-0.2206787290697474,-0.11691747757269988,0.088,-0.19827689058737802,0.10151335643812359,0.60895,-0.10584750242373911,0.09468195327834886,0.17355,-0.16967144553304947,0.23113819692416587,0.7343,-0.09334074307294501,0.2016527809975607,0.372,-0.13305420208062715,0.39706829633510243,0.8621,-0.07976828554910467,0.31773856907317943,0.0909,-0.19680232091709587,0.10819533107382169,0.59425,-0.10733760884344393,0.08193701171237758,0.09405,-0.19569117838902675,0.11323044493709729,0.5813,-0.10853908402850926,0.07166074498127017
iid_gaussian,250,0.000629940788348712,0.01,,,,,,,,iid_gaussian,1.0,-0.09951023178268742,-0.2206787290697474,-0.11691747757269988,0.08295,-0.20034326630899105,0.0921496278616375,0.59735,-0.1070196249402185,0.08465674113031434,0.05905,-0.2151793670385362,0.024920217976572904,0.5215,-0.11466044108284032,0.019304526035948073,0.2842,-0.14610574222653022,0.33792557695783965,0.74345,-0.0923880182811602,0.20980147537212426,0.08645,-0.1989289683710222,0.09855848268842893,0.6021,-0.10650564211060667,0.08905285743629796,0.0971,-0.19418769968948282,0.12004342009733006,0.57875,-0.10875854602092724,0.06978367752331444
iid_gaussian,250,0.000629940788348712,0.01,,,,,,,,iid_gaussian,1.0,-0.0686484337296804,-0.2206787290697474,-0.11691747757269988,0.19175,-0.16503835779857295,0.2521329151464744,0.74525,-0.09221493954818216,0.21128182490216277,0.15875,-0.173709603484484,0.21283938775276526,0.71035,-0.09573527009411406,0.18117229278586355,0.4118,-0.12775705508682406,0.4210721820568155,0.8555,-0.08043928347158974,0.3119994962124274,0.1831,-0.16727052935481276,0.24201788699831833,0.73215,-0.09353627054774681,0.19998042645432987,0.18555,-0.16662298160264935,0.2449522330265608,0.7331,-0.09345560773487824,0.2006703388142541
iid_gaussian,250,0.000629940788348712,0.01,,,,,,,,iid_gaussian,1.0,-0.09385515888718521,-0.2206787290697474,-0.11691747757269988,0.02065,-0.25342850911645315,-0.14840478819485547,0.3534,-0.13558858788380757,-0.15969477531276619,0.0267,-0.24402760746174995,-0.10580484349546415,0.388,-0.13089812479970764,-0.11957705141487099,0.0741,-0.20585926085474002,0.06715404007208849,0.5237,-0.11439318897109854,0.021590344352337934,0.02055,-0.25370945073380546,-0.14967786792726376,0.3504,-0.1360327942700521,-0.16349409082543903,0.0213,-0.2523489809306078,-0.14351293391240608,0.35415,-0.13550609946358072,-0.15898924845793344
iid_gaussian,250,0.000629940788348712,0.01,,,,,,,,iid_gaussian,1.0,-0.1812634120054429,-0.2206787290697474,-0.11691747757269988,0.00065,-0.3516748797296738,-0.5936056964444633,0.07385,-0.20592649240869249,-0.7612977690238515,0.00025,-0.383859094917676,-0.7394476419897908,0.04995,-0.22080762307929208,-0.8885766924110451,0.0004,-0.3577504650301699,-0.6211370553847072,0.05635,-0.21678806064603387,-0.854197209405531,0.0004,-0.35516583910736976,-0.6094248893155287,0.07695,-0.20451438116487067,-0.7492199234088214,0.00035,-0.3605396612044453,-0.6337762263008759,0.0839,-0.19997669783247304,-0.7104089310182605
iid_gaussian,250,0.000629940788348712,0.01,,,,,,,,iid_gaussian,1.0,-0.12442333564894707,-0.2206787290697474,-0.11691747757269988,0.06055,-0.21421679212871939,0.029282101488746822,0.5303,-0.1135986741059537,0.02838586270972644,0.0455,-0.2249238162139057,-0.019236503500147533,0.46135,-0.12150719590556287,-0.0392560498921907,0.06675,-0.2099857004421424,0.04845518493187156,0.4549,-0.12238579313371242,-0.04677072816262493,0.0616,-0.21336938063430783,0.03312212493814655,0.5371,-0.11289736462292353,0.03438419159596238,0.05955,-0.21475005861713575,0.026865618075667966,0.554,-0.11115380191508156,0.04929695523096138
iid_gaussian,250,0.000629940788348712,0.01,,,,,,,,iid_gaussian,1.0,-0.15874038919611205,-0.2206787290697474,-0.11691747757269988,0.0616,-0.21333860950848216,0.03326156350549458,0.51725,-0.11511932262922746,0.015379693274295279,0.02375,-0.2485659404437919,-0.1263701829877338,0.39655,-0.1296706629820261,-0.10907851994494336,0.028,-0.24251411375797055,-0.09894648560043999,0.3795,-0.13214156035736302,-0.13021220694054683,0.06645,-0.21011091348786765,0.04788778522709227,0.52465,-0.11429053967590605,0.02246830800091788,0.0451,-0.225342283127143,-0.0211327755831041,0.50845,-0.1160818009709661,0.007147576385353964
iid_gaussian,250,0.000629940788348712,0.01,,,,,,,,iid_gaussian,1.0,-0.10336360656493712,-0.2206787290697474,-0.11691747757269988,0.02775,-0.24290749213461812,-0.10072906962340326,0.37885,-0.1322357678235519,-0.13101796727804899,0.026,-0.2449779798311365,-0.11011143150869393,0.3745,-0.13275544611329168,-0.1354627970890295,0.0265,-0.24425423742701333,-0.10683181136961639,0.3561,-0.13527828815325346,-0.1570407689400991,0.02475,-0.24695071100685181,-0.1190508122275842,0.3813,-0.13184622034309817,-0.1276861516372993,0.02445,-0.24744830858416886,-0.12130566288498386,0.3929,-0.13025221929345532,-0.11405259502339014
iid_gaussian,250,0.000629940788348712,0.01,,,,,,,,iid_gaussian,1.0,-0.2643644351791379,-0.2206787290697474,-0.11691747757269988,0.0004,-0.3559305627195567,-0.6128902147477105,0.0621,-0.212941720380055,-0.8212993027295405,0.00095,-0.34085616388806605,-0.544580963126426,0.08295,-0.20032448785688484,-0.7133835934180333,0.00015,-0.3893641482060397,-0.7643936497521601,0.0578,-0.21593793281227447,-0.8469260310376023,0.0004,-0.35681025969992775,-0.6168765390485588,0.0775,-0.20413224767174704,-0.7459515199069923,0.0004,-0.35714252551971026,-0.6183821930877277,0.0715,-0.20749249127736952,-0.7746918218309118
iid_gaussian,250,0.000629940788348712,0.01,,,,,,,,iid_gaussian,1.0,-0.1806155419325171,-0.2206787290697474,-0.11691747757269988,0.02095,-0.25304186061922834,-0.14665270044786377,0.3478,-0.13637567363903047,-0.16642675218708328,0.0242,-0.24795056129262388,-0.12358160814972337,0.40325,-0.1288140808488568,-0.10175213768839257,0.0085,-0.27887569667790285,-0.2637180658665195,0.2347,-0.15550982240985278,-0.33008191451236185,0.02295,-0.24988005227091487,-0.13232504702316888,0.3713,-0.1331458095861455,-0.1388015919463774,0.02155,-0.25194828725153356,-0.14169720078414608,0.35665,-0.13521014597810838,-0.15645794611018718
iid_gaussian,250,0.000629940788348712,0.01,,,,,,,,iid_gaussian,1.0,-0.10117405032904858,-0.2206787290697474,-0.11691747757269988,0.1969,-0.16399047794701824,0.25688135581391874,0.78115,-0.08858298261157627,0.24234610213434582,0.17535,-0.1690891251396986,0.23377696684914054,0.71355,-0.09540078803779425,0.18403313158656232,0.15665,-0.1742215127528763,0.21051968403437687,0.65695,-0.10117405032904861,0.13465418148336228,0.19295,-0.16477811118770283,0.2533122159878703,0.7755,-0.08917678738051801,0.23726726549443872,0.23295,-0.15584593419262102,0.29378814691576105,0.79015,-0.08762018702074142,0.25058093246787033
iid_gaussian,250,0.000629940788348712,0.01,,,,,,,,iid_gaussian,1.0,-0.07766951212599012,-0.2206787290697474,-0.11691747757269988,0.2166,-0.15931424408881398,0.27807158958912914,0.7868,-0.08798841782405098,0.24743143924449332,0.1791,-0.1681820619360665,0.2378873004887067,0.75035,-0.09174145632631843,0.21533154639542126,0.43485,-0.12492767194668,0.4338934591779548,0.90335,-0.07440348179597274,0.3636239564806872,0.21025,-0.16086330323419018,0.27105206780782226,0.7831,-0.08838805655445331,0.24401331272740495,0.22885,-0.15678424307386463,0.28953622428960235,0.79035,-0.08759105562997689,0.2508300944526251
iid_gaussian,250,0.000629940788348712,0.01,,,,,,,,iid_gaussian,1.0,-0.15185039492600014,-0.2206787290697474,-0.11691747757269988,0.00465,-0.3000963485250385,-0.3598789053665001,0.21725,-0.15912329744704493,-0.36098811529782837,0.00625,-0.288528107145849,-0.3074577163014982,0.21825,-0.15889988628168777,-0.35907727040110854,0.00335,-0.31061496529470745,-0.4075437474380911,0.18435,-0.16689511287599149,-0.4274607726822986,0.00575,-0.29240998998074713,-0.32504836879103316,0.209,-0.16121240399574144,-0.3788563296321437,0.00495,-0.29881262907120937,-0.35406176359103053,0.2156,-0.15953229308110586,-0.36448627179719884
iid_gaussian,250,0.000629940788348712,0.01,,,,,,,,iid_gaussian,1.0,-0.07985676174989859,-0.2206787290697474,-0.11691747757269988,0.1619,-0.17291810191347742,0.2164260568184386,0.66705,-0.10012644797395684,0.14361436756367152,0.09605,-0.19481854783688968,0.11718474789966904,0.6436,-0.10255286338408956,0.1228611366480972,0.41435,-0.1274333572749121,0.4225390103881027,0.86115,-0.07985676174989867,0.3169818284845965,0.1579,-0.17397721131542024,0.21162672973146743,0.66745,-0.10006492312014632,0.14414059217172687,0.143,-0.17824307178376356,0.1922960924456461,0.6749,-0.09928866426496766,0.15077996612414543
iid_gaussian,250,0.000629940788348712,0.01,,,,,,,,iid_gaussian,1.0,-0.07889281664364585,-0.2206787290697474,-0.11691747757269988,0.02975,-0.24058655342350163,-0.09021179538994989,0.41505,-0.12736255232170113,-0.08933715442591933,0.0186,-0.25622620723778533,-0.16108248546602266,0.3839,-0.13150544512300658,-0.12477148714772626,0.12925,-0.1823337259969696,0.17375939781064506,0.62035,-0.10477662751855374,0.10384119043790437,0.033,-0.2370050927807671,-0.07398249835787124,0.41695,-0.12706116006694648,-0.0867593340605489,0.0332,-0.23668970225219868,-0.07255331426795956,0.4227,-0.12632795231457405,-0.08048817796315093
iid_gaussian,250,0.000629940788348712,0.01,,,,,,,,iid_gaussian,1.0,-0.10382996154945039,-0.2206787290697474,-0.11691747757269988,0.3092,-0.14200442420292825,0.35651059437610527,0.8543,-0.08058048951968011,0.31079175506865725,0.3759,-0.132611033675405,0.39907650259535365,0.8772,-0.07801157868471581,0.332763755220362,0.2586,-0.15091077026607005,0.31615171565369393,0.7644,-0.09028831793400655,0.22776029890086524,0.32125,-0.140095875825167,0.36515913239246317,0.86545,-0.07939383465192777,0.32094126301552917,0.32205,-0.14003795221895143,0.3654216117281913,0.8511,-0.0809517812623881,0.3076160815045649
iid_gaussian,250,0.000629940788348712,0.01,,,,,,,,iid_gaussian,1.0,-0.12654961760456096,-0.2206787290697474,-0.11691747757269988,0.015,-0.26347474709355306,-0.19392905788522838,0.3197,-0.1403638940569018,-0.20053816564442067,0.02575,-0.2452244607906031,-0.1112283536538667,0.39905,-0.12934265126532057,-0.10627302222539534,0.0276,-0.24312428634733088,-0.10171146703717593,0.389,-0.13072959062138484,-0.1181355716479302,0.0157,-0.2613591434488639,-0.18434225423810158,0.3271,-0.13930365036430362,-0.19146985768388564,0.0191,-0.25568426369983704,-0.1586266822255708,0.3373,-0.13783435039292566,-0.17890287452720285
iid_gaussian,250,0.000629940788348712,0.01,,,,,,,,iid_gaussian,1.0,-0.182810351146495,-0.2206787290697474,-0.11691747757269988,0.0019,-0.3248732077414874,-0.4721546073378394,0.13595,-0.1802363889470442,-0.5415692562728467,0.00095,-0.34072584001682943,-0.5439904038469432,0.1173,-0.18626371833401567,-0.5931212527074573,0.00465,-0.3004833671728132,-0.36163267044121356,0.1683,-0.17093110167714767,-0.461980751088834,0.00135,-0.33169481314034693,-0.5030665372171504,0.1371,-0.1798679365010395,-0.5384178673303716,0.0023,-0.3234787109296106,-0.46583548080600196,0.12535,-0.18364612097128982,-0.5707328346790388
iid_gaussian,250,0.000629940788348712,0.01,,,,,,,,iid_gaussian,1.0,-0.14062194067734565,-0.2206787290697474,-0.11691747757269988,0.03715,-0.23292107345079122,-0.055475869526031785,0.427,-0.1257758834267254,-0.07576631003279496,0.0951,-0.19522775316992833,0.1153304444298076,0.60645,-0.1060807474293432,0.09268699914106805,0.12675,-0.18316424268200565,0.16999593275655023,0.60805,-0.1059364189692179,0.09392144640354473,0.0369,-0.23323270628546816,-0.05688802572246543,0.428,-0.12566778599202258,-0.07484174822264458,0.0264,-0.24433084383915535,-0.10717895136115499,0.42075,-0.1265756709396607,-0.08260692556384754
iid_gaussian,250,0.000629940788348712,0.01,,,,,,,,iid_gaussian,1.0,-0.06557808178765999,-0.2206787290697474,-0.11691747757269988,0.09905,-0.19308393838166374,0.1250450861503833,0.6226,-0.10454242147277665,0.10584436439135765,0.07735,-0.2043433420779439,0.07402338712328066,0.5762,-0.10902998143875489,0.06746207921771578,0.3966,-0.1296576170018941,0.41245983449127666,0.86995,-0.07882724143539799,0.3257873581271644,0.1062,-0.19021700106954845,0.13803653903848276,0.6195,-0.10487065695675463,0.10303695278111417,0.0949,-0.19529010115964845,0.11504791611372134,0.6138,-0.10539225244041953,0.09857572513154768
iid_gaussian,250,0.000629940788348712,0.01,,,,,,,,iid_gaussian,1.0,-0.12267986765822755,-0.2206787290697474,-0.11691747757269988,0.05675,-0.21644039977736929,0.0192058804681558,0.52285,-0.11450088609528403,0.020669206414526037,0.0206,-0.2534908549374168,-0.14868730668327737,0.3414,-0.13735415913285476,-0.17479577890694098,0.0548,-0.21763659836915142,0.01378533723399541,0.46035,-0.12166821975623221,-0.04063329351745803,0.06065,-0.2141675112382153,0.02950541657992852,0.52255,-0.11452201526349831,0.020488487768751746,0.0518,-0.21986375549595139,0.003693031844217428,0.5153,-0.11536097977996869,0.013312789713268934
iid_gaussian,250,0.000629940788348712,0.01,,,,,,,,iid_gaussian,1.0,-0.1061498815521896,-0.2206787290697474,-0.11691747757269988,0.2426,-0.15382112675955475,0.3029635098589938,0.79295,-0.08732229272415393,0.25312883465300146,0.2373,-0.15502833495397816,0.29749307689287924,0.7989,-0.08675231871989436,0.2580038457813005,0.279,-0.14702165750885654,0.33377513035074124,0.79675,-0.08694065830086872,0.25639296958995217,0.246,-0.15322626097570874,0.30565912889918684,0.79425,-0.08717026127819512,0.25442916587049863,0.2538,-0.15174702518966776,0.31236224791875244,0.7858,-0.08809817710477857,0.24649266359686317
iid_gaussian,250,0.000629940788348712,0.01,,,,,,,,iid_gaussian,1.0,-0.083546224810625,-0.2206787290697474,-0.11691747757269988,0.13165,-0.18169739362987805,0.1766429216091278,0.65485,-0.10137688939048445,0.13291929063858066,0.1437,-0.17791802697347603,0.19376902466551943,0.66015,-0.10086374700279124,0.1373082186102274,0.3439,-0.13694138629693858,0.37945362077168254,0.82865,-0.08354622481062479,0.2854256990048787,0.12295,-0.18441901068271788,0.1643099837482267,0.65455,-0.10142187567989834,0.13253452105281946,0.13515,-0.1804301704521779,0.1823853109324759,0.65485,-0.10137564251975148,0.13292995517530223
iid_gaussian,250,0.000629940788348712,0.01,,,,,,,,iid_gaussian,1.0,-0.20182359433977476,-0.2206787290697474,-0.11691747757269988,0.00305,-0.3167756949486086,-0.4354609358316946,0.1394,-0.17924461908671752,-0.5330866078192826,0.00155,-0.3292113868020482,-0.491812954469201,0.1256,-0.1835448914456138,-0.5698670143775952,0.00035,-0.36083349858546016,-0.6351077428555231,0.0771,-0.20444251995155005,-0.748605291492255,0.00175,-0.3259191002041058,-0.4768940422032986,0.13225,-0.18155639968888376,-0.5528593625019927,0.0023,-0.32339808657285496,-0.46547013360151374,0.13595,-0.180198985273551,-0.5412493411132853
iid_gaussian,250,0.000629940788348712,0.01,,,,,,,,iid_gaussian,1.0,-0.09671133118656071,-0.2206787290697474,-0.11691747757269988,0.2325,-0.15597547468552478,0.2932011374950986,0.79545,-0.08705735363291382,0.25539486960979707,0.25975,-0.15065823594757932,0.3172960684400058,0.81565,-0.08494150145931131,0.2734918403752402,0.2854,-0.14589446823543548,0.33888295962895326,0.70065,-0.09671133118656046,0.17282400207082074,0.21315,-0.1601325738948616,0.2743633490645565,0.77225,-0.08950463711559116,0.2344631532104623,0.23285,-0.15586725431564055,0.29369153532519493,0.78915,-0.0877319797269045,0.24962476484876003
iid_gaussian,250,0.000629940788348712,0.01,,,,,,,,iid_gaussian,1.0,-0.11395123579645147,-0.2206787290697474,-0.11691747757269988,0.12425,-0.18398408500908411,0.16628083828172502,0.69495,-0.09731419067809927,0.16766772001569388,0.10705,-0.1899274989709254,0.13934841037217868,0.62675,-0.10409143390140815,0.10970167965962511,0.14395,-0.17782220733025556,0.19420322892083844,0.5639,-0.11018265863363286,0.057603183706039826,0.146,-0.17721145251063872,0.19697084871904655,0.6802,-0.09877854340768107,0.15514305082180663,0.11525,-0.18698237104283644,0.15269418203084237,0.6774,-0.09909484333489668,0.15243772452002305
iid_gaussian,250,0.000629940788348712,0.01,,,,,,,,iid_gaussian,1.0,-0.1021669212089407,-0.2206787290697474,-0.11691747757269988,0.0448,-0.2255840050813976,-0.0222281324182352,0.4699,-0.12043458931294534,-0.03008200153872211,0.128,-0.1827510478159995,0.17186831469271574,0.64905,-0.10194461772961756,0.1280634867765781,0.20825,-0.1613994807965611,0.2686223929377923,0.672,-0.09960027418691467,0.148114753630545,0.0464,-0.22403353716872249,-0.015202226844050643,0.48235,-0.11900041430521105,-0.01781544364242711,0.03955,-0.23028393445387635,-0.04352574180855079,0.4767,-0.11971447016955403,-0.02392279285289031
iid_gaussian,250,0.000629940788348712,0.01,,,,,,,,iid_gaussian,1.0,-0.24698991265707204,-0.2206787290697474,-0.11691747757269988,0.00245,-0.322902253255214,-0.46322327764157994,0.1333,-0.1810912483125273,-0.5488809036264389,0.00095,-0.3407250237262482,-0.5439867048471135,0.108,-0.18952096476303004,-0.6209806155387243,0.00075,-0.34767761370070394,-0.5754921879707648,0.0876,-0.19846565680416356,-0.6974849348828673,0.00125,-0.33411898598442796,-0.514051614276004,0.12865,-0.1825565996316869,-0.5614141137981042,0.00205,-0.3242387573126002,-0.4692796114940547,0.1351,-0.18046150581107606,-0.5434946900805672
iid_gaussian,250,0.000629940788348712,0.01,,,,,,,,iid_gaussian,1.0,-0.0767915916956699,-0.2206787290697474,-0.11691747757269988,0.41825,-0.12688832553248508,0.4250088077479323,0.9002,-0.07490826046150843,0.3593065637690473,0.46135,-0.1215065888804592,0.4493960093360153,0.9367,-0.06918506654600629,0.40825727699276904,0.54845,-0.1117582202373029,0.49357049178047074,0.89485,-0.07560082357841126,0.3533830429124483,0.403,-0.1288483773580713,0.4161268831789054,0.90235,-0.07451656077302618,0.36265678733368667,0.3942,-0.13003827013557023,0.4107349145804146,0.90725,-0.07377696439891537,0.3689825855758778
iid_gaussian,250,0.000629940788348712,0.01,,,,,,,,iid_gaussian,1.0,-0.1266058639881369,-0.2206787290697474,-0.11691747757269988,0.0056,-0.29332445901725296,-0.3291922617722946,0.2112,-0.16064708927694127,-0.3740211695642347,0.0054,-0.2962412536090354,-0.342409641644283,0.22045,-0.15847563662146724,-0.35544864558787875,0.0638,-0.21185718928290104,0.03997458125680175,0.45775,-0.12197108520318721,-0.04322371415637984,0.0047,-0.29997712144121874,-0.35933863089454543,0.19725,-0.16388828748719164,-0.4017432713195944,0.0049,-0.2990227996919469,-0.35501414636767364,0.20025,-0.16311440294141683,-0.3951242049332741
iid_gaussian,250,0.000629940788348712,0.01,,,,,,,,iid_gaussian,1.0,-0.18120599209001198,-0.2206787290697474,-0.11691747757269988,0.00155,-0.32900839655279746,-0.4908931093617616,0.12565,-0.1835158813139347,-0.5696188895267912,0.00325,-0.3137714593780216,-0.4218473194072612,0.15445,-0.17486051226410973,-0.49558916164078703,0.0026,-0.3201035120656709,-0.45054085373357144,0.13715,-0.17986776520758968,-0.538416402250442,0.00155,-0.3295676354418671,-0.49342728604216524,0.1269,-0.18309902371023007,-0.5660534892773252,0.00155,-0.32852665100907646,-0.4887100917879712,0.1363,-0.18008526610955172,-0.540276696420976
iid_gaussian,250,0.000629940788348712,0.01,,,,,,,,iid_gaussian,1.0,-0.136406489010033,-0.2206787290697474,-0.11691747757269988,0.0938,-0.19582406162106084,0.11262828797981263,0.6242,-0.10436922359192626,0.1073257329980546,0.10835,-0.18943853476475844,0.14156413912967217,0.6543,-0.10145155082342425,0.13228070832830652,0.1154,-0.1869117353944173,0.15301426565973084,0.6214,-0.10465648966701868,0.10486873442901001,0.0924,-0.1962078472769424,0.11088917312493111,0.6121,-0.10556525819867371,0.09709599975732713,0.0934,-0.19600494580114095,0.11180861595776223,0.6316,-0.10362774340751302,0.11366764354733225
iid_gaussian,250,0.000629940788348712,0.01,,,,,,,,iid_gaussian,1.0,-0.11842839700366942,-0.2206787290697474,-0.11691747757269988,0.0172,-0.2579944748807675,-0.16909534493116524,0.31345,-0.14134641476234053,-0.20894170569537485,0.0122,-0.2702420847849729,-0.22459507504033432,0.318,-0.14060384198534825,-0.20259045015677896,0.0112,-0.2722696157596087,-0.23378277964232586,0.2815,-0.1465662329723456,-0.2535870257824369,0.01295,-0.2683521060866528,-0.2160306850500204,0.2987,-0.1436768327473978,-0.2288738666813848,0.01955,-0.25513251890664035,-0.1561264648483794,0.3169,-0.14081731897895905,-0.204416327673492
iid_gaussian,250,0.000629940788348712,0.01,,,,,,,,iid_gaussian,1.0,-0.1546604637459234,-0.2206787290697474,-0.11691747757269988,0.0774,-0.2042719136095273,0.07434706339565056,0.56825,-0.10981052513829839,0.060786056815007386,0.0488,-0.22171472426740288,-0.0046945856631612735,0.49115,-0.11795066835072784,-0.008836923268255779,0.0528,-0.21906985157963751,0.007290587076026609,0.469,-0.12055432206980941,-0.031106080738426176,0.08055,-0.20215842455950336,0.08392428481129474,0.5877,-0.1079476925098373,0.07671894099224923,0.0774,-0.20430603618171975,0.07419243783506164,0.56315,-0.11026465391702636,0.056901874670848576
iid_gaussian,250,0.000629940788348712,0.01,,,,,,,,iid_gaussian,1.0,-0.0737050498372678,-0.2206787290697474,-0.11691747757269988,0.2403,-0.1543452213881512,0.3005885884934153,0.7784,-0.08891107563985431,0.23953990895356977,0.18565,-0.16659277934599695,0.24508909377784263,0.73345,-0.09342748686820668,0.20091085774483125,0.3872,-0.13102275918916273,0.4062737276878558,0.82615,-0.08382774010097754,0.28301788713451304,0.2344,-0.15556263765128509,0.29507189792579336,0.7916,-0.08742215188163763,0.2522747351671345,0.218,-0.15894126555455068,0.2797617322496182,0.7973,-0.0868609448766949,0.25707476178927713
iid_gaussian,250,0.000629940788348712,0.01,,,,,,,,iid_gaussian,1.0,-0.172208026710619,-0.2206787290697474,-0.11691747757269988,0.01025,-0.2749876646436196,-0.24609954843770843,0.26315,-0.14990842245106867,-0.2821729100155693,0.01055,-0.27416456927346866,-0.24236971288164622,0.25735,-0.15120397638429026,-0.2932538361535456,0.015,-0.263528443479069,-0.19417238167879153,0.24165,-0.15401711820433456,-0.31731475397735925,0.00975,-0.2765667600512342,-0.25325517877086795,0.2523,-0.15202438747551966,-0.3002708459989665,0.0085,-0.2790719421750824,-0.26460734730296254,0.2648,-0.14965558900238954,-0.2800104151180728
iid_gaussian,250,0.000629940788348712,0.01,,,,,,,,iid_gaussian,1.0,-0.1473334455427675,-0.2206787290697474,-0.11691747757269988,0.10395,-0.19105457322422775,0.13424110230468417,0.63205,-0.10359219233048647,0.11397171337302996,0.07325,-0.20641324543942793,0.06464367313720903,0.59885,-0.10684636340982948,0.08613865413413606,0.0488,-0.22164383800283205,-0.004373366373610147,0.52605,-0.11415392914620434,0.023636743486679736,0.12,-0.1853636670140744,0.1600292978147041,0.66795,-0.09999914591772893,0.14470318729251616,0.1171,-0.186389428869492,0.15538108427939135,0.65885,-0.10098191190866215,0.13629754930462737
iid_gaussian,250,0.000629940788348712,0.01,,,,,,,,iid_gaussian,1.0,-0.09876106188126081,-0.2206787290697474,-0.11691747757269988,0.03415,-0.23584753494615338,-0.0687370547236193,0.4471,-0.1233703623880402,-0.05519178953658044,0.01365,-0.266777569782414,-0.20889571417685976,0.31945,-0.14040148606530395,-0.20085969164021344,0.1123,-0.18802814000864462,0.1479553067880107,0.5671,-0.10990426328240271,0.059984310608619765,0.0343,-0.2356341138403871,-0.06776994245744876,0.44135,-0.12405389654204031,-0.061038085301686154,0.03345,-0.23639581478862187,-0.07122157076546766,0.4406,-0.12411760175269354,-0.06158295859159797
iid_gaussian,250,0.000629940788348712,0.01,,,,,,,,iid_gaussian,1.0,-0.1601040307608027,-0.2206787290697474,-0.11691747757269988,0.02735,-0.24344452787544152,-0.10316263330707692,0.41915,-0.1267954171914037,-0.08448642430351493,0.0357,-0.23436701211347488,-0.062028103485230746,0.43045,-0.12542928045939042,-0.07280180058107957,0.01425,-0.2650230032975352,-0.2009449411582048,0.29105,-0.14478371005417767,-0.23834103386425207,0.028,-0.24252335580022794,-0.09898836567785545,0.4014,-0.12910058560721765,-0.10420262468408333,0.03255,-0.2373423596445559,-0.0755108144996695,0.39295,-0.1302136833866967,-0.11372299582608744
iid_gaussian,250,0.000629940788348712,0.01,,,,,,,,iid_gaussian,1.0,-0.11339015980265782,-0.2206787290697474,-0.11691747757269988,0.01275,-0.26870394920278245,-0.21762505310539595,0.3069,-0.1424114659202502,-0.21805113210467636,0.0115,-0.27137601202426215,-0.22973343723803777,0.2901,-0.1449467025021865,-0.23973511498362512,0.0168,-0.25853112018505847,-0.17152713936170763,0.348,-0.13633948451585381,-0.16611722512639082,0.0135,-0.26702963153405024,-0.21003792553859257,0.28705,-0.14558012637377005,-0.24515281543982667,0.01085,-0.27328504104175055,-0.23838415326099005,0.2946,-0.14434381170336064,-0.23457856515598297
iid_gaussian,250,0.000629940788348712,0.01,,,,,,,,iid_gaussian,1.0,-0.05719370000604899,-0.2206787290697474,-0.11691747757269988,0.1572,-0.17409142977682368,0.21110915170351285,0.7036,-0.0964372919031456,0.17516787134600642,0.24335,-0.15370781943414555,0.30347695909756267,0.76305,-0.0903708452247057,0.22705443958528224,0.54345,-0.11224959637040323,0.4913438334379487,0.92575,-0.07091827297756584,0.39343309101525475,0.1381,-0.1796392493507452,0.18596934961516523,0.7114,-0.09563084012895223,0.18206548657801402,0.15,-0.1760877708445445,0.20206278336463296,0.69935,-0.09681100400214768,0.17197149637486744
iid_gaussian,250,0.000629940788348712,0.01,,,,,,,,iid_gaussian,1.0,-0.1937839852840447,-0.2206787290697474,-0.11691747757269988,0.0007,-0.3493956238021295,-0.583277306675534,0.09495,-0.19527357967876416,-0.670182967788901,0.0031,-0.3158295199425555,-0.431173368062741,0.13935,-0.1792929235348854,-0.5334997577534989,0.00325,-0.3117722238395511,-0.4127878348484273,0.14245,-0.1784285238471838,-0.5261065116311292,0.00085,-0.34334550467585817,-0.5558613470505392,0.0967,-0.1943779536302665,-0.6625226413168323,0.00085,-0.3430837722564553,-0.5546753133058908,0.0991,-0.19305105133732742,-0.6511735913673582
iid_gaussian,250,0.000629940788348712,0.01,,,,,,,,iid_gaussian,1.0,-0.09394329590479487,-0.2206787290697474,-0.11691747757269988,0.0734,-0.20628644581057104,0.06521826240275087,0.57155,-0.10942422353505157,0.06409011033435068,0.05625,-0.21681049056799903,0.017528823543866666,0.5327,-0.11336074271515703,0.03042089969253102,0.19725,-0.16390600932253654,0.25726412321899567,0.73185,-0.09355426854323756,0.1998264888577925,0.0679,-0.2094589720408745,0.050842041170750085,0.55775,-0.11073955603128366,0.052840017332522055,0.0786,-0.20360043424187024,0.07738985492561637,0.5685,-0.10976994141522128,0.06113317106960524
iid_gaussian,250,0.000629940788348712,0.01,,,,,,,,iid_gaussian,1.0,-0.13773351994597272,-0.2206787290697474,-0.11691747757269988,0.00255,-0.3210333538116945,-0.454754407753677,0.14435,-0.17763347758972842,-0.5193064482534274,0.0013,-0.3335187531034326,-0.5113316743727537,0.1418,-0.17861375708848165,-0.5276908191713143,0.01385,-0.266059434508786,-0.20564150260578873,0.23105,-0.15630636567683087,-0.3368947818741538,0.0023,-0.32336735915692627,-0.46533089310444264,0.1343,-0.18075181731832754,-0.5459777363562701,0.00265,-0.31917404153300155,-0.44632898185725856,0.14885,-0.17638821141588384,-0.508655635392106
iid_gaussian,250,0.000629940788348712,0.01,,,,,,,,iid_gaussian,1.0,-0.10933059653119166,-0.2206787290697474,-0.11691747757269988,0.0691,-0.20880376385536187,0.05381110025621155,0.55505,-0.11099376948031439,0.05066571923519387,0.0616,-0.21335336524227302,0.033194698276330585,0.583,-0.10840682752520925,0.07279194029993219,0.08665,-0.19882815885981928,0.0990152984025119,0.5562,-0.11089734601230683,0.0514904331274997,0.07015,-0.20834995063103368,0.05586754324118434,0.55245,-0.11131606884189889,0.047909079524214054,0.07375,-0.20598837810558046,0.06656894856197908,0.53725,-0.1128570699900296,0.03472883325031959
iid_gaussian,250,0.000629940788348712,0.01,,,,,,,,iid_gaussian,1.0,-0.0912336805076383,-0.2206787290697474,-0.11691747757269988,0.0845,-0.19969860006127568,0.09507091642638907,0.58385,-0.10831494330395278,0.07357782982786303,0.15505,-0.17465137131216651,0.2085717909995464,0.6775,-0.0990723699025531,0.15262994071224814,0.2594,-0.1507510473284137,0.3168754960485224,0.81125,-0.08541665430914855,0.26942783848517393,0.0873,-0.19865739488348833,0.09978911098087317,0.59945,-0.10673549115099377,0.08708694912935402,0.0877,-0.19837991992554768,0.1010464816350831,0.59945,-0.10673269167107352,0.08711089319638637
iid_gaussian,250,0.000629940788348712,0.01,,,,,,,,iid_gaussian,1.0,-0.23729563874533446,-0.2206787290697474,-0.11691747757269988,0.0062,-0.2889540511965331,-0.309387870840994,0.2643,-0.14973594972015875,-0.2806977436461728,0.02025,-0.25415224859143654,-0.15168439506061118,0.34245,-0.1371637702073827,-0.17316737458771794,0.0037,-0.3081742749082335,-0.3964838215595868,0.17065,-0.17042966262044706,-0.45769192218907595,0.0085,-0.27920361721452336,-0.26520402936650356,0.2626,-0.1500208237740433,-0.28313428315933,0.00725,-0.28344133556966983,-0.2844071413882657,0.25455,-0.1516117199361392,-0.2967412835421998
iid_gaussian,250,0.000629940788348712,0.01,,,,,,,,iid_gaussian,1.0,-0.10263385256038693,-0.2206787290697474,-0.11691747757269988,0.0783,-0.20375268202207578,0.07669994801502593,0.54555,-0.11201374600591407,0.04194181801208157,0.0702,-0.2082861878113292,0.05615648282305185,0.5246,-0.11429525467902038,0.022427980385130934,0.0398,-0.22990433280487735,-0.04180558667353085,0.4096,-0.12803488023205678,-0.0950876027276935,0.0756,-0.20512243614394968,0.07049294234824516,0.55925,-0.11058938083279476,0.05412447198897421,0.07025,-0.20827098597175203,0.05622536956914315,0.5444,-0.11212964989693447,0.04095048725959996
iid_gaussian,250,0.000629940788348712,0.01,,,,,,,,iid_gaussian,1.0,-0.16057142768768393,-0.2206787290697474,-0.11691747757269988,0.0054,-0.29566810219090517,-0.339812420695321,0.2138,-0.1599976992954643,-0.36846691031267703,0.0028,-0.31759930907583367,-0.43919312212213124,0.1518,-0.17558854544959518,-0.5018160594545271,0.0054,-0.2961200332365135,-0.34186033463570575,0.19115,-0.16520959938856927,-0.41304450641984736,0.00595,-0.2907476514136785,-0.31751552421613416,0.21195,-0.16044306456327764,-0.3722761377871271,0.005,-0.2977460609038289,-0.34922863729980835,0.21345,-0.16004858405352526,-0.3689021297436582
iid_gaussian,250,0.000629940788348712,0.01,,,,,,,,iid_gaussian,1.0,-0.1213295744160856,-0.2206787290697474,-0.11691747757269988,0.0346,-0.23539769584862588,-0.06669862039230086,0.41445,-0.12742547390493064,-0.08987532531820862,0.01545,-0.2619512250213412,-0.18702525669589704,0.3155,-0.140987771037222,-0.20587421114653348,0.06395,-0.21177181204900294,0.040361466002141695,0.46235,-0.1213295744160855,-0.03773684597875584,0.0306,-0.23934065169650606,-0.0845660236735386,0.4016,-0.12908141869316608,-0.10403868927896262,0.03195,-0.23805248009825675,-0.07872870711983407,0.42065,-0.12659366133317923,-0.08276079814040335
iid_gaussian,250,0.000629940788348712,0.01,,,,,,,,iid_gaussian,1.0,-0.12835959344237025,-0.2206787290697474,-0.11691747757269988,0.14665,-0.1770783535374477,0.19757398330184978,0.69365,-0.09747751703769748,0.16627078293674724,0.1942,-0.1645438184935838,0.25437390732127013,0.7562,-0.09119162096968657,0.22003431084130978,0.1714,-0.1702531453929441,0.22850223893063054,0.7136,-0.0953794105737156,0.18421597391708866,0.12495,-0.18383590142195189,0.16695232840565716,0.68705,-0.09813261793717355,0.16066767796838421,0.10595,-0.19031295533182815,0.13760172476035004,0.69385,-0.09744096041875125,0.16658345320388931
iid_gaussian,250,0.000629940788348712,0.01,,,,,,,,iid_gaussian,1.0,-0.050315341623375316,-0.2206787290697474,-0.11691747757269988,0.4084,-0.12823686211553578,0.4188979488140634,0.9165,-0.07232666748363666,0.38138703481125336,0.39455,-0.1299871438083624,0.4109665922206809,0.88825,-0.07647320825821532,0.34592150082382767,0.75355,-0.09144357421714285,0.5856257891160805,0.97995,-0.058976871881385985,0.49556838630294714,0.3998,-0.12925244726099439,0.41429585077888026,0.915,-0.07263455481250869,0.3787536618095087,0.4293,-0.12553010446606602,0.43116355166976167,0.91595,-0.0724059996586551,0.380708503451653
iid_gaussian,250,0.000629940788348712,0.01,,,,,,,,iid_gaussian,1.0,-0.08094551912225914,-0.2206787290697474,-0.11691747757269988,0.21075,-0.16074239720117625,0.27159995039498236,0.7885,-0.08780009447016605,0.2490421766448775,0.3634,-0.1343012270212727,0.3914174348048486,0.87055,-0.07875571824196728,0.32639909894569374,0.44025,-0.12417282938695605,0.4373140088743661,0.8511,-0.080945519122259,0.3076696418469457,0.2391,-0.15455281731012233,0.2996478728981868,0.77525,-0.08919530533676734,0.2371088806521228,0.2313,-0.15625711531670322,0.2919248901994681,0.805,-0.08613552226985398,0.2632793312163746
iid_gaussian,250,0.000629940788348712,0.01,,,,,,,,iid_gaussian,1.0,-0.0713908293856514,-0.2206787290697474,-0.11691747757269988,0.12645,-0.18330015621434861,0.16938004407114815,0.6657,-0.1002540057854317,0.14252336034966842,0.1166,-0.18651870200349416,0.1547952863887333,0.6408,-0.10281122663145673,0.12065134515472091,0.33075,-0.13877406886733695,0.3711488667153044,0.8365,-0.08263672270837326,0.2932047079360797,0.12915,-0.182407389167217,0.17342559504425284,0.6897,-0.09787517724892156,0.16286957877566016,0.11115,-0.1884379011314832,0.1460984847709278,0.6694,-0.09985769875496123,0.14591299070004993
iid_gaussian,250,0.000629940788348712,0.01,,,,,,,,iid_gaussian,1.0,-0.16226767720905438,-0.2206787290697474,-0.11691747757269988,0.03015,-0.23995902773777034,-0.08736817884214496,0.44275,-0.12389955578926035,-0.05971800248785709,0.00705,-0.28495615644596317,-0.29127151333149265,0.27535,-0.14763022028101724,-0.26268735304539925,0.01995,-0.25444299771286677,-0.15300191724616963,0.32535,-0.13951523361972432,-0.19327953797988018,0.0314,-0.23850330964562053,-0.08077162964917893,0.4109,-0.12787418310752163,-0.09371315360450552,0.03285,-0.23715997375446396,-0.07468433751722184,0.42885,-0.12558121281817008,-0.07410128430185342
iid_gaussian,250,0.000629940788348712,0.01,,,,,,,,iid_gaussian,1.0,-0.07867490087108378,-0.2206787290697474,-0.11691747757269988,0.1682,-0.1709940476430899,0.2251448593894803,0.7341,-0.0933890204774322,0.20123986236905916,0.36555,-0.13400287328912874,0.3927694170887852,0.8924,-0.07585291191453042,0.3512269209933588,0.46915,-0.12050017784361047,0.4539565351333641,0.8716,-0.07862745993310204,0.32749609754272124,0.18555,-0.16662013324292205,0.24496514029559988,0.7247,-0.09427555055267872,0.19365733413075298,0.17525,-0.16915790819434615,0.23346527820140586,0.7457,-0.09217056166909703,0.21166139072932955
iid_gaussian,250,0.000629940788348712,0.01,,,,,,,,iid_gaussian,1.0,-0.10186234795572391,-0.2206787290697474,-0.11691747757269988,0.07365,-0.20600914734505327,0.06647483328607388,0.5367,-0.11294469912684078,0.03397933763486132,0.04995,-0.22073637577443508,-0.00026122456355760456,0.48295,-0.11891236681509337,-0.0170623698339118,0.0892,-0.19764230639351776,0.10438895843445234,0.5634,-0.11022110235220824,0.05727437299806441,0.0794,-0.2029804891508547,0.08019912020292182,0.5425,-0.11232943650426755,0.03924170418045038,0.06205,-0.21295808546688103,0.03498589843893016,0.5427,-0.11231615920705196,0.0393552654502557
iid_gaussian,250,0.000629940788348712,0.01,,,,,,,,iid_gaussian,1.0,-0.12707516521942158,-0.2206787290697474,-0.11691747757269988,0.021,-0.252924700754904,-0.14612179352802493,0.3656,-0.1339877090959556,-0.14600239312074922,0.0448,-0.22562053502768825,-0.02239366693279695,0.45605,-0.1222251549710408,-0.04539678334268361,0.1299,-0.1821539358364483,0.17457411231112815,0.61375,-0.10539557955975239,0.09854726814289265,0.01995,-0.2543656103678652,-0.15265123847741022,0.3583,-0.1349570865032409,-0.1542935180013946,0.0233,-0.24950201484894532,-0.13061198014280792,0.36875,-0.13352800803011633,-0.14207055097547702
iid_gaussian,250,0.000629940788348712,0.01,,,,,,,,iid_gaussian,1.0,-0.13154025918189785,-0.2206787290697474,-0.11691747757269988,0.08965,-0.19752566292536156,0.10491752531830158,0.61525,-0.1052848305494433,0.09949450898838742,0.05675,-0.21644011308063885,0.019207179627035532,0.49015,-0.11807255992169818,-0.009879466893904447,0.0877,-0.19840164822841913,0.10094802038798856,0.5235,-0.11441626571809924,0.021392967985007862,0.09175,-0.19645417776142005,0.1097729328533108,0.60865,-0.10586785413359959,0.09450788426588815,0.10745,-0.18965690891660386,0.14057458226224795,0.60945,-0.1057962002891048,0.09512074254834835
iid_gaussian,250,0.000629940788348712,0.01,,,,,,,,iid_gaussian,1.0,-0.10456300947902622,-0.2206787290697474,-0.11691747757269988,0.01015,-0.2752530806496862,-0.24730227426083326,0.2547,-0.15158845937446067,-0.2965423350003612,0.0332,-0.23661875208132382,-0.07223180538863105,0.40865,-0.12821227389925172,-0.09660485806776557,0.04915,-0.22144054488845902,-0.0034521488406381337,0.4234,-0.12625144295851642,-0.07983379029035789,0.0105,-0.27437801755627844,-0.24333694829989225,0.2749,-0.14774756743413503,-0.2636910280780292,0.0124,-0.2692281985455345,-0.22000067555420175,0.28,-0.14683478961716026,-0.2558840018239159
iid_gaussian,250,0.000629940788348712,0.01,,,,,,,,iid_gaussian,1.0,-0.11795004266689667,-0.2206787290697474,-0.11691747757269988,0.221,-0.15828116572655668,0.28275295768750525,0.78375,-0.08832437058294752,0.2445580214640965,0.39655,-0.1296760508490467,0.4123763019857637,0.86715,-0.0791346620440454,0.32315797700271914,0.20025,-0.16311855647276563,0.2608324456082461,0.74115,-0.09261131226025923,0.20789163277429545,0.234,-0.15569542040808873,0.29447019626943804,0.78095,-0.0886227525658794,0.24200594807758044,0.2001,-0.16314479921142078,0.26071352731120057,0.78275,-0.08843223311108928,0.2436354688194358
iid_gaussian,250,0.000629940788348712,0.01,,,,,,,,iid_gaussian,1.0,-0.13179819854104025,-0.2206787290697474,-0.11691747757269988,0.00245,-0.32300307397953726,-0.46368014416763015,0.14375,-0.17790772042431713,-0.5216520585101847,0.001,-0.3390037476859687,-0.5361867866242046,0.11595,-0.18672523669982158,-0.5970686382941753,0.00595,-0.29045712321898787,-0.31619900315442917,0.1794,-0.16808366455004847,-0.43762650409159914,0.0026,-0.32020299630912047,-0.45099166403082547,0.14235,-0.17846251840162447,-0.5263972684550569,0.00165,-0.3275084919356621,-0.4840963300642821,0.14345,-0.17808015575262337,-0.5231269049735718
iid_gaussian,250,0.000629940788348712,0.01,,,,,,,,iid_gaussian,1.0,-0.08011480986659897,-0.2206787290697474,-0.11691747757269988,0.15815,-0.17388602468828437,0.21203993959324366,0.69385,-0.09744089777760231,0.16658398897621554,0.0996,-0.1926808449241957,0.12687169381287633,0.60975,-0.1057805643401796,0.09525447746334836,0.23435,-0.15557520631115593,0.2950149433659958,0.7632,-0.09036527905195074,0.22710204729005418,0.1468,-0.1770163366995213,0.1978550110120773,0.6929,-0.0975468285679716,0.16567795856426606,0.1382,-0.17959422757761503,0.18617336462522063,0.68205,-0.09860568149893256,0.15662154584528176
iid_gaussian,250,0.000629940788348712,0.01,,,,,,,,iid_gaussian,1.0,-0.05011496133522103,-0.2206787290697474,-0.11691747757269988,0.30745,-0.14229994937198623,0.35517142965323534,0.87245,-0.07855748836479108,0.3280945672477099,0.47525,-0.1198504357388327,0.45690082481418975,0.9287,-0.07042247756525638,0.3976736495921465,0.4216,-0.12644529483516845,0.4270163899883421,0.8518,-0.0808917792152942,0.3081292814840683,0.31665,-0.14084768067489786,0.3617523480009632,0.87405,-0.07833555170645873,0.3299928006251308,0.3184,-0.14056854433766797,0.3630172471528052,0.87595,-0.07813136866418754,0.33173918659333834
iid_gaussian,250,0.000629940788348712,0.01,,,,,,,,iid_gaussian,1.0,-0.24185401383422941,-0.2206787290697474,-0.11691747757269988,0.0,-0.43467769789542227,-0.9697308378010401,0.00615,-0.2892376122199586,-1.4738612072785198,0.0,-0.43100685254532817,-0.9530964962604292,0.0071,-0.2844573861388311,-1.4329757367708695,0.0,-0.4382801943922316,-0.9860554582662536,0.00625,-0.2885771194677102,-1.4682119855713742,0.0,-0.4387018986795759,-0.987966400426932,0.0061,-0.2895097250083874,-1.4761885991627623,0.0,-0.4393634008911538,-0.9909639807300559,0.0063,-0.28844214152860864,-1.4670575137002408
iid_gaussian,250,0.000629940788348712,0.01,,,,,,,,iid_gaussian,1.0,-0.09692358628596226,-0.2206787290697474,-0.11691747757269988,0.31415,-0.14124997698339745,0.35992935259857245,0.8635,-0.07963838865168354,0.3188495825855977,0.3182,-0.1405889903824329,0.3629245964254283,0.8599,-0.07999709984318357,0.3157815109940174,0.2912,-0.1447563706967205,0.34404021943152924,0.74155,-0.09257908355376279,0.20816728622804362,0.34415,-0.1369160121090778,0.3795686032530832,0.8841,-0.0771364903500373,0.3402484217804524,0.36085,-0.1346299777376201,0.3899277093667277,0.87445,-0.07829399236763943,0.33034825936134465
iid_gaussian,250,0.000629940788348712,0.01,,,,,,,,iid_gaussian,1.0,-0.14960017309927853,-0.2206787290697474,-0.11691747757269988,0.01225,-0.27017857320007077,-0.22430727392252894,0.28795,-0.1453763551331062,-0.2434099516277235,0.0058,-0.29167157956243506,-0.3217022809219178,0.23925,-0.15453091462406032,-0.3217092759119116,0.03685,-0.23332350037800215,-0.05729945682376241,0.3581,-0.1349903989071845,-0.1545784403640319,0.0111,-0.2724358890860425,-0.23453624295587097,0.2869,-0.14562389912290302,-0.24552720556559515,0.0104,-0.2747185159652181,-0.24487990810564708,0.28325,-0.14629655729146207,-0.251280478579382
iid_gaussian,250,0.000629940788348712,0.01,,,,,,,,iid_gaussian,1.0,-0.10679998865372502,-0.2206787290697474,-0.11691747757269988,0.10835,-0.1894323541529564,0.1415921464135101,0.60465,-0.1062506259349377,0.09123402128761698,0.1559,-0.1744269329922134,0.20958882748919455,0.72335,-0.09440583822763267,0.19254297828200545,0.1628,-0.17259436447454127,0.21789306471856945,0.6166,-0.1051325083143802,0.10079732733706749,0.1062,-0.1902438560606716,0.13791484633508377,0.6003,-0.10666237504897855,0.08771231416059808,0.09985,-0.19254874222280668,0.1274703138155648,0.60765,-0.10595834120042866,0.09373394465730563
iid_gaussian,250,0.000629940788348712,0.01,,,,,,,,iid_gaussian,1.0,-0.07950453791919904,-0.2206787290697474,-0.11691747757269988,0.2284,-0.15685690703076555,0.2892069494328582,0.82515,-0.083945702792596,0.28200894737574084,0.1814,-0.1676264013503633,0.24040526217919467,0.7416,-0.09257380900877085,0.20821239962855007,0.2625,-0.15005144529741768,0.32004572470601533,0.76405,-0.09031389882980509,0.22754150444575363,0.24365,-0.15363881577198127,0.30378964742260045,0.82325,-0.08411009113216286,0.28060292713839313,0.23895,-0.15460591761318618,0.2994072502369648,0.81145,-0.08537492894876414,0.26978471721067043
iid_gaussian,250,0.000629940788348712,0.01,,,,,,,,iid_gaussian,1.0,-0.16161791468887568,-0.2206787290697474,-0.11691747757269988,0.0346,-0.23530390058046563,-0.06627358954063864,0.41585,-0.12725375131806382,-0.08840657496170148,0.03145,-0.23849866971450862,-0.08075060392036733,0.3949,-0.12991274086099666,-0.1111490220118396,0.025,-0.24636598318181985,-0.11640113308770135,0.3281,-0.13914742756228743,-0.19013367762544187,0.037,-0.23306667368382072,-0.056135653247114795,0.41725,-0.12701114832701774,-0.08633158158960076,0.0416,-0.22845675605463092,-0.035245929762560926,0.4208,-0.1265680823281804,-0.08254201985737952
iid_gaussian,250,0.000629940788348712,0.01,,,,,,,,iid_gaussian,1.0,-0.08746128767566094,-0.2206787290697474,-0.11691747757269988,0.0831,-0.20023631641842393,0.09263426854729828,0.57255,-0.10933842331262306,0.06482396316978467,0.0572,-0.21624215910743427,0.020104202978760602,0.5252,-0.11423373129297063,0.02295419243936808,0.23155,-0.1562054655080382,0.29215893998252934,0.71475,-0.09526533433684609,0.1851916726683603,0.07335,-0.20635275548784973,0.06491778180111693,0.56865,-0.10974972013796178,0.06130612448665902,0.07185,-0.20723466062641302,0.06092145128806348,0.5858,-0.10811471749791382,0.07529036939162888
iid_gaussian,250,0.000629940788348712,0.01,,,,,,,,iid_gaussian,1.0,-0.1007375655945176,-0.2206787290697474,-0.11691747757269988,0.09405,-0.19570769584286907,0.11315559651871122,0.61915,-0.10490927980124073,0.10270661000184841,0.0845,-0.19968191910594577,0.09514650574757211,0.5985,-0.10687335374387019,0.08590780469570258,0.08915,-0.19772391086468716,0.1040191698666398,0.53225,-0.11340206059675094,0.03006750614990848,0.08295,-0.2003195137619382,0.09225726191931474,0.59525,-0.1072215404536653,0.08292974942951188,0.0865,-0.1988681688324437,0.09883399423788719,0.59095,-0.10765440553995838,0.07922743652232556
iid_gaussian,250,0.000629940788348712,0.01,,,,,,,,iid_gaussian,1.0,-0.16935126282434423,-0.2206787290697474,-0.11691747757269988,0.01455,-0.26467371551376245,-0.19936215252585612,0.30025,-0.14337051001890833,-0.22625387577113795,0.0056,-0.2937452315611871,-0.3310989817616106,0.23265,-0.15592787553866644,-0.33365754013731347,0.01305,-0.2681535967855744,-0.2151311452442802,0.349,-0.13619116484007976,-0.1648486408321237,0.01605,-0.260357123704178,-0.1798016274685447,0.3197,-0.1403581937289724,-0.2004894105049176,0.01365,-0.2666518944256746,-0.20832621952157884,0.2968,-0.1439923465547466,-0.2315724692675775
iid_gaussian,250,0.000629940788348712,0.01,,,,,,,,iid_gaussian,1.0,-0.13777864288710184,-0.2206787290697474,-0.11691747757269988,0.0228,-0.2500536037681828,-0.13311149118115156,0.40815,-0.1282769108626888,-0.0971577006776046,0.02445,-0.24748663318880135,-0.12147932984778559,0.38155,-0.1318254806256464,-0.1275087639799331,0.0456,-0.22469276463673293,-0.018189499205049666,0.44375,-0.12376691914196072,-0.05858355578191316,0.0255,-0.24560773081527212,-0.11296513193913542,0.39295,-0.13022051325063133,-0.11378141193355422,0.02775,-0.2428719419309996,-0.10056797478762823,0.40855,-0.12822140363252826,-0.09668294505241568
iid_gaussian,250,0.000629940788348712,0.01,,,,,,,,iid_gaussian,1.0,-0.11505931456762154,-0.2206787290697474,-0.11691747757269988,0.16035,-0.17323370506314287,0.21499590924147982,0.7317,-0.09357701032941526,0.1996319774241742,0.17675,-0.16876784286631594,0.23523284922954482,0.7343,-0.09335407585364244,0.20153874517525058,0.1146,-0.1872582518448155,0.15144403525347952,0.59065,-0.1076802974847039,0.07900598165276237,0.1764,-0.16889459948363597,0.23465845486967893,0.74745,-0.09202080474641885,0.2129422678555492,0.17715,-0.16866780789250094,0.2356861551473226,0.7406,-0.09267503326228722,0.20734662442010504
iid_gaussian,250,0.000629940788348712,0.01,,,,,,,,iid_gaussian,1.0,-0.12239808632115498,-0.2206787290697474,-0.11691747757269988,0.0999,-0.19249773066748846,0.1277014713699574,0.639,-0.10298316624935555,0.1191807385228603,0.1993,-0.16333619018318318,0.25984624403215867,0.7667,-0.09007580406274274,0.22957793879248595,0.16655,-0.1714400472653682,0.22312382354176452,0.6875,-0.09809240446087905,0.16101162548700473,0.097,-0.19421728598124485,0.11990935057514843,0.6118,-0.10559717518636125,0.09682301244738718,0.09145,-0.1966203944139507,0.10901972635610403,0.61025,-0.10574842804105639,0.09552934055302828
iid_gaussian,250,0.000629940788348712,0.01,,,,,,,,iid_gaussian,1.0,-0.10310790585636295,-0.2206787290697474,-0.11691747757269988,0.11295,-0.18782540006926082,0.14887401762270888,0.6195,-0.10487064659701328,0.10303704138840845,0.17325,-0.16975846952774973,0.2307438499244931,0.7377,-0.09299582967059564,0.2046028395303828,0.2604,-0.15049863408238667,0.31801930019807073,0.7944,-0.08714734181495243,0.25462519698337,0.08915,-0.19769757064455523,0.10413852989849678,0.61135,-0.1056451180770647,0.09641295492905216,0.11295,-0.18784278308894067,0.14879524691493323,0.62255,-0.10454734844824617,0.1058022237672883
iid_gaussian,250,0.000629940788348712,0.01,,,,,,,,iid_gaussian,1.0,-0.13875523278555144,-0.2206787290697474,-0.11691747757269988,0.32775,-0.13922460112175092,0.3691072913613355,0.8568,-0.08033584311446774,0.312884225846264,0.3557,-0.13531783063745909,0.38681072159568797,0.873,-0.07845971256002551,0.32893084773199227,0.1524,-0.17546500496487008,0.20488483097338814,0.6737,-0.09942259566509945,0.14963444534391382,0.33915,-0.13761643387967815,0.37639465996660104,0.8674,-0.07909674511787625,0.32348228203355234,0.3341,-0.13828901248804507,0.3733468872555558,0.8511,-0.08094641434928462,0.30766198493333274
iid_gaussian,250,0.000629940788348712,0.01,,,,,,,,iid_gaussian,1.0,-0.06838660066282815,-0.2206787290697474,-0.11691747757269988,0.5614,-0.11040883975217204,0.4996851748349684,0.95445,-0.0658219680125651,0.4370219972318795,0.59755,-0.10698479474567317,0.5152011469494202,0.9694,-0.06216277383145101,0.4683192357378914,0.6849,-0.09830842701916002,0.5545178847387289,0.9466,-0.06747365118447116,0.42289508305107165,0.56655,-0.10994278355184076,0.5017970965516464,0.96085,-0.06462502802404504,0.44725947424018897,0.57005,-0.1096087712027503,0.5033106649435728,0.96115,-0.06457726170872198,0.44766802150202467
iid_gaussian,250,0.000629940788348712,0.01,,,,,,,,iid_gaussian,1.0,-0.09924400678243188,-0.2206787290697474,-0.11691747757269988,0.2789,-0.14703169577529546,0.3337296422038717,0.8271,-0.08369372180591808,0.28416415113063914,0.15255,-0.17544926256343543,0.20495616726167026,0.7133,-0.09541888650180498,0.18387833467863662,0.2776,-0.14724885360102277,0.33274559708705087,0.73305,-0.09346760496868894,0.20056772597946004,0.2747,-0.14781143854226161,0.33019625785707446,0.82295,-0.0841514462387924,0.2802492152085081,0.2461,-0.15319122451810668,0.30581789570806667,0.81685,-0.08481247147372047,0.2745954391550772
iid_gaussian,250,0.000629940788348712,0.01,,,,,,,,iid_gaussian,1.0,-0.08540467485917233,-0.2206787290697474,-0.11691747757269988,0.06355,-0.2119377794852003,0.03960938882235655,0.5109,-0.11584317960443805,0.009188514759000252,0.10915,-0.18912658685493142,0.1429777230810662,0.59045,-0.1077094835265957,0.07875635223466565,0.20235,-0.1625308619176545,0.26349556840938104,0.72255,-0.0944740924633215,0.1919591969936485,0.0575,-0.21609077749220404,0.020790184884984055,0.51515,-0.11539645997066425,0.013009326181279037,0.06305,-0.21210299904816668,0.03886070061093328,0.5287,-0.11379131757753017,0.026738175164836685
iid_gaussian,250,0.000629940788348712,0.01,,,,,,,,iid_gaussian,1.0,-0.152409275826832,-0.2206787290697474,-0.11691747757269988,0.01,-0.2756744303910981,-0.24921160980571386,0.2777,-0.14723722770703196,-0.2593260713778152,0.01195,-0.2705479468879776,-0.22598108131422415,0.26525,-0.1495566043973956,-0.2791637957156623,0.01485,-0.2641528175115811,-0.1970017165908788,0.25045,-0.15240927582683225,-0.30356281191632273,0.0099,-0.2762935749905615,-0.2520172476760847,0.27035,-0.14854331575870078,-0.270497096264635,0.01025,-0.2749810921457759,-0.24606976533232505,0.25795,-0.15106703876840727,-0.29208260308620687
iid_gaussian,250,0.000629940788348712,0.01,,,,,,,,iid_gaussian,1.0,-0.1326722425652228,-0.2206787290697474,-0.11691747757269988,0.12125,-0.185085059609593,0.1612918001213642,0.6238,-0.1044366426549159,0.10674909497618384,0.08715,-0.19871033164319674,0.0995492294121712,0.54525,-0.11203092395638933,0.04179489429432877,0.1097,-0.1889739151130481,0.14366955116312422,0.5881,-0.1079047642684544,0.07708610800845692,0.107,-0.18994504705507484,0.13926889167899328,0.62595,-0.10416861484801193,0.10904154784523674,0.11645,-0.18660365531272902,0.15441032264713042,0.62125,-0.10470261117010092,0.10447425531399865
iid_gaussian,250,0.000629940788348712,0.01,,,,,,,,iid_gaussian,1.0,-0.11366381383061613,-0.2206787290697474,-0.11691747757269988,0.06865,-0.20911451346166632,0.05240294638649158,0.5225,-0.11453758339188848,0.02035533292558053,0.0524,-0.21938538741732935,0.005860744521549551,0.5092,-0.1160018096928778,0.007831745080650737,0.1436,-0.17793055088013568,0.19371227290375045,0.6242,-0.10436779172578381,0.107337979808131,0.07545,-0.20521440287727508,0.07007619745528208,0.53605,-0.11306475020706894,0.032952535802316614,0.0787,-0.20349375667181505,0.07787326159786288,0.53645,-0.11299414529474586,0.03355642252472026
iid_gaussian,250,0.000629940788348712,0.01,,,,,,,,iid_gaussian,1.0,-0.07216024250267962,-0.2206787290697474,-0.11691747757269988,0.0762,-0.2049450949685721,0.07129655933537,0.56605,-0.10997460879389553,0.0593826425521987,0.19785,-0.1637515614662141,0.25796399971807416,0.78625,-0.0880526842045693,0.24688176624561803,0.3396,-0.13757981608985365,0.376560592541883,0.86135,-0.07982869762874648,0.31722186206840985,0.08355,-0.20012354500251187,0.09314528932572784,0.5917,-0.10758046164616314,0.0798598816907501,0.0671,-0.20981463884637683,0.0492303461650664,0.56495,-0.11008489416703696,0.05843936721449013
iid_gaussian,250,0.000629940788348712,0.01,,,,,,,,iid_gaussian,1.0,-0.22186546935918278,-0.2206787290697474,-0.11691747757269988,0.0026,-0.32034636768183383,-0.4516413477285599,0.1444,-0.17762473185021893,-0.5192316455832788,0.00495,-0.29848709872302465,-0.3525866311686309,0.18645,-0.16642766524129,-0.4234626738145666,0.00145,-0.3306107392089179,-0.4981540840051947,0.1292,-0.1823964057520957,-0.5600439689496439,0.00325,-0.31331546888579087,-0.4197810101886387,0.1605,-0.17318492551676162,-0.4812577991949438,0.00325,-0.3114491171846895,-0.4113236853301495,0.1442,-0.1777495360209314,-0.5202991007944543
iid_gaussian,250,0.000629940788348712,0.01,,,,,,,,iid_gaussian,1.0,-0.10880543927789707,-0.2206787290697474,-0.11691747757269988,0.1056,-0.1904118868850088,0.13715341896487226,0.64425,-0.10247169996929609,0.12355533067689844,0.16635,-0.1714712887857726,0.2229822533934494,0.7371,-0.09306661151002563,0.2039974395431484,0.12355,-0.18417576987073067,0.1654122232482119,0.5994,-0.10675755261034764,0.08689825655907388,0.10225,-0.19168615340270104,0.13137911292702345,0.6427,-0.10266819732989643,0.12187468066049555,0.12225,-0.18475490503426084,0.1627878871104633,0.65125,-0.10173311737216857,0.12987245804280712
iid_gaussian,250,0.000629940788348712,0.01,,,,,,,,iid_gaussian,1.0,-0.10700190575307228,-0.2206787290697474,-0.11691747757269988,0.02525,-0.24591168948099767,-0.11434251283582111,0.3977,-0.12950398011089592,-0.10765287448465258,0.009,-0.2778008979640341,-0.25884764306501323,0.2727,-0.1480906651977923,-0.2666255573783549,0.01375,-0.2665025079192768,-0.20764927839985173,0.2611,-0.15038150997255245,-0.2862192470671844,0.0288,-0.24135092446001427,-0.0936755231345077,0.38925,-0.1306950014954947,-0.11783972942991258,0.02855,-0.2416989556992753,-0.09525261776763398,0.39315,-0.13018508288939257,-0.11347837459496014
iid_gaussian,250,0.000629940788348712,0.01,,,,,,,,iid_gaussian,1.0,-0.12039805585797651,-0.2206787290697474,-0.11691747757269988,0.08215,-0.20089027057727654,0.08967089205147878,0.58955,-0.10781072650184625,0.0778904168984573,0.07795,-0.20401396850184805,0.07551593503437434,0.56095,-0.11043697954854409,0.05542796644861059,0.12345,-0.1842569097887944,0.16504453979088116,0.6267,-0.10409795545425793,0.10964590054956246,0.0839,-0.1999705111459045,0.093838758321369,0.59755,-0.10698355307300389,0.08496526529593512,0.09305,-0.19606679138705493,0.11152836427163601,0.59465,-0.10727026067071538,0.08251304340692617
iid_gaussian,250,0.000629940788348712,0.01,,,,,,,,iid_gaussian,1.0,-0.1923826430931538,-0.2206787290697474,-0.11691747757269988,0.0025,-0.32215860356039716,-0.45985344812537954,0.118,-0.1860567437646565,-0.5913509906931192,0.00045,-0.3536006413639918,-0.602332235891359,0.089,-0.19780027571007602,-0.691793902986684,0.0044,-0.3016745847858803,-0.3670306424980971,0.13935,-0.17928657521149155,-0.5334454602821058,0.00115,-0.33590464656948493,-0.5221432894120004,0.1323,-0.18154266245312384,-0.5527418673588788,0.0019,-0.32488458246815416,-0.47220615161994894,0.13185,-0.18163742353045642,-0.5535523627552891
iid_gaussian,250,0.000629940788348712,0.01,,,,,,,,iid_gaussian,1.0,-0.20342628431771867,-0.2206787290697474,-0.11691747757269988,0.00035,-0.36256045588354147,-0.6429334055524271,0.05115,-0.22018840927278654,-0.8832805312265848,0.00035,-0.36695640970569837,-0.6628535575339419,0.055,-0.21757861004500828,-0.8609588109674775,0.00035,-0.3603965231716576,-0.633127599977029,0.0534,-0.2183592757203695,-0.8676358766343775,0.00025,-0.37044849958052367,-0.67867787322375,0.0533,-0.21853180047715515,-0.8691114879832313,0.00035,-0.3656658840708679,-0.6570055737238549,0.05385,-0.2181251000608671,-0.8656329625759829
iid_gaussian,250,0.000629940788348712,0.01,,,,,,,,iid_gaussian,1.0,-0.09819616167357555,-0.2206787290697474,-0.11691747757269988,0.118,-0.18603775189445812,0.1569746994706531,0.64855,-0.10199236450151658,0.127655106670453,0.11515,-0.187054814073834,0.15236590829416213,0.6316,-0.103628944109147,0.11365737389681542,0.20275,-0.16247610539017796,0.26374369620904425,0.72495,-0.09424901998822172,0.193884251141005,0.1143,-0.1873745453458076,0.1509170542368572,0.6575,-0.10112978084130805,0.13503282023489566,0.1217,-0.18498329897893265,0.16175292580887077,0.6322,-0.10357908197435989,0.11408384678882684
iid_gaussian,250,0.000629940788348712,0.01,,,,,,,,iid_gaussian,1.0,-0.08324731589633977,-0.2206787290697474,-0.11691747757269988,0.46585,-0.12096367629321485,0.45185620379849456,0.9191,-0.07196435419155557,0.38448591531742743,0.5094,-0.11597978755442609,0.47444056777320986,0.9411,-0.06846513157180675,0.4144149104719199,0.40755,-0.12833861161499233,0.4184368735673214,0.83145,-0.08324731589633966,0.28798227925695663,0.4507,-0.12293320269117733,0.4429313454477833,0.9195,-0.0718997449595542,0.3850385207391549,0.4565,-0.12217767300094363,0.44635500885847346,0.91785,-0.07213676819927606,0.38301125120988816
iid_gaussian,250,0.000629940788348712,0.01,,,,,,,,iid_gaussian,1.0,-0.16820349563015144,-0.2206787290697474,-0.11691747757269988,0.02005,-0.25431641221109674,-0.1524282982920292,0.3439,-0.13693584547512905,-0.1712179249674767,0.0243,-0.24782892092295225,-0.12303039793483589,0.3585,-0.13490085130580243,-0.15381253604210196,0.0313,-0.23868252430692552,-0.08158373628972584,0.343,-0.13707597734774582,-0.17241647864418974,0.02775,-0.242869303783789,-0.10055602009121628,0.3804,-0.13199947984216326,-0.1289969864435821,0.0206,-0.25346974927296373,-0.14859166690620398,0.35985,-0.13470930519056984,-0.15217423423120732
iid_gaussian,250,0.000629940788348712,0.01,,,,,,,,iid_gaussian,1.0,-0.06874594826602706,-0.2206787290697474,-0.11691747757269988,0.10705,-0.18991631479474394,0.13939909117965207,0.6806,-0.09874954527307164,0.1553910730611796,0.12705,-0.1830497838942517,0.17051459981719738,0.67905,-0.09889946681784503,0.1541087879154009,0.50185,-0.11674048602020833,0.4709934821887093,0.91765,-0.0721811301765867,0.38263182139125346,0.12485,-0.18385899659081525,0.1668476732403826,0.6759,-0.09918486151690292,0.15166779530263752,0.13645,-0.1800451943247886,0.1841298203784571,0.68545,-0.09826303211656179,0.15955224012200112
iid_gaussian,250,0.000629940788348712,0.01,,,,,,,,iid_gaussian,1.0,-0.10669598165120812,-0.2206787290697474,-0.11691747757269988,0.03565,-0.2343904867106541,-0.062134478020185575,0.43885,-0.12443134510623627,-0.06426641841348509,0.02525,-0.24618575520628852,-0.11558443463973102,0.38335,-0.13156159656812724,-0.12525175276999606,0.07705,-0.20446087441916264,0.07349079233394971,0.47795,-0.11954862893581732,-0.02250434595188195,0.033,-0.23699870749141724,-0.07395356358297579,0.4262,-0.12587601840461454,-0.07662276862194703,0.0384,-0.2315549442415779,-0.0492852900579874,0.439,-0.12438812280160834,-0.06389673626223397
iid_gaussian,250,0.000629940788348712,0.01,,,,,,,,iid_gaussian,1.0,-0.08116637012619188,-0.2206787290697474,-0.11691747757269988,0.2667,-0.14934892353263643,0.32322918406225987,0.81725,-0.08476887918023568,0.2749682858362561,0.5155,-0.11533524339191115,0.4773613031120074,0.92455,-0.071118002606042,0.3917247952786147,0.53385,-0.11326260642522658,0.48675340435992376,0.8573,-0.08029623298672689,0.31322301289986104,0.28475,-0.14599889171477665,0.3384097673109561,0.81465,-0.08501570527143978,0.27285717211460886,0.2786,-0.14712194227517164,0.33332069250465685,0.8215,-0.08431713291827111,0.2788320902164324
iid_gaussian,250,0.000629940788348712,0.01,,,,,,,,iid_gaussian,1.0,-0.0800746408164227,-0.2206787290697474,-0.11691747757269988,0.02105,-0.25280672208471977,-0.145587176210436,0.3726,-0.132975162158109,-0.13734203746761794,0.0123,-0.2700664392149047,-0.22379914164517367,0.31005,-0.1417969187865471,-0.21279488516485534,0.0924,-0.19627328937936594,0.11059262391649854,0.52395,-0.114373685500325,0.02175715834096002,0.029,-0.24124732992568318,-0.09320608715955993,0.3898,-0.1306339498569758,-0.11731755225173195,0.02375,-0.24853150792123327,-0.1262141528950113,0.3912,-0.1304317105251281,-0.1155877909188127
iid_gaussian,250,0.000629940788348712,0.01,,,,,,,,iid_gaussian,1.0,-0.18462950167916842,-0.2206787290697474,-0.11691747757269988,0.0067,-0.2871568228124778,-0.30124377652057,0.2385,-0.15472244110306926,-0.32334740977337684,0.0108,-0.27349728955078567,-0.2393459519351524,0.2658,-0.14945380192935714,-0.2782845219734236,0.0135,-0.2670810134638181,-0.21027076143530282,0.2827,-0.14638178423307086,-0.2520094281203588,0.0065,-0.2877818148959429,-0.30407591211469687,0.2575,-0.15117882812814615,-0.29303874208321323,0.0063,-0.28834241734613675,-0.3066162677373571,0.23415,-0.1556432171684994,-0.3312228453758735
iid_gaussian,250,0.000629940788348712,0.01,,,,,,,,iid_gaussian,1.0,-0.18790005713286048,-0.2206787290697474,-0.11691747757269988,0.0061,-0.2895793830384749,-0.31222154604194263,0.2231,-0.15785842601397088,-0.3501696178470298,0.0086,-0.27860692382155766,-0.2625001285624659,0.2835,-0.1462475086180346,-0.25086096325587554,0.0137,-0.26659197996120854,-0.20805471866275735,0.2542,-0.15169074826371864,-0.2974172160821428,0.00595,-0.29076401530441454,-0.31758967676724337,0.21765,-0.159045267387244,-0.3603207209833008,0.00595,-0.29084931514632956,-0.31797621081279726,0.2184,-0.15887060757932986,-0.3588268484542297
iid_gaussian,250,0.000629940788348712,0.01,,,,,,,,iid_gaussian,1.0,-0.09630586850337744,-0.2206787290697474,-0.11691747757269988,0.1896,-0.16560076207840402,0.2495843945790331,0.74935,-0.09182245369549474,0.21463877256162084,0.12425,-0.18399620355724994,0.1662259233915727,0.67905,-0.09889548191800611,0.15414287092780976,0.2429,-0.15377290950773764,0.30318200509874965,0.70505,-0.09630586850337733,0.17629194109585666,0.20975,-0.1609742262502425,0.27054942300594265,0.7681,-0.08998047664759355,0.23039327809956184,0.19055,-0.16534240244447995,0.250755144632802,0.7734,-0.08940692975413955,0.23529884829626202
iid_gaussian,250,0.000629940788348712,0.01,,,,,,,,iid_gaussian,1.0,-0.09832774574082746,-0.2206787290697474,-0.11691747757269988,0.07575,-0.20511321648626812,0.07053472099052943,0.57455,-0.10918002464813863,0.06617875346951499,0.17755,-0.16856195478642452,0.23616582578219816,0.72615,-0.09409292559845683,0.1952193328841757,0.1257,-0.18349826947036582,0.16848229893344352,0.62905,-0.10389542014565521,0.11137819338385474,0.09435,-0.1955705719238368,0.11377697004034736,0.61115,-0.10566564151397964,0.09623741712802339,0.08815,-0.19820042828460677,0.1018598434017452,0.60755,-0.1059712247791679,0.0936237508778407
iid_gaussian,250,0.000629940788348712,0.01,,,,,,,,iid_gaussian,1.0,-0.17859480919087012,-0.2206787290697474,-0.11691747757269988,0.00415,-0.30404474794470876,-0.3777709760536677,0.1935,-0.16466342295585318,-0.4083730369008742,0.004,-0.30655060756403496,-0.38912621463914193,0.1718,-0.170070661432625,-0.4546213702470121,0.0032,-0.3144648641507318,-0.4249894653478022,0.15615,-0.1743855234800908,-0.4915265630124203,0.0051,-0.29711690357340115,-0.34637762699591595,0.18665,-0.16640128848353503,-0.4232370723193704,0.00455,-0.3013771803194391,-0.3656829617873424,0.2019,-0.16267103612830952,-0.3913320703242152
iid_gaussian,250,0.000629940788348712,0.01,,,,,,,,iid_gaussian,1.0,-0.10456700653301976,-0.2206787290697474,-0.11691747757269988,0.31365,-0.14132289887303237,0.35959890892626056,0.8586,-0.0801541813553201,0.3144379863525552,0.1807,-0.16781323595989578,0.23955862593871938,0.7249,-0.09426055391804601,0.1937856009642842,0.2067,-0.16164679392420184,0.26750169984388483,0.72025,-0.09473848395052459,0.18969784571673026,0.3087,-0.1420968730825736,0.3560916646494612,0.85625,-0.08038050396127674,0.3125022397845032,0.3069,-0.14240364411419343,0.35470153958886746,0.87565,-0.07818139139648794,0.33131134010418284
iid_gaussian,250,0.000629940788348712,0.01,,,,,,,,iid_gaussian,1.0,-0.1777256709505677,-0.2206787290697474,-0.11691747757269988,0.02125,-0.25245508443705916,-0.14399373923015743,0.38165,-0.1318083047573844,-0.12736185807143607,0.01615,-0.2600148526102426,-0.178250634786204,0.33585,-0.13802227431517206,-0.18051019557233525,0.0224,-0.2509909207799141,-0.13735891917605828,0.30155,-0.14315495522438249,-0.22441022673764074,0.0199,-0.25454126541939504,-0.15344721483757096,0.3609,-0.1346283796449086,-0.15148207470688874,0.02655,-0.2441332255142058,-0.10628344899088762,0.3738,-0.13284855581831628,-0.136259168230091
iid_gaussian,250,0.000629940788348712,0.01,,,,,,,,iid_gaussian,1.0,-0.14654838112222318,-0.2206787290697474,-0.11691747757269988,0.0321,-0.23789407198831178,-0.07801088483305217,0.42505,-0.1260148493809643,-0.07781019567932115,0.0429,-0.2272180695082745,-0.029632853452134456,0.4615,-0.12145235294018136,-0.0387869757510093,0.04985,-0.22089314335239804,-0.0009716128217454141,0.4637,-0.1211440006117678,-0.03614962558903866,0.03755,-0.23267637483214787,-0.05436702401257948,0.4513,-0.12282171116494213,-0.05049915303356564,0.0392,-0.2305457362864048,-0.044712090096997274,0.4429,-0.12388134706813239,-0.05956226254626767
iid_gaussian,250,0.000629940788348712,0.01,,,,,,,,iid_gaussian,1.0,-0.11868515404313196,-0.2206787290697474,-0.11691747757269988,0.1082,-0.18947364835448366,0.14140502279855482,0.6324,-0.10356959367753296,0.11416500058228793,0.0419,-0.22831623891628372,-0.034609179954640884,0.47735,-0.1196246956419694,-0.023154947621805783,0.0957,-0.1949785541946396,0.11645968319395669,0.51275,-0.11565470033727326,0.010800585692087089,0.0994,-0.19291269635338332,0.12582106500889076,0.6507,-0.10180841828891674,0.12922840620118797,0.118,-0.1860240886719933,0.15703661401276786,0.624,-0.10440687577252639,0.10700369234697471
iid_gaussian,250,0.000629940788348712,0.01,,,,,,,,iid_gaussian,1.0,-0.11971405298389166,-0.2206787290697474,-0.11691747757269988,0.02445,-0.24750640082625533,-0.12156890638983525,0.3669,-0.1337929869979373,-0.14433692699831072,0.01605,-0.2603052743618273,-0.17956667350370512,0.3158,-0.14095010705769573,-0.20555206957875258,0.02865,-0.24155680686782807,-0.09460847398428684,0.3681,-0.13363262688457808,-0.14296536034558766,0.02435,-0.2477276857852378,-0.12257165350513392,0.3829,-0.13163412260841298,-0.12587207097897074,0.02765,-0.2431031302621834,-0.10161559878001912,0.38935,-0.13068750800323145,-0.11777563728202481
iid_gaussian,250,0.000629940788348712,0.01,,,,,,,,iid_gaussian,1.0,-0.20530635787191043,-0.2206787290697474,-0.11691747757269988,0.0017,-0.3269108223020929,-0.4813880054509918,0.1218,-0.18495760879174455,-0.5819500440106311,0.0004,-0.3560150260831599,-0.6132729583132513,0.09655,-0.1944992028092173,-0.6635596905370859,0.00105,-0.33761736841240125,-0.5299044445089875,0.10525,-0.19056009636489168,-0.6298683509178553,0.00125,-0.3339062748207029,-0.513087719093982,0.1224,-0.18467953985630764,-0.5795717089557715,0.00115,-0.33582823975172743,-0.5217970538772954,0.1314,-0.18178518817952802,-0.5548161998833158
iid_gaussian,250,0.000629940788348712,0.01,,,,,,,,iid_gaussian,1.0,-0.10081645617136159,-0.2206787290697474,-0.11691747757269988,0.19725,-0.1638905484845511,0.2573341836097303,0.7719,-0.08953765455066423,0.23418075372872063,0.20555,-0.1618783534687039,0.26645239370786444,0.75725,-0.0910797046404773,0.2209915358134247,0.2486,-0.15275878947142285,0.3077774640294302,0.73555,-0.09325154455889538,0.20241569956116187,0.217,-0.15922619657932777,0.27847057461979957,0.7689,-0.0898477710804044,0.23152831428015885,0.1995,-0.1632740081539365,0.26012802030261667,0.7682,-0.0899592294943859,0.23057500587584273
iid_gaussian,250,0.000629940788348712,0.01,,,,,,,,iid_gaussian,1.0,-0.15140577365423327,-0.2206787290697474,-0.11691747757269988,0.02735,-0.24341636193102623,-0.10303500005246274,0.33795,-0.13777655690515506,-0.17840856444653364,0.0137,-0.26663712517859184,-0.20825929305727922,0.31065,-0.1417018975559003,-0.21198216466643607,0.0313,-0.23866922014968006,-0.08152344884244199,0.3705,-0.13323363857313894,-0.1395527968886738,0.0169,-0.2583011285255058,-0.17048493805611653,0.36355,-0.13427658104538887,-0.14847312679915634,0.01805,-0.25690252383571827,-0.1641471967809006,0.3467,-0.13646736140278726,-0.16721096140592975
iid_gaussian,250,0.000629940788348712,0.01,,,,,,,,iid_gaussian,1.0,-0.19930479258798456,-0.2206787290697474,-0.11691747757269988,0.00115,-0.33557632252619135,-0.520655497431878,0.09775,-0.19380412482238168,-0.6576146598943968,0.00165,-0.32737905650465066,-0.4835097967288896,0.1023,-0.19164175023092045,-0.6391197809733505,0.00125,-0.3342346980617567,-0.5145759605862102,0.11445,-0.1872953473884728,-0.6019448184897045,0.00085,-0.3451666476711694,-0.5641138098184195,0.08985,-0.1973785437569223,-0.6881868122256685,0.001,-0.33871387405210657,-0.5348732316881033,0.09805,-0.19361944168557438,-0.6560350574205711
iid_gaussian,250,0.000629940788348712,0.01,,,,,,,,iid_gaussian,1.0,-0.05915029578920566,-0.2206787290697474,-0.11691747757269988,0.2358,-0.1553024839906018,0.2962507775658019,0.7732,-0.08942318098568716,0.235159850843657,0.3759,-0.1326129853287055,0.39906765872848565,0.84385,-0.08172766262581602,0.30097993625463443,0.6734,-0.0994514466509887,0.549338320597468,0.9612,-0.06457152643102992,0.4477170755682868,0.22935,-0.15671474304052468,0.28985116190788984,0.775,-0.08922843401305774,0.2368255297196687,0.2301,-0.15648783014709877,0.29087941186375305,0.7948,-0.08711847846898736,0.2548720663699176
iid_gaussian,250,0.000629940788348712,0.01,,,,,,,,iid_gaussian,1.0,-0.06712909214866314,-0.2206787290697474,-0.11691747757269988,0.2598,-0.15063853979886527,0.3173853210326643,0.7854,-0.08814344279309597,0.2461055043007755,0.34815,-0.13630675661785585,0.3823294288831302,0.878,-0.07793132200466943,0.33345019390953473,0.71185,-0.09555691457601792,0.5669862927939179,0.9536,-0.0660172549669257,0.4353516998698861,0.2425,-0.15387990655377698,0.3026971507292761,0.7831,-0.088382644036053,0.2440596062201545,0.21005,-0.16091614018368847,0.2708126385265272,0.77455,-0.0892957951119053,0.236249387467492
iid_gaussian,250,0.000629940788348712,0.01,,,,,,,,iid_gaussian,1.0,-0.08970252280491837,-0.2206787290697474,-0.11691747757269988,0.1915,-0.1650753394655655,0.25196533367113955,0.76205,-0.09049096592913525,0.2260270422540761,0.10865,-0.18931276741158892,0.14213405066441628,0.6296,-0.10384510051961057,0.11180857921742997,0.2766,-0.1474244455924922,0.33194990648193623,0.7702,-0.08970252280491842,0.23277062876129076,0.18145,-0.16759123001889772,0.24056464016552728,0.78385,-0.08831049992924134,0.24467665773639855,0.1993,-0.16334166042277945,0.25982145578174903,0.7916,-0.08741734382609588,0.2523158586641648
iid_gaussian,250,0.000629940788348712,0.01,,,,,,,,iid_gaussian,1.0,-0.11120069070204151,-0.2206787290697474,-0.11691747757269988,0.00945,-0.2771567764336285,-0.2559288228727779,0.2697,-0.1486976552162344,-0.27181716800016875,0.0157,-0.2613442184902098,-0.18427462217081064,0.3105,-0.1417371403388367,-0.2122835976400861,0.04815,-0.2223205249026835,-0.007439755702132972,0.4057,-0.12852678818122315,-0.099294911672248,0.00975,-0.27667241674142484,-0.2537339593521955,0.26955,-0.14873318047440107,-0.2721210169960947,0.01015,-0.2753430254637479,-0.24770985687851857,0.2734,-0.14800206792458204,-0.2658677812524103
iid_gaussian,250,0.000629940788348712,0.01,,,,,,,,iid_gaussian,1.0,-0.14387994475148808,-0.2206787290697474,-0.11691747757269988,0.0531,-0.2187239078979222,0.008858221995683828,0.5052,-0.11641802557886459,0.004271833469249523,0.0478,-0.22279206798600398,-0.009576541088328689,0.5012,-0.1167919695827365,0.0010734750062097813,0.06515,-0.21070705654390715,0.04518637826071862,0.4833,-0.11886005087368699,-0.016614909432845156,0.0492,-0.22128628638836997,-0.002753130404473907,0.4802,-0.11928900831902492,-0.02028380012603685,0.05585,-0.21703061993118095,0.01653131298129522,0.51875,-0.1149355298140284,0.016951680790744904
iid_gaussian,250,0.000629940788348712,0.01,,,,,,,,iid_gaussian,1.0,-0.10509977257416382,-0.2206787290697474,-0.11691747757269988,0.05675,-0.21640692376814605,0.019357576145235113,0.51175,-0.1157584375482783,0.009913317054765221,0.05285,-0.2188689893287657,0.008200789213398604,0.51675,-0.11517797795270454,0.014878011877340653,0.06085,-0.21397927221376514,0.030358416890577746,0.495,-0.11754077183836563,-0.005331061519678974,0.0603,-0.21433804798388484,0.028732633691480648,0.52245,-0.11454171532492251,0.020319992332199527,0.05905,-0.21508700682636858,0.025338745908816157,0.5172,-0.11512514958912988,0.015329855046312652
iid_gaussian,250,0.000629940788348712,0.01,,,,,,,,iid_gaussian,1.0,-0.11682232350256848,-0.2206787290697474,-0.11691747757269988,0.24055,-0.15428666089515128,0.3008539538652696,0.79015,-0.08761109493685071,0.2506586974357731,0.1444,-0.17760140990153497,0.19520376680526136,0.6924,-0.09760627921775505,0.16516947470866383,0.20815,-0.16143948867782593,0.26844109825011,0.6774,-0.09909521852499605,0.15243451550365397,0.21925,-0.15874502561320633,0.28065098850993647,0.7915,-0.0874918763690187,0.2516783787555132,0.23585,-0.15529362751514714,0.29629091045714123,0.77845,-0.08890502851983825,0.2395916302200699
iid_gaussian,250,0.000629940788348712,0.01,,,,,,,,iid_gaussian,1.0,-0.1206641806194085,-0.2206787290697474,-0.11691747757269988,0.1616,-0.17295931144774193,0.21623931687101267,0.7331,-0.09346035815644554,0.20062970826298043,0.1346,-0.18064187270786175,0.18142598759136253,0.67505,-0.09927942827468986,0.1508589619293026,0.10745,-0.1896326194981397,0.14068464913895398,0.61715,-0.10507187407122633,0.10131593451550387,0.1412,-0.1787836934694373,0.18984627914486865,0.71305,-0.09545655138213457,0.18355618540624768,0.1518,-0.17561521387769982,0.20420416313801074,0.72015,-0.09474380335082055,0.18965234866696146
iid_gaussian,250,0.000629940788348712,0.01,,,,,,,,iid_gaussian,1.0,-0.08843422828415048,-0.2206787290697474,-0.11691747757269988,0.1564,-0.17431233209913924,0.210108138496455,0.71815,-0.09495181330726976,0.18787323094420813,0.08515,-0.19944000399444362,0.0962427378698157,0.59785,-0.10695227982128948,0.08523274670558977,0.17065,-0.17042999790728516,0.2277008362984576,0.6622,-0.1006001879141246,0.1395624503481877,0.1341,-0.1808311987340724,0.18056806156011904,0.69635,-0.09715994129545677,0.16898702133697482,0.1451,-0.1774339527398662,0.1959625946378063,0.7323,-0.0935322150792324,0.20001511304352598
iid_gaussian,250,0.000629940788348712,0.01,,,,,,,,iid_gaussian,1.0,-0.10787840301214693,-0.2206787290697474,-0.11691747757269988,0.0668,-0.20993968144336148,0.04866371884438282,0.5297,-0.11369806020905221,0.02753580927749506,0.1304,-0.18199582751819268,0.17529057609955986,0.67095,-0.09973868354364548,0.14693093270313273,0.1942,-0.1645400288249862,0.25439108010730876,0.74765,-0.09199624758554241,0.2131523062637177,0.0728,-0.20674790514797373,0.06312717125251664,0.5443,-0.11215393880353336,0.04074274324131332,0.07375,-0.20594628579170512,0.0667596888025667,0.55905,-0.11059428150864108,0.05408255630666517
iid_gaussian,250,0.000629940788348712,0.01,,,,,,,,iid_gaussian,1.0,-0.11212049298618643,-0.2206787290697474,-0.11691747757269988,0.16565,-0.17173272837712086,0.22179754659161885,0.7219,-0.09456882607077056,0.19114893654828305,0.08,-0.2025803393864007,0.08201238859603253,0.5892,-0.10784344717556063,0.07761055562883634,0.1483,-0.17661670716443345,0.19966592199915997,0.55405,-0.11114005803258668,0.04941450722387307,0.1505,-0.17597312212034605,0.20258231111740613,0.725,-0.09423814666987156,0.19397725108058544,0.1627,-0.17262580260167257,0.21775060365191468,0.72335,-0.0943947835327798,0.19263752954228208
iid_gaussian,250,0.000629940788348712,0.01,,,,,,,,iid_gaussian,1.0,-0.2775719710306796,-0.2206787290697474,-0.11691747757269988,0.00035,-0.3676257139126753,-0.6658864923790823,0.05175,-0.21989747945569948,-0.880792196521398,0.00035,-0.3637773136864805,-0.6484475654720014,0.0467,-0.2238111215779837,-0.9142657387456619,5e-05,-0.40886006670258557,-0.8527389043162463,0.0357,-0.23437472599394815,-1.0046166822938236,0.00025,-0.37605234447445535,-0.70407155261258,0.04745,-0.22320811567913712,-0.9091082044628032,0.00025,-0.37570685691385647,-0.7025059845940617,0.04175,-0.22836258620626476,-0.9531946031273875
iid_gaussian,250,0.000629940788348712,0.01,,,,,,,,iid_gaussian,1.0,-0.10390862162773637,-0.2206787290697474,-0.11691747757269988,0.11015,-0.18882831875933698,0.14432931730517545,0.60815,-0.10593230389668612,0.09395664278835578,0.03255,-0.23734716332735786,-0.07553258226506403,0.4533,-0.12257884829689605,-0.048421936922783036,0.04465,-0.22565182452374163,-0.022535454481534795,0.41755,-0.12697326336494305,-0.08600754994898374,0.08085,-0.20205442791971495,0.08439554291680768,0.60825,-0.10590029402942137,0.0942304245011441,0.0819,-0.20118610048280916,0.08833034642309101,0.62095,-0.10473730510015158,0.10417751670168049
iid_gaussian,250,0.000629940788348712,0.01,,,,,,,,iid_gaussian,1.0,-0.10960044966369001,-0.2206787290697474,-0.11691747757269988,0.0322,-0.2377589849715554,-0.07739874148182921,0.3804,-0.1319971446017114,-0.12897701303583906,0.0298,-0.24056741360403108,-0.09012506378898757,0.4026,-0.12892382446278297,-0.10269077933722513,0.0231,-0.24981728230215514,-0.13204060651988916,0.33185,-0.1386011995547517,-0.18546176698491268,0.0266,-0.24408390711249056,-0.10605996391861475,0.40215,-0.12899784010770082,-0.10332383819595589,0.0259,-0.24506173451062066,-0.11049096369032836,0.3883,-0.13084785004947347,-0.11914704940595056
iid_gaussian,250,0.000629940788348712,0.01,,,,,,,,iid_gaussian,1.0,-0.11512597749409849,-0.2206787290697474,-0.11691747757269988,0.0572,-0.21622830704634213,0.020166973238271033,0.5596,-0.11054955619163195,0.054465093784702295,0.08195,-0.20113145110491276,0.08857798867718034,0.583,-0.10839039758751755,0.07293246623354623,0.0907,-0.1969522784054667,0.10751580256193043,0.5877,-0.10794878475408928,0.07670959898218654,0.061,-0.21385910443321152,0.030902954105651366,0.5378,-0.11279810089979339,0.03523319830728506,0.06455,-0.21122709198620054,0.04282985099374747,0.5244,-0.11431737964859597,0.022238744609309247
iid_gaussian,250,0.000629940788348712,0.01,,,,,,,,iid_gaussian,1.0,-0.10641627531486686,-0.2206787290697474,-0.11691747757269988,0.0321,-0.23786191011449007,-0.0778651441268351,0.3885,-0.13082728863924023,-0.11897118681756677,0.0215,-0.2520191634573457,-0.14201837449269025,0.3638,-0.13423807118989997,-0.1481437504194363,0.0745,-0.20568612658208765,0.06793859358742818,0.50825,-0.116095334954464,0.007031819667206425,0.02735,-0.24350746653703806,-0.1034478382376194,0.3781,-0.13231286651788304,-0.13167739558536262,0.0238,-0.248424729223014,-0.12573028796308344,0.4046,-0.12863802668974944,-0.10024633921615068
iid_gaussian,250,0.000629940788348712,0.01,,,,,,,,iid_gaussian,1.0,-0.21553965424705404,-0.2206787290697474,-0.11691747757269988,0.001,-0.33946140268815744,-0.5382606385270045,0.09395,-0.1957559375187134,-0.6743085942560757,0.00085,-0.3431071184018265,-0.5547811057647726,0.09455,-0.19549446223798833,-0.6720721854132449,0.0012,-0.33499293654501006,-0.5180118988229839,0.09145,-0.19660333635361144,-0.6815564313843709,0.00085,-0.34447905061847656,-0.5609979814121596,0.09415,-0.19566299346303317,-0.6735136399206777,0.00075,-0.34773269101660154,-0.5757417694149293,0.0989,-0.19319004239266868,-0.6523623875869383
iid_gaussian,250,0.000629940788348712,0.01,,,,,,,,iid_gaussian,1.0,-0.11073666368224792,-0.2206787290697474,-0.11691747757269988,0.05125,-0.22014063418132268,0.0024383631838601092,0.5225,-0.11453855458520061,0.02034702626919095,0.0776,-0.20411458165035956,0.07506000913279046,0.56095,-0.11044864970479772,0.05532815112163032,0.11695,-0.18642452839088022,0.15522203169858223,0.5704,-0.10956907969640774,0.06285114962151721,0.05015,-0.22061460065168836,0.00029059628143299725,0.53495,-0.11316628658650288,0.03208409096804617,0.06225,-0.21288878087690316,0.03529995041063587,0.52915,-0.11374076670401004,0.02717053886759186
iid_gaussian,250,0.000629940788348712,0.01,,,,,,,,iid_gaussian,1.0,-0.06191463381400881,-0.2206787290697474,-0.11691747757269988,0.2647,-0.14967329549988626,0.32175930081335236,0.81125,-0.08540926001783172,0.2694910821632821,0.2866,-0.14565840343052805,0.339952681236933,0.85205,-0.08084443778822789,0.3085341946591483,0.17195,-0.17000337839160862,0.2296340516902397,0.5179,-0.11505785111985407,0.015905461625183286,0.25005,-0.15248850549393855,0.30900224894016287,0.80615,-0.08604034878008533,0.26409335399333256,0.26555,-0.14952023206633397,0.3224529038361607,0.8172,-0.08478334488801621,0.2748445600419535
iid_gaussian,250,0.000629940788348712,0.01,,,,,,,,iid_gaussian,1.0,-0.10591380569128936,-0.2206787290697474,-0.11691747757269988,0.03825,-0.23176570094550908,-0.05024032865558853,0.43935,-0.12432711909482974,-0.06337496904620192,0.0787,-0.20349669339572596,0.07785995390879248,0.58895,-0.10786558511600662,0.07742120891262597,0.18945,-0.16571555484356715,0.24906421410832336,0.74315,-0.09243097983285403,0.20943402345145548,0.03825,-0.23177199785446553,-0.05026886293699842,0.4523,-0.12270711992206274,-0.049519049414685046,0.0428,-0.22731309843657602,-0.030063474603081366,0.4397,-0.1242604729001361,-0.06280494139869132
iid_gaussian,250,0.000629940788348712,0.01,,,,,,,,iid_gaussian,1.0,-0.0607113375917343,-0.2206787290697474,-0.11691747757269988,0.2425,-0.15386796153111687,0.3027512792930505,0.7941,-0.08719837047498029,0.25418874675294034,0.2639,-0.1497832570644975,0.3212610128040151,0.8015,-0.08651146568097376,0.260063871740814,0.62905,-0.10389568502977507,0.5291993683861667,0.9479,-0.06727731773870463,0.42457433109715137,0.2407,-0.15421058604724214,0.30119868508712244,0.7854,-0.08814582274122182,0.24608514850645577,0.24715,-0.1530041914604606,0.30666543121107825,0.80075,-0.08658733086888717,0.2594149936646834
iid_gaussian,250,0.000629940788348712,0.01,,,,,,,,iid_gaussian,1.0,-0.08066211185469453,-0.2206787290697474,-0.11691747757269988,0.08195,-0.20114559610913654,0.08851389095338336,0.55905,-0.11060428367271861,0.05399700738545004,0.15295,-0.1753592223457682,0.2053641821983467,0.74105,-0.09262522260795361,0.20777265699767788,0.32015,-0.14028494560264773,0.3643023675457661,0.8351,-0.08281523019487426,0.2916779260536191,0.0666,-0.21004459928181168,0.04818828635076424,0.55115,-0.11143827722230502,0.046863826214415726,0.06185,-0.21307640012423132,0.034449758604116726,0.57555,-0.10910198925691394,0.06684619338392948
iid_gaussian,250,0.000629940788348712,0.01,,,,,,,,iid_gaussian,1.0,-0.09407084201909013,-0.2206787290697474,-0.11691747757269988,0.06995,-0.20847562343373424,0.05529806015946492,0.5779,-0.10885257530354571,0.0689794411972271,0.0584,-0.21554984737514174,0.02324139583468702,0.54335,-0.11225783749287428,0.03985409347313544,0.21315,-0.16012762565245053,0.27438577189811153,0.7206,-0.09469088750159677,0.19010494010429285,0.06785,-0.20948957180135086,0.05070337914108661,0.56515,-0.11006973560556246,0.05856901901496682,0.0712,-0.2077249350903916,0.058699785130906866,0.5645,-0.11011991501528276,0.058139832457387394
iid_gaussian,250,0.000629940788348712,0.01,,,,,,,,iid_gaussian,1.0,-0.13644916832991633,-0.2206787290697474,-0.11691747757269988,0.0151,-0.2629546298289091,-0.19157215984237452,0.3439,-0.1369389151818577,-0.17124418029552835,0.03005,-0.24016184667404614,-0.08828724764923283,0.40335,-0.12880204224265743,-0.10164917099385475,0.05295,-0.2188191236277408,0.008426754358454006,0.42715,-0.12576959950334096,-0.07571256337733415,0.02445,-0.24737814589018642,-0.12098772243699323,0.3756,-0.13263336632981323,-0.13441864367404896,0.0214,-0.2521132228421331,-0.1424446021820734,0.3788,-0.13224486273613711,-0.1310957564398923
iid_gaussian,250,0.000629940788348712,0.01,,,,,,,,iid_gaussian,1.0,-0.11156644411741147,-0.2206787290697474,-0.11691747757269988,0.3016,-0.14314570793972195,0.35133889639866683,0.8278,-0.08360807997349104,0.28489664924986846,0.24485,-0.15344407239804544,0.3046721220260964,0.8284,-0.0835763333309263,0.2851681795909588,0.20745,-0.1615198189323245,0.2680770837624555,0.6833,-0.09847475685308504,0.15774134973231063,0.24125,-0.15409182087818907,0.30173686640416064,0.82615,-0.0838289351903482,0.2830076654859155,0.2815,-0.1465797477032898,0.3357776332989392,0.83775,-0.08246366571035646,0.2946848715660998
iid_student_t,250,0.000629940788348712,0.01,6.0,,,,,,,iid_student_t,1.0,-0.11193354804521659,-0.22192316097608525,-0.11685238647552997,0.03445,-0.2357608719116301,-0.06235361318161835,0.406,-0.12826860459823636,-0.09769777466288257,0.02865,-0.24242097895487935,-0.0923644827724988,0.3663,-0.13328719249236026,-0.14064587393148284,0.11175,-0.1877630205022739,0.15392778438971721,0.61005,-0.10499576132832997,0.10146669233565796,0.0329,-0.2378937730244569,-0.07196460242422682,0.38435,-0.13083929438080458,-0.1196972379182312,0.0328,-0.23797632488845188,-0.07233658641919104,0.39185,-0.12991086521987488,-0.11175192170405086
iid_student_t,250,0.000629940788348712,0.01,6.0,,,,,,,iid_student_t,1.0,-0.18314960933309793,-0.22192316097608525,-0.11685238647552997,0.0752,-0.2043423452464748,0.07922028350842114,0.5584,-0.11027743672490907,0.05626714138181298,0.0739,-0.20503082714789705,0.07611793989365777,0.5369,-0.11262491079691515,0.036177914770273746,0.0313,-0.23981983221421987,-0.0806435486923476,0.41095,-0.1275315707215825,-0.09139038207224685,0.0647,-0.21040689426176926,0.05189303659727973,0.5611,-0.10992579122583991,0.05927645518083237,0.07645,-0.20376701939777336,0.08181273869052548,0.56825,-0.10919517086885733,0.06552896211731314
iid_student_t,250,0.000629940788348712,0.01,6.0,,,,,,,iid_student_t,1.0,-0.2848945688936691,-0.22192316097608525,-0.11685238647552997,0.00205,-0.32714682873042833,-0.4741445971278416,0.1285,-0.18144311456542486,-0.5527548904910113,0.00125,-0.3437814078656493,-0.5491010778397108,0.08965,-0.19693295565558264,-0.6853139383406802,0.0005,-0.36495502193646984,-0.6445107411560251,0.0775,-0.20330005291790976,-0.7398023185472792,0.00175,-0.3310419176643358,-0.49169611773874006,0.12,-0.1844532443414632,-0.5785149957556881,0.0017,-0.3312660182722807,-0.4927059294544673,0.1226,-0.1835967874364811,-0.5711856041119715
iid_student_t,250,0.000629940788348712,0.01,6.0,,,,,,,iid_student_t,1.0,-0.16295111741154977,-0.22192316097608525,-0.11685238647552997,0.05355,-0.21834494446217795,0.01612367315862491,0.5462,-0.11160197350490296,0.044932013191929916,0.03265,-0.23826361025726406,-0.0736311127207659,0.4218,-0.12615557231982938,-0.0796148553307261,0.0017,-0.3315794953619289,-0.4941184773303601,0.1855,-0.16527312051255272,-0.41437522585097164,0.0562,-0.21641392840841858,0.024824955373902363,0.53515,-0.11279190822469848,0.034748783258113355,0.05455,-0.21761409003490148,0.019416950093136605,0.52835,-0.1135669929872901,0.028115758585109053
iid_student_t,250,0.000629940788348712,0.01,6.0,,,,,,,iid_student_t,1.0,-0.11792208403105335,-0.22192316097608525,-0.11685238647552997,0.08005,-0.20190626378312623,0.09019742285987024,0.6206,-0.10389274453032699,0.11090609559708783,0.0622,-0.2120442715016861,0.044514909714465194,0.53925,-0.11234697956918221,0.03855639616989103,0.09695,-0.19401538523432166,0.12575422781027787,0.5341,-0.11293402146602408,0.03353260577460635,0.08715,-0.19802536153827638,0.10768501733978154,0.6128,-0.10474517518219827,0.10361115984453657,0.08935,-0.19705615074618904,0.11205234334498287,0.624,-0.10356448538088178,0.11371527356380351
iid_student_t,250,0.000629940788348712,0.01,6.0,,,,,,,iid_student_t,1.0,-0.12192518089378936,-0.22192316097608525,-0.11685238647552997,0.08585,-0.19871751824773487,0.10456611480426349,0.637,-0.10217440183796585,0.12561133820435777,0.18655,-0.16499732118894483,0.2565114859429874,0.76305,-0.08974243143376351,0.23200172336611669,0.15555,-0.1733720839885437,0.21877426751673512,0.65995,-0.09990239243521873,0.14505475285145958,0.10445,-0.1902254691849295,0.14283183265658125,0.61955,-0.10402944153168509,0.10973626924196478,0.1209,-0.1841004795597081,0.17043142883339238,0.6283,-0.10304237654064957,0.11818337948769532
iid_student_t,250,0.000629940788348712,0.01,6.0,,,,,,,iid_student_t,1.0,-0.14186430638425235,-0.22192316097608525,-0.11685238647552997,0.0562,-0.21626424384454127,0.0254994436211811,0.53515,-0.11279211892348609,0.03474698013886208,0.06695,-0.2090584882988712,0.05796904036798742,0.58775,-0.10719812036611999,0.08261933196744488,0.06065,-0.21333994817442506,0.03867650750786272,0.4645,-0.12102171196276741,-0.03568027674052292,0.064,-0.21077563600692648,0.050231462638368085,0.5399,-0.11229339304651845,0.03901497921025529,0.0671,-0.20904059783255938,0.05804965595688372,0.54965,-0.11120605955292137,0.04832016780240077
iid_student_t,250,0.000629940788348712,0.01,6.0,,,,,,,iid_student_t,1.0,-0.213138320597833,-0.22192316097608525,-0.11685238647552997,0.03635,-0.2336410608967082,-0.05280160875991524,0.47145,-0.12016125448105475,-0.02831664893910995,0.03455,-0.23566519351092938,-0.06192248017017471,0.43555,-0.12460798148131794,-0.06637087388379585,0.0136,-0.26765367060953293,-0.20606461007634833,0.27425,-0.14744230911867284,-0.26178260937399606,0.05135,-0.22082190583635605,0.004962326306481677,0.493,-0.11766546458800822,-0.006958164373035926,0.04925,-0.22236088504622256,-0.001972412740572323,0.4693,-0.12048676630361299,-0.031102315816580267
iid_student_t,250,0.000629940788348712,0.01,6.0,,,,,,,iid_student_t,1.0,-0.13505396812489015,-0.22192316097608525,-0.11685238647552997,0.0498,-0.22201513799433453,-0.00041445434466930484,0.50905,-0.11571990876910199,0.00969152398667639,0.0995,-0.19261483933220588,0.13206517749194133,0.61745,-0.10425231495570174,0.10782896181984956,0.0805,-0.2016335362863758,0.09142635045602969,0.51855,-0.11471060394634323,0.01832895838747154,0.05075,-0.2211887196281981,0.003309439828888714,0.48345,-0.11874975459923146,-0.016237307434870552,0.0547,-0.2175324832080894,0.019784675689929403,0.5145,-0.11521365902537256,0.014023910846703756
iid_student_t,250,0.000629940788348712,0.01,6.0,,,,,,,iid_student_t,1.0,-0.08123919787406596,-0.22192316097608525,-0.11685238647552997,0.4129,-0.12720297766813948,0.4268152224010226,0.9149,-0.07078717679570612,0.3942171064642343,0.6052,-0.10543714411716644,0.524893464686507,0.96565,-0.06136053090401987,0.4748885088720942,0.4584,-0.12171483385670125,0.4515451504864902,0.8357,-0.08123919787406605,0.3047707426062852,0.4526,-0.12245754016558706,0.4481984682131341,0.9237,-0.0694718411396583,0.40547349322466436,0.4235,-0.12589702496657246,0.43269992905274407,0.9143,-0.07093678842261925,0.39293675925502725
iid_student_t,250,0.000629940788348712,0.01,6.0,,,,,,,iid_student_t,1.0,-0.09100203769468637,-0.22192316097608525,-0.11685238647552997,0.019,-0.25670828763015563,-0.15674401221159098,0.352,-0.13533558606515916,-0.15817562779087752,0.05355,-0.21832416265669605,0.016217317307304552,0.51275,-0.11540805101589437,0.012360341993854412,0.08065,-0.20157137339342165,0.0917064604395065,0.5575,-0.11036773822253466,0.05549435872542706,0.02045,-0.25447038275376155,-0.1466598692742288,0.3409,-0.13682801188280255,-0.17094751771677064,0.0198,-0.2552790700144122,-0.15030386594899584,0.34485,-0.1362628926882513,-0.16611133754453614
iid_student_t,250,0.000629940788348712,0.01,6.0,,,,,,,iid_student_t,1.0,-0.07233017271406557,-0.22192316097608525,-0.11685238647552997,0.1286,-0.18142606588372526,0.182482508424274,0.6533,-0.1005869829925643,0.13919615998918258,0.05165,-0.22054488836555794,0.006210584800906985,0.51235,-0.11543387498619122,0.012139345477858918,0.27315,-0.14754484937445914,0.3351534435364375,0.7842,-0.08733384485105233,0.2526139389601521,0.1307,-0.1808443432054764,0.18510378813068346,0.6706,-0.09893203160044488,0.15335891217624198,0.1127,-0.18740061182012122,0.15556082116045666,0.68645,-0.09744865789008114,0.16605333592833516
iid_student_t,250,0.000629940788348712,0.01,6.0,,,,,,,iid_student_t,1.0,-0.19884133157679243,-0.22192316097608525,-0.11685238647552997,0.00125,-0.3433611026215125,-0.5472071554465356,0.1005,-0.19224954690443946,-0.6452342369977904,0.00125,-0.3397302273912713,-0.5308461987339893,0.09255,-0.19569461715532388,-0.6747164782664002,0.0029,-0.3160259616536016,-0.424033256662458,0.1265,-0.18221228209844872,-0.5593372766640565,0.00115,-0.34438610719682594,-0.5518258918181932,0.10475,-0.1901152393924569,-0.6269692483539383,0.0011,-0.3478579287587107,-0.5674701424976384,0.09025,-0.19670624448831198,-0.6833737882580959
iid_student_t,250,0.000629940788348712,0.01,6.0,,,,,,,iid_student_t,1.0,-0.09624456146371539,-0.22192316097608525,-0.11685238647552997,0.10395,-0.19057263935658864,0.14126746159169473,0.6474,-0.10111945276649986,0.13463938720947505,0.07455,-0.20466201467213677,0.07777983256920429,0.5997,-0.10594336905564061,0.09335724967990969,0.2862,-0.14546609929256069,0.34452042475982797,0.7971,-0.08596304631128299,0.2643449662939961,0.11845,-0.18503673305638027,0.1662126105155825,0.66545,-0.0994091536736263,0.1492757942565123,0.0925,-0.1957400997437144,0.11798255358841242,0.62545,-0.1033397354911579,0.11563863941453821
iid_student_t,250,0.000629940788348712,0.01,6.0,,,,,,,iid_student_t,1.0,-0.08730708852741874,-0.22192316097608525,-0.11685238647552997,0.1054,-0.18986107308146197,0.14447382487526092,0.6194,-0.1040601889689928,0.10947313865272214,0.2562,-0.15033356318860994,0.3225873201904776,0.79745,-0.08589215503108141,0.26495164008423505,0.32665,-0.13898252509692238,0.37373582601457567,0.78425,-0.08730708852741911,0.2528429143746921,0.0874,-0.1977836563931253,0.10877415622951245,0.59965,-0.10596062200463857,0.09320960229744418,0.10165,-0.19154303159935812,0.13689481189392816,0.5985,-0.10607803857855616,0.09220477409102859
iid_student_t,250,0.000629940788348712,0.01,6.0,,,,,,,iid_student_t,1.0,-0.24822472890186986,-0.22192316097608525,-0.11685238647552997,0.0006,-0.36108042119987077,-0.6270515416765414,0.05765,-0.2152910426833301,-0.8424188771567294,0.00025,-0.3946786586683473,-0.7784473550774559,0.04015,-0.22984535642134163,-0.9669718638521216,0.0006,-0.361108173393028,-0.6271765948392448,0.0454,-0.22527904326811424,-0.927894243865442,0.0005,-0.3637289513367445,-0.6389859883797366,0.0555,-0.21680272800550382,-0.8553555861771333,0.0005,-0.3637997211886641,-0.6393048818724589,0.04965,-0.2221471567279505,-0.9010921678905572
iid_student_t,250,0.000629940788348712,0.01,6.0,,,,,,,iid_student_t,1.0,-0.1472506374316568,-0.22192316097608525,-0.11685238647552997,0.03735,-0.23172190899954115,-0.04415378719534293,0.4804,-0.11911242313294393,-0.019340954220795802,0.06285,-0.21165560960040286,0.04626624517478296,0.52255,-0.11421715302632135,0.022551815403106544,0.03305,-0.23766713797621625,-0.07094337035793931,0.3166,-0.14066940001752454,-0.20382137036612502,0.0462,-0.2247555704852685,-0.012763018950908344,0.476,-0.11964543435570218,-0.023902360614236246,0.0437,-0.22633476968438368,-0.019878991849678243,0.46785,-0.1206783324278404,-0.03274170145520842
iid_student_t,250,0.000629940788348712,0.01,6.0,,,,,,,iid_student_t,1.0,-0.07354883577143181,-0.22192316097608525,-0.11685238647552997,0.2355,-0.15422105648196235,0.30507002602318994,0.7881,-0.08689940572534596,0.2563317845156414,0.23095,-0.15525813993957222,0.30039686143302974,0.7863,-0.0871205132834557,0.2544395890305622,0.34965,-0.1356276455424592,0.3888531285066067,0.85695,-0.07867190560114548,0.326741130634759,0.2025,-0.16135697258185747,0.2729151302993313,0.7815,-0.0875665455267022,0.250622531829596,0.23845,-0.15364755518856657,0.3076542596420396,0.8116,-0.08427377231267291,0.2788014446729279
iid_student_t,250,0.000629940788348712,0.01,6.0,,,,,,,iid_student_t,1.0,-0.15032315254765677,-0.22192316097608525,-0.11685238647552997,0.0339,-0.23635417700453254,-0.06502708399148296,0.4182,-0.126551996058067,-0.08300737259284151,0.01555,-0.2629323014181006,-0.18478981761815544,0.337,-0.13735081054276777,-0.1754215269837931,0.0229,-0.25073598709700395,-0.12983244287883777,0.29395,-0.14417929129633072,-0.2338583373864023,0.03355,-0.23710023904223534,-0.06838888739416252,0.4243,-0.12581113426218787,-0.0766672214138644,0.0347,-0.23544071925778748,-0.06091098478521988,0.42325,-0.1259764330923873,-0.07808181665821597
iid_student_t,250,0.000629940788348712,0.01,6.0,,,,,,,iid_student_t,1.0,-0.07441546104480762,-0.22192316097608525,-0.11685238647552997,0.10615,-0.1895215315144082,0.14600382095841133,0.62925,-0.10291632281331009,0.1192621227734893,0.1987,-0.16216459440819367,0.26927593453993404,0.74335,-0.09176144119195916,0.2147234304780339,0.261,-0.14951205071559437,0.326289108094914,0.78305,-0.08743527276243898,0.2517459386184741,0.08885,-0.1973799456558141,0.11059330271037353,0.62385,-0.10358723756885735,0.11352056476356577,0.0861,-0.19854806306971226,0.10532969070718996,0.6024,-0.10569099199865581,0.09551704345560338
iid_student_t,250,0.000629940788348712,0.01,6.0,,,,,,,iid_student_t,1.0,-0.10517587476421746,-0.22192316097608525,-0.11685238647552997,0.12565,-0.18246989352625675,0.1777789541042092,0.68565,-0.09752328240420956,0.16541471384812592,0.1462,-0.17607963255026496,0.20657388000507282,0.7531,-0.09076393666203193,0.22325988026749638,0.1651,-0.1707875951299532,0.23042014011166004,0.6823,-0.09786179427866995,0.1625177950545052,0.13605,-0.17909749263899835,0.19297520884583044,0.6855,-0.09753867157237317,0.16528301633960446,0.1201,-0.18439952141262486,0.1690839270602494,0.6825,-0.09785029982752147,0.16261616233218923
iid_student_t,250,0.000629940788348712,0.01,6.0,,,,,,,iid_student_t,1.0,-0.12446481884408493,-0.22192316097608525,-0.11685238647552997,0.00825,-0.28475713637263933,-0.28313392401311893,0.28535,-0.14560011403601641,-0.24601746209527783,0.0158,-0.2624777978131324,-0.18274179521720757,0.29695,-0.14364987360651368,-0.22932768374906382,0.0317,-0.2394152416063961,-0.07882043745851215,0.3661,-0.13336700951898284,-0.14132893252386589,0.01085,-0.27730598439663556,-0.24955855520874834,0.29255,-0.14439123226855616,-0.23567208701204487,0.0116,-0.27415744089907007,-0.23537101622580828,0.2807,-0.14646006067695821,-0.25337671822071334
iid_student_t,250,0.000629940788348712,0.01,6.0,,,,,,,iid_student_t,1.0,-0.14714034395675685,-0.22192316097608525,-0.11685238647552997,0.03645,-0.23341900806911123,-0.05180102447380329,0.4703,-0.12036689892613062,-0.03007651410984768,0.02595,-0.24621669337425947,-0.10946821544594044,0.403,-0.12857238052988695,-0.10029743001279029,0.08095,-0.20142966954530828,0.09234498706958026,0.52135,-0.11434845223001233,0.021428182350747126,0.0436,-0.22643406176613934,-0.020326408339777526,0.45495,-0.12221602419116129,-0.04590096854166107,0.03745,-0.2316331197693032,-0.043753697227953206,0.4415,-0.12386838701474914,-0.060041568262607946
iid_student_t,250,0.000629940788348712,0.01,6.0,,,,,,,iid_student_t,1.0,-0.1998144653689415,-0.22192316097608525,-0.11685238647552997,0.0041,-0.30369405573820857,-0.36846489750087447,0.20695,-0.160359335692407,-0.37232401090916384,0.0023,-0.3222341189487526,-0.4520076116952795,0.15345,-0.17397530557786622,-0.48884683338750945,0.00475,-0.2998929291142073,-0.35133677708621036,0.15735,-0.17286712380400132,-0.4793632292670496,0.00475,-0.2998532560133471,-0.35115800754865656,0.21545,-0.15856729255603103,-0.3569880542340192,0.0069,-0.28926761228095216,-0.3034584178085136,0.20825,-0.16007962573526152,-0.36993030748913086
iid_student_t,250,0.000629940788348712,0.01,6.0,,,,,,,iid_student_t,1.0,-0.06124561103528012,-0.22192316097608525,-0.11685238647552997,0.19695,-0.16256895395101345,0.2674538644998297,0.76355,-0.08969468017099498,0.2324103693870392,0.2289,-0.15576621924096223,0.2981074235070587,0.7981,-0.08584484737172726,0.26535648983340177,0.38645,-0.13059772761866695,0.4115182613465913,0.87485,-0.07650098967398578,0.3453194069767173,0.17405,-0.16809894943630233,0.24253535008715515,0.7499,-0.0910537166286618,0.2207799996645397,0.18255,-0.1660509650683874,0.2517636990296777,0.7589,-0.0901519605680881,0.22849705267280274
iid_student_t,250,0.000629940788348712,0.01,6.0,,,,,,,iid_student_t,1.0,-0.13676541484181992,-0.22192316097608525,-0.11685238647552997,0.06325,-0.2112853775743257,0.04793453443512323,0.49505,-0.11743934689677828,-0.005023093142999067,0.0478,-0.22370280849628119,-0.008019205892564383,0.47765,-0.11941112086640276,-0.021897151338099743,0.06955,-0.20737352038708587,0.06556161387124108,0.58415,-0.10752478261081891,0.07982382000100913,0.06285,-0.21166373148131096,0.046229647458382504,0.5008,-0.11677400939489027,0.0006707358146776641,0.0632,-0.21130267368870365,0.04785659703416932,0.51625,-0.11501935874814073,0.015686694835052317
iid_student_t,250,0.000629940788348712,0.01,6.0,,,,,,,iid_student_t,1.0,-0.1879822225939213,-0.22192316097608525,-0.11685238647552997,0.00475,-0.30028435110798585,-0.3531005497003754,0.24015,-0.15343108371215586,-0.3130333777503623,0.00965,-0.2802557130117068,-0.26285022157695187,0.2776,-0.14691650352266522,-0.2572828673330602,0.0138,-0.2674818591625889,-0.20529041667450426,0.29445,-0.14410618334088895,-0.23323269372051894,0.003,-0.31298470027620584,-0.4103291377952818,0.20885,-0.15995125121099157,-0.3688317032745149,0.0041,-0.3038611296682205,-0.3692177433475048,0.22695,-0.15620683310465855,-0.3367877012710373
iid_student_t,250,0.000629940788348712,0.01,6.0,,,,,,,iid_student_t,1.0,-0.0847856194407003,-0.22192316097608525,-0.11685238647552997,0.08885,-0.1973040480367942,0.11093530225060218,0.56885,-0.10916441213838783,0.0657921893512382,0.179,-0.16686903153971136,0.24807743902992893,0.71365,-0.09478286509468328,0.1888666722734692,0.2853,-0.14561318010030777,0.3438576692047062,0.77995,-0.08772568265483417,0.249260667233315,0.0848,-0.19919209687645245,0.10242763305846354,0.56495,-0.10951485654180551,0.06279315429523559,0.06995,-0.20720127017840675,0.06633778436161039,0.5812,-0.10782791116169185,0.07722970480990499
iid_student_t,250,0.000629940788348712,0.01,6.0,,,,,,,iid_student_t,1.0,-0.08280300571079076,-0.22192316097608525,-0.11685238647552997,0.10815,-0.18891768631740308,0.14872478615352314,0.6684,-0.09917190720469518,0.151306103401981,0.1164,-0.18591868176131407,0.16223849307306448,0.63995,-0.10186101323857252,0.12829325689550022,0.30165,-0.142969269171051,0.3557713014620517,0.81185,-0.08425503736347487,0.2789617747249116,0.13485,-0.17941982701266157,0.1915227494799603,0.67245,-0.09877034793039488,0.15474256958304947,0.11945,-0.1846798444970909,0.16782077325857725,0.6777,-0.09833902373872502,0.1584337581387935
iid_student_t,250,0.000629940788348712,0.01,6.0,,,,,,,iid_student_t,1.0,-0.11581419783498614,-0.22192316097608525,-0.11685238647552997,0.12745,-0.18182298429670657,0.18069396859257936,0.6418,-0.1016747207041901,0.12988751217775268,0.2818,-0.14622487709889595,0.34110132328795845,0.841,-0.08056297717855046,0.31055770781864916,0.1869,-0.1649189717522061,0.25686453353114413,0.6415,-0.10169856094749824,0.12968349201156526,0.11815,-0.18516982411291227,0.16561289367689552,0.6637,-0.0995845957888032,0.14777439475181628,0.1164,-0.18591427234047322,0.16225836220624307,0.6655,-0.0994018630611662,0.14933818590019188
iid_student_t,250,0.000629940788348712,0.01,6.0,,,,,,,iid_student_t,1.0,-0.0722703011788687,-0.22192316097608525,-0.11685238647552997,0.0832,-0.20018125115307744,0.09797044043253667,0.608,-0.10518074678323111,0.09988362278542776,0.2263,-0.15632061962245816,0.29560925982257663,0.81475,-0.08389057598336849,0.2820807643416337,0.4017,-0.12871686547155953,0.4199935468410607,0.8754,-0.07645307991140018,0.3457294094082519,0.0815,-0.20112954924296855,0.09369734840500692,0.58475,-0.10745374150757886,0.0804317759476763,0.08005,-0.2019614519073925,0.08994874163154085,0.6196,-0.10402621240371257,0.10976390349120788
iid_student_t,250,0.000629940788348712,0.01,6.0,,,,,,,iid_student_t,1.0,-0.1666367538855144,-0.22192316097608525,-0.11685238647552997,0.0029,-0.31607739958197,-0.42426503926749204,0.1652,-0.17074339892469426,-0.4611888047357047,0.0008,-0.35233839276730444,-0.5876594007475989,0.10615,-0.18952615310575427,-0.6219279624677833,0.0029,-0.3163078587025158,-0.42530350284890545,0.15115,-0.17475830697276717,-0.4955476070603254,0.0032,-0.3107065686023937,-0.40006373032815573,0.15665,-0.1730890633145512,-0.48126254443932776,0.003,-0.3134312939570418,-0.4123415175706585,0.1634,-0.17123051316883195,-0.4653574337113714
iid_student_t,250,0.000629940788348712,0.01,6.0,,,,,,,iid_student_t,1.0,-0.12841181875988888,-0.22192316097608525,-0.11685238647552997,0.094,-0.19526827223297943,0.1201086386200951,0.592,-0.10684775258677981,0.08561771128949278,0.03395,-0.23631482363449033,-0.06484975518150603,0.4278,-0.12543083577886402,-0.07341270094753662,0.05755,-0.2154046174264806,0.029372975407046868,0.40455,-0.12841181875988858,-0.09892337360845663,0.09335,-0.19555562829110126,0.11881379378795613,0.59605,-0.10634507460294668,0.08991953172290258,0.0991,-0.19302207950929762,0.13023012712901136,0.586,-0.10733829160126096,0.0814197737952177
iid_student_t,250,0.000629940788348712,0.01,6.0,,,,,,,iid_student_t,1.0,-0.12352466920684432,-0.22192316097608525,-0.11685238647552997,0.00515,-0.29743483575540036,-0.3402604507217359,0.20355,-0.1611783045906749,-0.3793325874814479,0.00665,-0.29152247513689983,-0.3136189744896194,0.2279,-0.15600419468588345,-0.33505356108882084,0.02705,-0.24405492145060667,-0.09972713247765236,0.2959,-0.14386432384844003,-0.23116290721684685,0.0051,-0.2977568520256879,-0.3417114766933885,0.18715,-0.16485290328598712,-0.41077908854269685,0.0057,-0.2956353616972483,-0.3321519051772446,0.2066,-0.1604649015035304,-0.37322742259212077
iid_student_t,250,0.000629940788348712,0.01,6.0,,,,,,,iid_student_t,1.0,-0.14547042006917496,-0.22192316097608525,-0.11685238647552997,0.0373,-0.23179529838008484,-0.044484484452091154,0.49595,-0.11725621949066484,-0.0034559244129724162,0.0268,-0.24492818054805301,-0.10366209399138299,0.3942,-0.12964728320562663,-0.1094962380830454,0.06745,-0.20886012956608868,0.05886285754286033,0.4982,-0.11705525043832651,-0.0017360703440920317,0.036,-0.2340662716826046,-0.0547176358389556,0.46735,-0.12071837739529326,-0.03308439849940822,0.0426,-0.22723211553605926,-0.023922489823160534,0.4719,-0.12010615963713607,-0.027845157978758757
iid_student_t,250,0.000629940788348712,0.01,6.0,,,,,,,iid_student_t,1.0,-0.09139912686503886,-0.22192316097608525,-0.11685238647552997,0.28445,-0.1457432233784165,0.3432716858511132,0.8317,-0.08176540160697073,0.3002675933872074,0.5735,-0.10863989632603131,0.5104616577728969,0.95075,-0.06497908563803648,0.4439216211331402,0.40835,-0.12785059089957443,0.42389703563499714,0.87835,-0.07602953194616364,0.34935405053036744,0.29635,-0.1437695843742248,0.352165029815353,0.83705,-0.08105628529719404,0.3063360728694401,0.294,-0.14414969818990378,0.3504522125771381,0.8303,-0.08199470849186787,0.2983052296579466
iid_student_t,250,0.000629940788348712,0.01,6.0,,,,,,,iid_student_t,1.0,-0.09674137447908561,-0.22192316097608525,-0.11685238647552997,0.1179,-0.18533277256521333,0.1648786374974848,0.63715,-0.10215124614036686,0.1258095001614851,0.24635,-0.15218338118865957,0.3142519216141705,0.8191,-0.08332241366496812,0.2869429869759943,0.2422,-0.15302443315799755,0.3104620874858227,0.713,-0.09485075695112524,0.1882856669684883,0.11325,-0.18706076178270908,0.15709220723083062,0.64125,-0.10174023834720056,0.12932682492962214,0.1133,-0.18703637178739882,0.15720211011434665,0.6291,-0.10294758037699434,0.11899462662191698
iid_student_t,250,0.000629940788348712,0.01,6.0,,,,,,,iid_student_t,1.0,-0.164258504538753,-0.22192316097608525,-0.11685238647552997,0.05715,-0.21581232247546023,0.02753583030156791,0.5131,-0.11537950019313593,0.012604674382944402,0.03985,-0.23013113442588612,-0.03698565491632202,0.45785,-0.12180380108573502,-0.04237324336753644,0.0279,-0.24308864768480912,-0.09537304090132662,0.4246,-0.12576870528807754,-0.07630412250429085,0.0508,-0.22116761141324287,0.0034045547995947894,0.4959,-0.11726449973755292,-0.0035267851556395145,0.05165,-0.22064066020318246,0.0057790307566905705,0.52025,-0.11450414847649609,0.020095764150487562
iid_student_t,250,0.000629940788348712,0.01,6.0,,,,,,,iid_student_t,1.0,-0.18977088528863403,-0.22192316097608525,-0.11685238647552997,0.05565,-0.2167033962832601,0.02352059456014884,0.4944,-0.11751060373147851,-0.005632895277550706,0.047,-0.2242096148430724,-0.010302907803451547,0.48875,-0.11814867597016859,-0.011093393414862636,0.0116,-0.2744495750664621,-0.23668739152484036,0.25985,-0.14971532978798116,-0.2812346782436747,0.04935,-0.22232771815294378,-0.0018229605917614129,0.4877,-0.11822631139097567,-0.011757782248918103,0.0492,-0.2224582119988306,-0.0024109742326669536,0.4711,-0.12020433868429567,-0.02868535517216532
iid_student_t,250,0.000629940788348712,0.01,6.0,,,,,,,iid_student_t,1.0,-0.23265052666361982,-0.22192316097608525,-0.11685238647552997,0.00075,-0.35672462344158984,-0.6074240375479826,0.06685,-0.20911142262818555,-0.7895348904318316,0.0017,-0.3325875911972569,-0.4986610218349269,0.0949,-0.19477466132831187,-0.6668436751961381,0.0019,-0.32826499119222574,-0.479183108912188,0.07525,-0.20433778569651972,-0.7486830338660654,0.0009,-0.34970883203219205,-0.5758104313856505,0.0723,-0.20589134351528554,-0.7619780795696561,0.00075,-0.35758267156716544,-0.6112904574466612,0.07535,-0.20424129894985368,-0.747857319051193
iid_student_t,250,0.000629940788348712,0.01,6.0,,,,,,,iid_student_t,1.0,-0.09744330389468578,-0.22192316097608525,-0.11685238647552997,0.0255,-0.24670377291176213,-0.1116630270886745,0.4158,-0.12681025057750345,-0.08521746454924783,0.13515,-0.17931582702686957,0.19199138008766511,0.6587,-0.10001189453055041,0.14411765521370945,0.25205,-0.15113639631136128,0.31896970263663493,0.7345,-0.09267319790467779,0.2069207938334707,0.0308,-0.24037617875472891,-0.08315048189419125,0.42955,-0.12521622965666385,-0.0715761434866831,0.0347,-0.23544956024368463,-0.06095082283483248,0.40855,-0.12780338673782113,-0.09371653068107778
iid_student_t,250,0.000629940788348712,0.01,6.0,,,,,,,iid_student_t,1.0,-0.11761632837381619,-0.22192316097608525,-0.11685238647552997,0.0121,-0.27217962259038403,-0.2264588400474094,0.33215,-0.1381297199093844,-0.18208728187429984,0.0108,-0.27733601935709606,-0.24969389466736275,0.2536,-0.15083384018996415,-0.29080667275503386,0.02585,-0.2463341738206644,-0.10999758987395508,0.33885,-0.1370966551004621,-0.17324651413235345,0.01245,-0.2708880077382495,-0.22063874066502132,0.3055,-0.142363036816336,-0.2183151847407773,0.0126,-0.2705206975801834,-0.21898361752938023,0.28865,-0.14501955665794208,-0.24104916495060716
iid_student_t,250,0.000629940788348712,0.01,6.0,,,,,,,iid_student_t,1.0,-0.08539025767538097,-0.22192316097608525,-0.11685238647552997,0.2447,-0.1525257533422874,0.31270917072633175,0.81685,-0.08356648475408926,0.28485427405807495,0.2538,-0.1507949333935326,0.3205083564496341,0.82505,-0.08266337723550868,0.2925828925811524,0.4256,-0.12564965414902657,0.4338145978257459,0.85295,-0.07918765033169567,0.3223274875239425,0.2473,-0.1519539137931031,0.31528591641916154,0.82765,-0.08235152527913334,0.29525166098016703,0.2422,-0.1530120205437753,0.31051801952179253,0.8171,-0.08352926690923523,0.2851727771368445
iid_student_t,250,0.000629940788348712,0.01,6.0,,,,,,,iid_student_t,1.0,-0.1621351928613098,-0.22192316097608525,-0.11685238647552997,0.00325,-0.30878876338816985,-0.39142197700331677,0.17255,-0.16840415303379144,-0.4411699932979711,0.0023,-0.3226157957614384,-0.4537274718982753,0.1384,-0.17833746694060468,-0.5261773620511404,0.0017,-0.3311491175007639,-0.4921791670786855,0.1191,-0.18478536774473753,-0.5813572432552192,0.00365,-0.3065730357966317,-0.3814377663342153,0.16925,-0.1694663777502699,-0.4502603058582618,0.003,-0.31386111035856695,-0.4142782978491779,0.1726,-0.16837944143262035,-0.4409585162206392
iid_student_t,250,0.000629940788348712,0.01,6.0,,,,,,,iid_student_t,1.0,-0.10303385564316177,-0.22192316097608525,-0.11685238647552997,0.05355,-0.2182428714776715,0.0165836205749176,0.5069,-0.11604297948280796,0.006926747644058585,0.1121,-0.1876093473008759,0.15462024569354013,0.61285,-0.10474469294828884,0.10361528670855685,0.1269,-0.18197822244393916,0.1799944555424326,0.62705,-0.10318714459187445,0.11694448265733241,0.0525,-0.21949033960203862,0.010962449179915894,0.50885,-0.11576540972776882,0.009302135630655448,0.05545,-0.21683840633525325,0.02291223060480801,0.52295,-0.1141660483587475,0.02298915921024013
iid_student_t,250,0.000629940788348712,0.01,6.0,,,,,,,iid_student_t,1.0,-0.05253082264436574,-0.22192316097608525,-0.11685238647552997,0.3976,-0.12916158228013627,0.4179896243724876,0.9043,-0.07243900593491594,0.3800810739104128,0.48655,-0.11838832611302329,0.4665346077790367,0.93105,-0.06838271542996921,0.41479401925360576,0.73635,-0.09248862059518204,0.5832403423401636,0.97545,-0.058648474547493834,0.49809775977681553,0.40785,-0.12793448002684485,0.4235190258459267,0.9106,-0.07144377924209808,0.38859803041284824,0.386,-0.13063302445249936,0.41135921154900745,0.9008,-0.07290105398522159,0.3761269565471152
iid_student_t,250,0.000629940788348712,0.01,6.0,,,,,,,iid_student_t,1.0,-0.1818389830301846,-0.22192316097608525,-0.11685238647552997,0.0017,-0.3319237483287337,-0.4956697032830309,0.10875,-0.18865699380499873,-0.6144898661911826,0.00255,-0.32005436257517783,-0.4421854896419186,0.12285,-0.18342059800443627,-0.5696778092148451,0.0126,-0.2705198948495658,-0.2189800003737212,0.17055,-0.1690594476253047,-0.44677787698163446,0.0017,-0.333138565561049,-0.5011437476638523,0.1162,-0.18598018133126626,-0.5915822255817799,0.0021,-0.32592981290672973,-0.4686606457532046,0.1095,-0.1884117031376417,-0.6123907163598832
iid_student_t,250,0.000629940788348712,0.01,6.0,,,,,,,iid_student_t,1.0,-0.22478195709243123,-0.22192316097608525,-0.11685238647552997,0.0015,-0.3348844318715546,-0.5090107332584461,0.1086,-0.18872303384819675,-0.6150550240385309,0.00175,-0.33030153906657644,-0.4883599242810452,0.13175,-0.18045446968398748,-0.5442942598504518,0.00255,-0.3200370549755302,-0.4421075004876027,0.1128,-0.18733375331556645,-0.6031658314038454,0.00125,-0.34164912757493865,-0.5394928860613842,0.10375,-0.19069517803520591,-0.6319322504820161,0.00145,-0.3383366622529625,-0.5245667048218646,0.1109,-0.18803669110041543,-0.6091814362712409
iid_student_t,250,0.000629940788348712,0.01,6.0,,,,,,,iid_student_t,1.0,-0.09170116665776645,-0.22192316097608525,-0.11685238647552997,0.06315,-0.2113418714964695,0.04767996919778919,0.5324,-0.11313279598266052,0.031831532115506836,0.0521,-0.21990790062114182,0.00908089244078762,0.512,-0.11547477319083654,0.011789346595688973,0.086,-0.19857694306628246,0.10519955558995761,0.5649,-0.1095300945006557,0.06266275080661377,0.0636,-0.21101249352463483,0.04916416746887526,0.5459,-0.11164927799163521,0.04452719059344447,0.06195,-0.21215928734984346,0.04399664092426097,0.5597,-0.11012329180784022,0.057586283606615774
iid_student_t,250,0.000629940788348712,0.01,6.0,,,,,,,iid_student_t,1.0,-0.06498749786399476,-0.22192316097608525,-0.11685238647552997,0.28395,-0.14584371220000436,0.34281887677455763,0.8282,-0.08228378184653212,0.29583139610278175,0.64145,-0.10171029648117336,0.5416868792161184,0.9623,-0.0625009298280404,0.465129196645644,0.65655,-0.1002314794902502,0.5483505234451339,0.95065,-0.06498749786399463,0.44384963093925645,0.2764,-0.14706570665072566,0.33731249138717134,0.84865,-0.07969945598089265,0.3179475543053415,0.30335,-0.14263511269715218,0.3572770319699856,0.83825,-0.08091219593458301,0.30756916161462544
iid_student_t,250,0.000629940788348712,0.01,6.0,,,,,,,iid_student_t,1.0,-0.13777948611371837,-0.22192316097608525,-0.11685238647552997,0.0249,-0.2478357339436314,-0.11676371611495982,0.38395,-0.13088475007164208,-0.12008623888097163,0.02865,-0.24244221895360574,-0.09246019156933175,0.3972,-0.12920369027641637,-0.10570005605724528,0.0188,-0.2572177075170248,-0.15903949090173114,0.3048,-0.14245295481313736,-0.2190846854716861,0.0214,-0.2528905796518718,-0.1395411751508155,0.36405,-0.13365879159080296,-0.14382594675370555,0.0224,-0.25166468591769536,-0.13401721934203661,0.35755,-0.1345229615922992,-0.15122134557747893
iid_student_t,250,0.000629940788348712,0.01,6.0,,,,,,,iid_student_t,1.0,-0.08045291446203695,-0.22192316097608525,-0.11685238647552997,0.1845,-0.1655683619619026,0.2539383395870768,0.7516,-0.0909112462642503,0.2219992333379686,0.2579,-0.15008221105295333,0.32371992903829266,0.7982,-0.0858241585276913,0.26553354093744824,0.26195,-0.14931524845059077,0.3271759117261258,0.7777,-0.08797032671597581,0.2471670509322661,0.19455,-0.1630573001323072,0.2652533452789162,0.7473,-0.09139518990137993,0.21785773780051143,0.1724,-0.16847980082678654,0.24081920928955153,0.7462,-0.09149162143358902,0.21703249550022444
iid_student_t,250,0.000629940788348712,0.01,6.0,,,,,,,iid_student_t,1.0,-0.07228791859780422,-0.22192316097608525,-0.11685238647552997,0.10105,-0.19194993151428805,0.1350612947741275,0.6238,-0.10360189743219972,0.11339510850388176,0.06855,-0.20799334919971665,0.06276862547875159,0.59295,-0.10670372746067756,0.08685025031112763,0.25685,-0.15024398805546357,0.32299095148678925,0.759,-0.09013499380515233,0.22864225093060053,0.0863,-0.19829405315699117,0.10647427566895727,0.6093,-0.10507649141054898,0.10077581999103609,0.0871,-0.1980521451369123,0.10756432872612752,0.62155,-0.10377090146141797,0.11194880488685086
iid_student_t,250,0.000629940788348712,0.01,6.0,,,,,,,iid_student_t,1.0,-0.11701749549873719,-0.22192316097608525,-0.11685238647552997,0.0287,-0.24230166654683954,-0.09182685340783477,0.403,-0.12857637317087497,-0.1003315982579451,0.03295,-0.23777008938638872,-0.07140727601663513,0.4303,-0.12515544931700656,-0.07105599715941907,0.06565,-0.20979830395039256,0.054635383582154716,0.4985,-0.11701749549873733,-0.0014129709130240027,0.02585,-0.24625466247052932,-0.10963930662949628,0.3791,-0.13157487607435386,-0.12599220300825376,0.02415,-0.24885147397720064,-0.12134070586718629,0.37965,-0.13145020391460815,-0.12492528290926361
iid_student_t,250,0.000629940788348712,0.01,6.0,,,,,,,iid_student_t,1.0,-0.10167346318076993,-0.22192316097608525,-0.11685238647552997,0.22285,-0.15693539771741277,0.29283903028794567,0.79335,-0.0863176922136996,0.26130997562659647,0.3961,-0.12935621827523575,0.4171125820924326,0.8774,-0.07620506253510113,0.3478518938844332,0.3892,-0.13026747570685898,0.4130063976472614,0.8556,-0.07883247146562053,0.3253670391906902,0.2148,-0.15872837371473678,0.28475976542240417,0.78945,-0.08673607482440582,0.2577295386040815,0.21145,-0.15958952436376028,0.28087936535403857,0.7913,-0.0865342003205733,0.25945714135077247
iid_student_t,250,0.000629940788348712,0.01,6.0,,,,,,,iid_student_t,1.0,-0.09552047967905271,-0.22192316097608525,-0.11685238647552997,0.2125,-0.159302203498259,0.28217405160597175,0.7657,-0.08941715238256037,0.2347853982315954,0.38405,-0.13087940054003305,0.4102490250932538,0.88095,-0.07567171575265308,0.35241617193244507,0.2672,-0.14849820032482158,0.33085758299547674,0.7663,-0.08937117512412684,0.23517886266839708,0.1915,-0.16371887296737525,0.2622722556433944,0.7521,-0.09082310550698025,0.22275352479857569,0.1883,-0.16457156191609795,0.2584299845394126,0.7525,-0.09080838545313905,0.2228794961568439
iid_student_t,250,0.000629940788348712,0.01,6.0,,,,,,,iid_student_t,1.0,-0.08979294601352811,-0.22192316097608525,-0.11685238647552997,0.05385,-0.2179984369866622,0.017685058072176595,0.5132,-0.11535708074516332,0.012796535658942457,0.08885,-0.19733461862355847,0.11079754922550185,0.59115,-0.10693561342576638,0.084865815315122,0.11065,-0.1881195470115519,0.15232125306729963,0.6033,-0.10559328449981042,0.09635320523023555,0.05025,-0.22157269142479294,0.0015792382811728092,0.50735,-0.11595806523541378,0.007653427260584533,0.05605,-0.21661854842278744,0.02390292446253252,0.51915,-0.11464029892648371,0.018930615075709107
iid_student_t,250,0.000629940788348712,0.01,6.0,,,,,,,iid_student_t,1.0,-0.0633322530191256,-0.22192316097608525,-0.11685238647552997,0.11505,-0.18638747774840397,0.16012606828140236,0.62945,-0.10289903530978126,0.11941006586691046,0.11965,-0.1845802122440355,0.16826972258237557,0.6912,-0.09692726961030172,0.17051527543599426,0.44935,-0.12282334478685743,0.4465501291228767,0.89855,-0.07321314145572146,0.37345617266402165,0.113,-0.18723327120006944,0.15631486872951508,0.62955,-0.10288556144449587,0.11952537258585544,0.11935,-0.18470870022043248,0.16769074751807023,0.6558,-0.10031074233707837,0.1415601738002636
iid_student_t,250,0.000629940788348712,0.01,6.0,,,,,,,iid_student_t,1.0,-0.23447871498496833,-0.22192316097608525,-0.11685238647552997,0.0099,-0.27993534226318395,-0.26140661043193314,0.26865,-0.1482467127212128,-0.2686665389778505,0.0043,-0.3030432277833266,-0.3655322249847683,0.22235,-0.156999256318533,-0.343569105038434,0.0043,-0.30281584569626346,-0.3645076267136233,0.17095,-0.1689533002410481,-0.44586948830889794,0.00875,-0.2817698036443205,-0.2696728110982721,0.2601,-0.1496704123319321,-0.28085028338958695,0.00995,-0.27937163247582436,-0.2588664979674196,0.25665,-0.1502587092866295,-0.28588481432593704
iid_student_t,250,0.000629940788348712,0.01,6.0,,,,,,,iid_student_t,1.0,-0.1107587401427384,-0.22192316097608525,-0.11685238647552997,0.02105,-0.2532749414500766,-0.14127313407080516,0.373,-0.13243803474197952,-0.13337894703342953,0.0174,-0.2593966803000004,-0.16885808204558403,0.32795,-0.13877659117540325,-0.1876230803764066,0.048,-0.22367633762430203,-0.007899926445287546,0.43835,-0.12427459078832728,-0.06351778116531322,0.0248,-0.24794670412542125,-0.11726375487297755,0.38095,-0.13126156789856278,-0.12331097256665985,0.02225,-0.25184394681258626,-0.13482498043422028,0.3475,-0.13592264720830122,-0.16319958289225656
iid_student_t,250,0.000629940788348712,0.01,6.0,,,,,,,iid_student_t,1.0,-0.12291768436071529,-0.22192316097608525,-0.11685238647552997,0.04075,-0.22942029130747807,-0.033782550223321314,0.4689,-0.12053240265779744,-0.03149286286111157,0.01415,-0.26641853196575627,-0.20049899611183847,0.36125,-0.13404962877756987,-0.14717065539471186,0.0535,-0.21849060936869152,0.015467297745293115,0.505,-0.11620127617108286,0.005572075368640004,0.0391,-0.230671245766951,-0.039419431267962414,0.4758,-0.1196691919350215,-0.024105673358082426,0.0478,-0.2237129477939032,-0.008064894218097451,0.4721,-0.12007500623630221,-0.02757855323260424
iid_student_t,250,0.000629940788348712,0.01,6.0,,,,,,,iid_student_t,1.0,-0.05907838249438477,-0.22192316097608525,-0.11685238647552997,0.2538,-0.15079080569186995,0.32052695613812304,0.82605,-0.08252513050485197,0.29376598121824804,0.36285,-0.13380051262665085,0.3970863066380467,0.8694,-0.07729668308768112,0.3385100174751861,0.534,-0.11294034280582453,0.49108357005605585,0.8701,-0.07718200663236992,0.3394913962794197,0.27725,-0.1469464079881819,0.33785005881374836,0.82515,-0.08264654019632098,0.29272698068834074,0.28135,-0.14633453370245272,0.3406072035977266,0.8379,-0.08096579128962468,0.30711050298848874
iid_student_t,250,0.000629940788348712,0.01,6.0,,,,,,,iid_student_t,1.0,-0.09318785165648559,-0.22192316097608525,-0.11685238647552997,0.1943,-0.16312286732996917,0.2649578952800356,0.76205,-0.08982918939915008,0.23125926556954668,0.0596,-0.21394520437004827,0.03594918426246053,0.5355,-0.11276658355474256,0.034965506858886546,0.1343,-0.17961435110398105,0.19064621144551674,0.62935,-0.10290774539209752,0.11933552667623604,0.1571,-0.17295710209585172,0.22064420254680034,0.734,-0.09272382717299872,0.2064875184006961,0.19485,-0.16299424671923993,0.2655374680031508,0.74935,-0.09111359692842838,0.22026755570363588
iid_student_t,250,0.000629940788348712,0.01,6.0,,,,,,,iid_student_t,1.0,-0.11546237302874265,-0.22192316097608525,-0.11685238647552997,0.05325,-0.2187276467624052,0.01439919204298108,0.4917,-0.11779303664653626,-0.008049901241882424,0.0609,-0.2130671908419917,0.03990556954552343,0.55275,-0.11085415324286733,0.051331713571110674,0.0787,-0.20266976281136204,0.08675704725924477,0.53715,-0.11259282034428397,0.036452538623487914,0.04815,-0.2233312654931708,-0.006345009285611706,0.48475,-0.1185924858968945,-0.01489143246320373,0.0498,-0.22204992652783345,-0.0005712137083423393,0.4954,-0.11736152091466884,-0.004357073522375088
iid_student_t,250,0.000629940788348712,0.01,6.0,,,,,,,iid_student_t,1.0,-0.14271671587056092,-0.22192316097608525,-0.11685238647552997,0.03725,-0.23188804291534887,-0.044902397277666074,0.44265,-0.12367793914598683,-0.0584117524367909,0.07455,-0.20467137664270058,0.07773764692926192,0.5742,-0.10854352435375267,0.07110562627248741,0.0368,-0.2327336867918022,-0.048712922834052055,0.39505,-0.12956006310609797,-0.10874982543235533,0.03725,-0.23186941701600297,-0.04481846778033927,0.42745,-0.1254792634412843,-0.07382713546514415,0.03305,-0.2377297057145981,-0.07122530460088469,0.42825,-0.12537863175552116,-0.07296594906751586
iid_student_t,250,0.000629940788348712,0.01,6.0,,,,,,,iid_student_t,1.0,-0.12453721337778714,-0.22192316097608525,-0.11685238647552997,0.0618,-0.2123858226082358,0.042975858517431666,0.546,-0.11162591621389223,0.04472711614436912,0.1034,-0.1908356905275253,0.1400821361404003,0.6469,-0.10115687744882869,0.13431911405581837,0.0467,-0.22448872015748603,-0.011560574255146117,0.43615,-0.12453721337778734,-0.06576525421555382,0.06525,-0.21016235562002408,0.052994943404435946,0.53265,-0.11310650627238389,0.0320565143436801,0.0601,-0.21370479491262537,0.03703248470016838,0.5319,-0.11320435511898325,0.031219142942456313
iid_student_t,250,0.000629940788348712,0.01,6.0,,,,,,,iid_student_t,1.0,-0.10317900055646631,-0.22192316097608525,-0.11685238647552997,0.0119,-0.27255519155976526,-0.22815117791664924,0.28005,-0.14659279645018297,-0.25451264515578326,0.01735,-0.2594799689765412,-0.1692333861651471,0.31025,-0.14165927143140278,-0.2122924974327984,0.06255,-0.21178362763469688,0.045689387699740895,0.4501,-0.12272359199891969,-0.05024463513733383,0.01215,-0.27190901079110597,-0.2252394459197851,0.2748,-0.14731629954709002,-0.2607042439645809,0.0116,-0.27412276125889207,-0.2352147475424249,0.26265,-0.14924179700867996,-0.27718227680298724
iid_student_t,250,0.000629940788348712,0.01,6.0,,,,,,,iid_student_t,1.0,-0.09943157035004015,-0.22192316097608525,-0.11685238647552997,0.01505,-0.2640256390033224,-0.18971646691610594,0.33415,-0.13775396950491808,-0.17887168298240202,0.02505,-0.24760517831345216,-0.115724817654947,0.41985,-0.12636697187855767,-0.08142397164494494,0.0727,-0.20567731615790152,0.07320481894151823,0.499,-0.11695152826320108,-0.0008484361394868137,0.01805,-0.25813006931736787,-0.1631506517032007,0.34085,-0.1368431228930085,-0.1710768348035819,0.01805,-0.2582014007209055,-0.163472075583538,0.32415,-0.139442513686057,-0.1933219157253381
iid_student_t,250,0.000629940788348712,0.01,6.0,,,,,,,iid_student_t,1.0,-0.1062327052201328,-0.22192316097608525,-0.11685238647552997,0.032,-0.2390312180390465,-0.07709000262845411,0.4165,-0.12677022694466403,-0.08487495008252104,0.0552,-0.2171370349438661,0.021566590937008624,0.52485,-0.11395683335637183,0.024779580516008495,0.0865,-0.19822254548361906,0.10679649383247654,0.5815,-0.10781056146146037,0.07737818017061246,0.03335,-0.23738157627014606,-0.06965661099125488,0.4274,-0.1254907899297458,-0.07392577691192298,0.03665,-0.23300750246492175,-0.0499467538227385,0.45425,-0.12228039542276804,-0.046451845023933305
iid_student_t,250,0.000629940788348712,0.01,6.0,,,,,,,iid_student_t,1.0,-0.15631131000646184,-0.22192316097608525,-0.11685238647552997,0.02235,-0.2517216414333929,-0.13427386454953547,0.36515,-0.13346860470009425,-0.14219836432732064,0.0422,-0.22752749003477166,-0.025253466262993338,0.4489,-0.12287904797339788,-0.051574997136493723,0.03515,-0.234890951464044,-0.05843369583833655,0.4396,-0.1241227236509258,-0.06221813173596004,0.02215,-0.25192914973437136,-0.1352089102656554,0.35515,-0.13485361484356545,-0.154051011802015,0.0188,-0.25719832581386776,-0.1589521557039457,0.39465,-0.12960100075616815,-0.10910016188080052
iid_student_t,250,0.000629940788348712,0.01,6.0,,,,,,,iid_student_t,1.0,-0.08998712399751269,-0.22192316097608525,-0.11685238647552997,0.07675,-0.20357464599996952,0.08267958556201796,0.5608,-0.10998985629933089,0.05872819874017854,0.05205,-0.21997938471422124,0.008758780531579914,0.5031,-0.11643634767403069,0.003560379159106004,0.17075,-0.16902256854719117,0.23837346312219626,0.68205,-0.09789705635748257,0.16221602904119403,0.06355,-0.2110288731026748,0.04909036003945726,0.54265,-0.11200259062919132,0.04150360974745036,0.0681,-0.20843892648447643,0.06076082564929715,0.5459,-0.1116472284218,0.04454473041352885
iid_student_t,250,0.000629940788348712,0.01,6.0,,,,,,,iid_student_t,1.0,-0.19524470201928548,-0.22192316097608525,-0.11685238647552997,0.00075,-0.3565685889154572,-0.6067209359634235,0.07175,-0.20623224891247524,-0.7648954816653427,0.00065,-0.35941161007124206,-0.6195317716746688,0.06245,-0.2118094465936219,-0.8126240548623871,0.00175,-0.3297881347057099,-0.48604649129546385,0.0873,-0.19785893520529999,-0.6932382912584638,0.0008,-0.3552200212315443,-0.6006442034674483,0.0678,-0.20855318956540447,-0.7847576404361888,0.0008,-0.35610400415899596,-0.6046274872471298,0.069,-0.20778128712303315,-0.7781518494407864
iid_student_t,250,0.000629940788348712,0.01,6.0,,,,,,,iid_student_t,1.0,-0.1398979166090051,-0.22192316097608525,-0.11685238647552997,0.0864,-0.1982462756377256,0.10668956423575414,0.62035,-0.10392717392348094,0.11061145554571698,0.0835,-0.19993064713495415,0.099099678214754,0.6275,-0.10313951009382169,0.11735212942852379,0.04155,-0.22825442224997305,-0.028529069458280074,0.46885,-0.12055178009842929,-0.03165869122984505,0.07865,-0.20268538066379588,0.08668667221427358,0.59625,-0.106321899562795,0.09011785920983437,0.0917,-0.19611455746856785,0.11629522305830248,0.6207,-0.10388515104022997,0.11097107920868578
iid_student_t,250,0.000629940788348712,0.01,6.0,,,,,,,iid_student_t,1.0,-0.11405893792450714,-0.22192316097608525,-0.11685238647552997,0.0643,-0.21058000217588785,0.051113001231177284,0.5919,-0.10685318420413727,0.0855712285643959,0.1062,-0.18951756201356684,0.14602170778385082,0.64295,-0.10156551463606422,0.13082207647224184,0.1362,-0.17900809286767008,0.19337804995054012,0.6212,-0.10379849520646048,0.11171266298273762,0.0716,-0.20640133434467747,0.06994234654525505,0.5981,-0.1061087589088556,0.09194187547829147,0.07155,-0.20647592235728005,0.06960624817555577,0.5762,-0.10834814336243165,0.07277765880185244
iid_student_t,250,0.000629940788348712,0.01,6.0,,,,,,,iid_student_t,1.0,-0.09840925688159535,-0.22192316097608525,-0.11685238647552997,0.08125,-0.20124987271114356,0.09315516313851295,0.6101,-0.10498757649276244,0.10153673656679774,0.0834,-0.20000027829800762,0.09878591572711092,0.57675,-0.1083045434795474,0.07315077812101478,0.0647,-0.21040540393424276,0.051899752108720464,0.52295,-0.11417291224315881,0.022930419422219156,0.09185,-0.19599350228597262,0.11684070547691434,0.60195,-0.10571573060830355,0.09530533524498051,0.0841,-0.19965907580339248,0.10032339605640339,0.575,-0.10843334463345786,0.07204852289289905
iid_student_t,250,0.000629940788348712,0.01,6.0,,,,,,,iid_student_t,1.0,-0.20275010782082434,-0.22192316097608525,-0.11685238647552997,0.0047,-0.30079748303276826,-0.3554127550714845,0.20525,-0.16076668285542928,-0.37581000871638504,0.0053,-0.29699479330389505,-0.3382775912059924,0.22545,-0.15646409186073124,-0.3389892716782156,0.0047,-0.30111679796172963,-0.35685160862582704,0.21905,-0.15783053038679395,-0.35068298686261934,0.0039,-0.3046657041450593,-0.37284320755457556,0.21295,-0.1592123787419445,-0.3625085763677161,0.00565,-0.2957694198501171,-0.3327559798140657,0.21335,-0.15907889655590085,-0.36136626177689174
iid_student_t,250,0.000629940788348712,0.01,6.0,,,,,,,iid_student_t,1.0,-0.048604000408867046,-0.22192316097608525,-0.11685238647552997,0.37815,-0.13171512336119323,0.4064832044484666,0.89625,-0.0735007348238533,0.37099500454579865,0.5974,-0.10620196104278716,0.5214471505557203,0.95415,-0.06426598723171464,0.4500241786232361,0.8591,-0.07843125957305827,0.646583712902728,0.9936,-0.05058665361765573,0.5670892555690417,0.3952,-0.129545559981233,0.41625939621870744,0.9083,-0.0718147297676471,0.3854235079513261,0.4136,-0.1270724058604738,0.42740358734270506,0.8968,-0.07343479607590599,0.3715592955280896
iid_student_t,250,0.000629940788348712,0.01,6.0,,,,,,,iid_student_t,1.0,-0.08226133161145009,-0.22192316097608525,-0.11685238647552997,0.0602,-0.21357621432831142,0.03761187706168852,0.54185,-0.11209373348315738,0.04072362692711541,0.1634,-0.1712396566588176,0.22838312186229798,0.6949,-0.09651366346871243,0.1740548363646528,0.2772,-0.14695490690647686,0.33781176214269526,0.80605,-0.08497815689431878,0.2727734583998929,0.0622,-0.21201629622589294,0.044640968101837236,0.51745,-0.11481933290820276,0.017398477075630348,0.0504,-0.22148644356370253,0.0019678766761517773,0.51015,-0.1156326571824959,0.01043820609765206
iid_student_t,250,0.000629940788348712,0.01,6.0,,,,,,,iid_student_t,1.0,-0.18173097543452538,-0.22192316097608525,-0.11685238647552997,0.01275,-0.27025400660744314,-0.21778189089766117,0.31185,-0.14139284631488724,-0.21001248309546755,0.00495,-0.2986744179245966,-0.34584608749684387,0.23365,-0.15461149683051423,-0.3231351236706782,0.0053,-0.2969009494524654,-0.3378547247912528,0.2349,-0.15438088466015354,-0.32116158956225005,0.0159,-0.2622859770040944,-0.18187743834614314,0.32915,-0.13859139381954422,-0.18603819741898564,0.01235,-0.271364758092283,-0.22278700834441362,0.3275,-0.1388446092875014,-0.18820516615274102
iid_student_t,250,0.000629940788348712,0.01,6.0,,,,,,,iid_student_t,1.0,-0.11106165234628075,-0.22192316097608525,-0.11685238647552997,0.0797,-0.2020912949503783,0.08936366055025707,0.5689,-0.10915631987871219,0.06586144133589783,0.08625,-0.19832468484389015,0.10633624732273032,0.6147,-0.10456676424794205,0.10513796592558806,0.10045,-0.19227839888669757,0.1335811997224672,0.55075,-0.1110616523462804,0.049555976594985486,0.08205,-0.20058134933479818,0.09616757235891611,0.5744,-0.10850382196695296,0.07144539157807679,0.07665,-0.20364697565659298,0.08235366348923687,0.5729,-0.10872192933248333,0.06957887115766553
iid_student_t,250,0.000629940788348712,0.01,6.0,,,,,,,iid_student_t,1.0,-0.17937092909325125,-0.22192316097608525,-0.11685238647552997,0.00225,-0.32329581896340087,-0.45679170007063696,0.1269,-0.18198375042067072,-0.5573815470065723,0.0029,-0.31636838880489426,-0.4255762553733027,0.1138,-0.18676426092875661,-0.5982922263026855,0.0136,-0.26773492860613113,-0.2064307638218195,0.1914,-0.16374213753089556,-0.4012733712133878,0.0022,-0.3247078243779271,-0.4631542870503637,0.1101,-0.1882552887995388,-0.6110521528711893,0.0022,-0.32474339077062636,-0.46331455149749406,0.112,-0.18768941114362697,-0.6062094819341236
iid_student_t,250,0.000629940788348712,0.01,6.0,,,,,,,iid_student_t,1.0,-0.17293152169093798,-0.22192316097608525,-0.11685238647552997,0.0902,-0.1967368387520054,0.11349118367502868,0.5816,-0.10780069873218984,0.07746258348977443,0.099,-0.1930793766343892,0.12997194260766812,0.59995,-0.10591377213286926,0.09361053438948257,0.02905,-0.24202225690609397,-0.09056781564216557,0.39105,-0.13004739359587086,-0.1129203049961163,0.07885,-0.202477685852546,0.0876225583576413,0.56465,-0.10954360826873416,0.06254710260732531,0.0662,-0.20949645365321812,0.05599554038528791,0.56385,-0.10962065744733357,0.06188773072008068
iid_student_t,250,0.000629940788348712,0.01,6.0,,,,,,,iid_student_t,1.0,-0.07693388165074261,-0.22192316097608525,-0.11685238647552997,0.3935,-0.12974090040816566,0.41537917972362187,0.88435,-0.07519617225155817,0.3564857807392322,0.5974,-0.10620189859395168,0.5214474319541792,0.9624,-0.062443322032949646,0.46562219295345,0.58415,-0.10752761269447764,0.5154736791710309,0.9294,-0.06868131302129908,0.41223867913316753,0.39175,-0.12994806674678988,0.41444567491180756,0.88765,-0.07472462465496654,0.3605211933723355,0.41915,-0.12646079745978145,0.4301595340316505,0.8919,-0.07414692733960697,0.36546501465646947
iid_student_t,250,0.000629940788348712,0.01,6.0,,,,,,,iid_student_t,1.0,-0.1435112789574596,-0.22192316097608525,-0.11685238647552997,0.00485,-0.29947659151351835,-0.34946073314894055,0.2176,-0.1581424267223528,-0.3533521350500562,0.01925,-0.2561215860115595,-0.15410029708057155,0.33955,-0.1369894635567166,-0.17232918974576125,0.0225,-0.25151221904041293,-0.13333019381206562,0.3041,-0.14254377221822037,-0.21986188316376776,0.00585,-0.294372464888124,-0.32646121113895815,0.2078,-0.1601699109401678,-0.3707029507155932,0.0046,-0.3018087233666537,-0.3599694688882745,0.2153,-0.15862800779224728,-0.3575076434186951
iid_student_t,250,0.000629940788348712,0.01,6.0,,,,,,,iid_student_t,1.0,-0.23367150772939171,-0.22192316097608525,-0.11685238647552997,0.01325,-0.2691700621950813,-0.21289756783920122,0.31885,-0.14034186933985934,-0.20101842651924193,0.00255,-0.31919065561803456,-0.4382935706851751,0.17045,-0.16910417658691687,-0.44716065873698646,0.00085,-0.35087713882231736,-0.5810748967302622,0.1221,-0.18374451937200936,-0.572449865287837,0.0135,-0.2683677109689812,-0.2092821217425832,0.3171,-0.14057558888735122,-0.20301855295688914,0.01215,-0.271894421388083,-0.22517370513383564,0.3119,-0.14137385289923834,-0.20984994113785957
iid_student_t,250,0.000629940788348712,0.01,6.0,,,,,,,iid_student_t,1.0,-0.18070066326076448,-0.22192316097608525,-0.11685238647552997,0.0826,-0.20039464301925644,0.09700888299418532,0.5745,-0.10849424819946371,0.07152732201850692,0.04165,-0.22805942951439104,-0.02765041968272542,0.4783,-0.11933563348697716,-0.021251145024472517,0.0124,-0.27106337745360176,-0.22142896785257998,0.29645,-0.14372387059206299,-0.22996093556172403,0.0858,-0.19882505459011923,0.10408154914689188,0.59145,-0.10690419088392814,0.0851347233176541,0.08495,-0.1991195799925838,0.10275439878922228,0.58425,-0.10751761678018848,0.0798851437860559
iid_student_t,250,0.000629940788348712,0.01,6.0,,,,,,,iid_student_t,1.0,-0.09375836872156332,-0.22192316097608525,-0.11685238647552997,0.06695,-0.2090724468536832,0.05790614222454617,0.5892,-0.10709494171181665,0.08350231482654934,0.18355,-0.16581919208065798,0.2528080829809066,0.73875,-0.09216802105677681,0.2112439990596367,0.1377,-0.1785440413056539,0.19546909605845933,0.6822,-0.09788576678375646,0.16231264301773846,0.09185,-0.19599040388892133,0.1168546670527934,0.59605,-0.10636395160809595,0.08975798598371287,0.0841,-0.1996628106383946,0.10030656665028957,0.60425,-0.10549574074289433,0.09718796573327858
iid_student_t,250,0.000629940788348712,0.01,6.0,,,,,,,iid_student_t,1.0,-0.044826646241749694,-0.22192316097608525,-0.11685238647552997,0.55425,-0.11069933417804777,0.5011816986962578,0.95715,-0.06357856978999071,0.4559069634122989,0.61845,-0.10416481303849807,0.5306266701485789,0.97095,-0.05994773418405125,0.4869789484649944,0.87155,-0.07697682027817686,0.6531375096695203,0.99555,-0.048889023923600235,0.5816172403647222,0.53565,-0.11275241364428092,0.49193039091385654,0.9483,-0.06547817050583575,0.43965054988802027,0.5741,-0.10858462588152168,0.5107107099415238,0.95875,-0.06335389320520304,0.45782970193364453
iid_student_t,250,0.000629940788348712,0.01,6.0,,,,,,,iid_student_t,1.0,-0.05335583126971099,-0.22192316097608525,-0.11685238647552997,0.2874,-0.1451996861271344,0.3457208995739686,0.84415,-0.08012824518579655,0.3142780596733796,0.6133,-0.10470501348592516,0.5281924922779542,0.96375,-0.06200044289684173,0.46941226647668655,0.79035,-0.08665271437934038,0.6095373101292559,0.98885,-0.05352208402332991,0.5419684129896829,0.2859,-0.14550713491331804,0.34433551562021014,0.85415,-0.07899354414483617,0.3239886105246281,0.3192,-0.14029712561579338,0.36781215174331444,0.85385,-0.07904474354191149,0.3235504560408423
iid_student_t,250,0.000629940788348712,0.01,6.0,,,,,,,iid_student_t,1.0,-0.12693624007595009,-0.22192316097608525,-0.11685238647552997,0.01085,-0.27731313085985826,-0.24959075763048413,0.303,-0.14270846023168277,-0.22127125115726512,0.0214,-0.25287083824045176,-0.1394522190845212,0.39085,-0.13007539949724833,-0.11315997405399501,0.05205,-0.22001746399793123,0.008587192836350123,0.43235,-0.12491869921817236,-0.06902993585271416,0.01635,-0.26159999904468145,-0.1787863776547047,0.33575,-0.1375430694867437,-0.1770668416391013,0.01175,-0.2736821345210564,-0.23322925519499407,0.32605,-0.13909901135792663,-0.1903822895996679
iid_student_t,250,0.000629940788348712,0.01,6.0,,,,,,,iid_student_t,1.0,-0.06412191934936103,-0.22192316097608525,-0.11685238647552997,0.31455,-0.1409285303259492,0.36496700161396917,0.85065,-0.07944236085733905,0.32014772437724187,0.32845,-0.13869592828865465,0.37502724961816525,0.87365,-0.07666002311031936,0.34395842975468266,0.62275,-0.10368934559737707,0.5327691569400871,0.95125,-0.0648190550442578,0.4452911318346797,0.3219,-0.13975827848039613,0.3702402315031162,0.8621,-0.07808087745673745,0.33179903456153764,0.3268,-0.13895958893909635,0.3738391778131223,0.8562,-0.07876868369736592,0.3259129225070568
iid_student_t,250,0.000629940788348712,0.01,6.0,,,,,,,iid_student_t,1.0,-0.05705197877649512,-0.22192316097608525,-0.11685238647552997,0.51295,-0.11539358104019293,0.48002912119376356,0.94125,-0.06671480270699248,0.42906769198964356,0.4554,-0.12215208893580369,0.4495748510496073,0.9115,-0.0713418353141603,0.3894704467238247,0.81165,-0.08426703906318561,0.620287316147834,0.9806,-0.05705197877649506,0.5117602601257758,0.52595,-0.11384946801255204,0.4869869935530496,0.94905,-0.06533440165713705,0.440880895737472,0.529,-0.11347537390402172,0.488672685604681,0.94485,-0.06603870677896181,0.4348535894661341
iid_student_t,250,0.000629940788348712,0.01,6.0,,,,,,,iid_student_t,1.0,-0.1183655483435121,-0.22192316097608525,-0.11685238647552997,0.0474,-0.22383317735122632,-0.008606656316268392,0.49335,-0.11762377692160164,-0.006601409430634205,0.04195,-0.22776765807956392,-0.026335678879900622,0.483,-0.11883754763394941,-0.016988623153495933,0.0815,-0.20110141866691383,0.0938241065853203,0.50945,-0.11569982814833243,0.009863370034285847,0.0371,-0.23230397551581367,-0.04677661625794465,0.4939,-0.11756703918210615,-0.006115858889418899,0.0423,-0.22741898740866215,-0.02476454646916794,0.4933,-0.1176264791425907,-0.006624534512376713
iid_student_t,250,0.000629940788348712,0.01,6.0,,,,,,,iid_student_t,1.0,-0.10189290172907833,-0.22192316097608525,-0.11685238647552997,0.1013,-0.19175910315173808,0.13592117961765013,0.6416,-0.10168626140786055,0.12978874907998006,0.05045,-0.22139143442338427,0.002395993957378239,0.503,-0.11644696997671583,0.0034694755583706692,0.10755,-0.18910653540444944,0.14787382005239272,0.56885,-0.10916203425405958,0.065812538822909,0.09055,-0.19655865827661378,0.11429407632763837,0.61375,-0.10462905393851385,0.1046049028667104,0.0742,-0.20483959475797867,0.07697964531042135,0.60335,-0.10558368931406856,0.09643531896390652
iid_student_t,250,0.000629940788348712,0.01,6.0,,,,,,,iid_student_t,1.0,-0.20688500606299734,-0.22192316097608525,-0.11685238647552997,0.0011,-0.3448957465376324,-0.5541223593818531,0.09715,-0.19394488340737953,-0.6597425971098458,0.0005,-0.36896997993076197,-0.6626023994427634,0.06745,-0.2088530041746168,-0.7873233955590001,0.00175,-0.33059511266248653,-0.4896827857373207,0.10465,-0.190170583027256,-0.6274428684182637,0.0013,-0.33946289668416313,-0.5296415894181686,0.09205,-0.19588513620313075,-0.676346903228639,0.0012,-0.3441692438286378,-0.5508486915690874,0.09915,-0.19295488804212563,-0.6512704092914035
iid_student_t,250,0.000629940788348712,0.01,6.0,,,,,,,iid_student_t,1.0,-0.12311738942482753,-0.22192316097608525,-0.11685238647552997,0.15745,-0.17283662146796747,0.22118709598502617,0.6811,-0.09802355142511247,0.16113350885101893,0.2263,-0.15632591330676374,0.2955854061414994,0.7839,-0.08735613615408264,0.2524231743236509,0.11425,-0.1866254418567672,0.1590537867434296,0.57205,-0.10880049358997484,0.06890653351988892,0.13325,-0.17998712765596936,0.18896645638818643,0.6969,-0.09636512863741986,0.17532596856633592,0.14415,-0.17656553544979645,0.20438437036851959,0.68035,-0.09812306461136477,0.1602818943546976
iid_student_t,250,0.000629940788348712,0.01,6.0,,,,,,,iid_student_t,1.0,-0.10009882380814046,-0.22192316097608525,-0.11685238647552997,0.32785,-0.13879939247240466,0.374561033368834,0.8728,-0.07679938495920227,0.34276579815265634,0.4904,-0.11791716483793627,0.46865769071014995,0.94355,-0.06630714927355319,0.4325563107995355,0.2532,-0.15092318728160004,0.31993043620235867,0.7548,-0.09056379447764232,0.22497265816126688,0.30805,-0.14201304822602676,0.36008009438307215,0.86875,-0.07737261785372618,0.3378601825138696,0.3286,-0.13865409821361938,0.3752157386197246,0.8602,-0.07832130844261476,0.3297414729393139
iid_student_t,250,0.000629940788348712,0.01,6.0,,,,,,,iid_student_t,1.0,-0.12370409127466876,-0.22192316097608525,-0.11685238647552997,0.0011,-0.3458414542044479,-0.5583837787968253,0.1013,-0.19167827009607388,-0.6403453611639605,0.0005,-0.37219974162020164,-0.6771559128085347,0.08915,-0.1971971475072773,-0.6875748408319612,0.0022,-0.32430919505090167,-0.461358037730229,0.111,-0.18801298356838603,-0.6089785518223694,0.00125,-0.34001292615893447,-0.5321200575165507,0.11085,-0.18804668178520517,-0.6092669346088536,0.00125,-0.3419967086928099,-0.5410591088762653,0.1055,-0.18982672966605801,-0.6245002382198638
iid_student_t,250,0.000629940788348712,0.01,6.0,,,,,,,iid_student_t,1.0,-0.1090067999993547,-0.22192316097608525,-0.11685238647552997,0.2016,-0.16158464273939127,0.27188923396416537,0.7725,-0.08855613777567081,0.24215379380193203,0.1958,-0.16283739015228368,0.2662442737563959,0.7785,-0.08791583178731026,0.2476334079345423,0.2517,-0.15121255045185045,0.31862654719420963,0.8119,-0.08425004546491527,0.27900449442204545,0.2144,-0.158801484933301,0.28443032158137976,0.79225,-0.08642343903671063,0.2604050148791053,0.2091,-0.1599189168314063,0.27939510176389665,0.78305,-0.08743470614604985,0.2517507876113464
iid_student_t,250,0.000629940788348712,0.01,6.0,,,,,,,iid_student_t,1.0,-0.1266942085902763,-0.22192316097608525,-0.11685238647552997,0.02785,-0.2431534804242058,-0.09566518138414741,0.42855,-0.12535781824758707,-0.07278783111407167,0.0287,-0.24233564193749607,-0.09197994869769587,0.36565,-0.13340828563095417,-0.14168216546344278,0.05425,-0.21782698001080247,0.018457654204574823,0.4637,-0.12111991751076373,-0.03652070072293669,0.0323,-0.23870174118690857,-0.07560535879637818,0.4235,-0.12588822498109742,-0.07732694879500511,0.0344,-0.2358557390295177,-0.06278109050066139,0.4318,-0.12496903722457939,-0.0694607187226692
iid_student_t,250,0.000629940788348712,0.01,6.0,,,,,,,iid_student_t,1.0,-0.0848358480709333,-0.22192316097608525,-0.11685238647552997,0.1266,-0.18208845051076236,0.17949776080206217,0.6723,-0.09878506794542402,0.15461659855692736,0.1818,-0.16619125149895078,0.2511315593740133,0.75745,-0.09029726811546343,0.22725353893929617,0.35485,-0.1348932390634377,0.39216241121415,0.8072,-0.0848358480709332,0.27399130963663587,0.1437,-0.17672164059348217,0.20368095057673616,0.67595,-0.09847254734924576,0.1572910890453497,0.13375,-0.1798109493114579,0.18976032731061093,0.65965,-0.09993550588507677,0.14477137438691298
iid_student_t,250,0.000629940788348712,0.01,6.0,,,,,,,iid_student_t,1.0,-0.06879085123973185,-0.22192316097608525,-0.11685238647552997,0.32895,-0.13862956169653806,0.3753263017397406,0.8566,-0.07870352806124487,0.32647051177062475,0.33,-0.13846226783693305,0.3760801386032261,0.85985,-0.07834556662175626,0.32953387615953744,0.52515,-0.11392262561985769,0.48665734068138045,0.9284,-0.06879085123973201,0.41130127236094155,0.2969,-0.14365765951750142,0.3526693703998648,0.8553,-0.07885365822132245,0.32518572705543175,0.3334,-0.13789499182408996,0.37863632070854597,0.85165,-0.07932779616008212,0.32112814677777984
iid_student_t,250,0.000629940788348712,0.01,6.0,,,,,,,iid_student_t,1.0,-0.10377587764376947,-0.22192316097608525,-0.11685238647552997,0.10725,-0.18921073670047076,0.14740428232788028,0.68335,-0.09773989496206956,0.16356098570107297,0.09915,-0.19295834438123877,0.13051732170473082,0.6745,-0.0986280787997588,0.15596008113696094,0.0902,-0.19672389819590638,0.11354949465096333,0.58105,-0.10786348494333266,0.07692527130440482,0.09935,-0.19278359812996881,0.13130473952313862,0.6524,-0.10066756928529744,0.1385065181670191,0.11135,-0.18786185060518057,0.15348244960594795,0.65265,-0.10064613490555041,0.13868994942070184
iid_student_t,250,0.000629940788348712,0.01,6.0,,,,,,,iid_student_t,1.0,-0.1438170793219202,-0.22192316097608525,-0.11685238647552997,0.0192,-0.25619193990488054,-0.15441731623716437,0.3398,-0.13695872497342856,-0.17206613492749728,0.02915,-0.24195552476053725,-0.09026711631333836,0.39185,-0.12993544100040094,-0.11196223645471456,0.0382,-0.23119768525089698,-0.041791601354358734,0.4071,-0.1280782471485136,-0.09606873262562281,0.0207,-0.2538708173087598,-0.14395818891619563,0.32495,-0.1392703158284443,-0.1918482799459886,0.0164,-0.2613176490104343,-0.1775140902872876,0.33765,-0.1372692479548993,-0.17472353021771478
iid_student_t,250,0.000629940788348712,0.01,6.0,,,,,,,iid_student_t,1.0,-0.1534997504671052,-0.22192316097608525,-0.11685238647552997,0.0116,-0.274657403954806,-0.2376238818281948,0.24575,-0.15232766883854032,-0.30359056783525107,0.0164,-0.2611670875422586,-0.17683565065298582,0.2936,-0.144236516196282,-0.23434805695206354,0.03125,-0.24001828994228397,-0.08153781194630999,0.3191,-0.14031469194334373,-0.20078584764485746,0.0103,-0.2783305723550731,-0.2541754142780364,0.25315,-0.1509695413997169,-0.29196797731924296,0.01135,-0.275708607740224,-0.24236067352129476,0.25315,-0.15094977520910646,-0.2917988221037901
iid_student_t,250,0.000629940788348712,0.01,6.0,,,,,,,iid_student_t,1.0,-0.13768895915768653,-0.22192316097608525,-0.11685238647552997,0.01355,-0.26799447484398775,-0.20760029581980952,0.29635,-0.14375299326326468,-0.23021016171858816,0.02065,-0.2540020304542462,-0.1445494437672407,0.3442,-0.13636246276295283,-0.16696343888114315,0.01665,-0.2606783681686152,-0.17463344980340423,0.3018,-0.14291835054136667,-0.22306745161165517,0.0192,-0.256316875720144,-0.15498028503552663,0.33375,-0.13786550709996725,-0.17982620003090516,0.017,-0.2599418059234822,-0.17131445307546742,0.30965,-0.1417884491720146,-0.21339797541667238
iid_student_t,250,0.000629940788348712,0.01,6.0,,,,,,,iid_student_t,1.0,-0.2676899368101291,-0.22192316097608525,-0.11685238647552997,0.00185,-0.32874203803895496,-0.48133271260668764,0.1192,-0.1847279115178606,-0.5808655440387128,0.00145,-0.33644878935685724,-0.5160598284426627,0.13055,-0.18086516402562247,-0.5478089021613385,0.0004,-0.3770272176452432,-0.6989088294658538,0.09175,-0.19606886566411835,-0.6779192242272013,0.00185,-0.328667474586803,-0.4809967249079544,0.1245,-0.18284654089675473,-0.5647651401201342,0.0022,-0.3245919339793552,-0.46263207747988816,0.11855,-0.18500999729566664,-0.5832795792699497
iid_student_t,250,0.000629940788348712,0.01,6.0,,,,,,,iid_student_t,1.0,-0.09009948048210589,-0.22192316097608525,-0.11685238647552997,0.02285,-0.25083646826143396,-0.13028521745174879,0.3908,-0.1300795616058168,-0.11319559256974808,0.0211,-0.25321143351768866,-0.1409869632533536,0.3908,-0.13008401685091425,-0.11323371969091209,0.0834,-0.20003408327103725,0.09863358835000911,0.5047,-0.11620517468086539,0.005538712680036803,0.021,-0.2534039721383595,-0.14185455462968416,0.33865,-0.13713816397796968,-0.17360173903412543,0.01405,-0.26702235569752486,-0.20321986458321745,0.35675,-0.1346378857683247,-0.1522048443274129
iid_student_t,250,0.000629940788348712,0.01,6.0,,,,,,,iid_student_t,1.0,-0.11884554964367536,-0.22192316097608525,-0.11685238647552997,0.0178,-0.258670842960133,-0.1655874124287898,0.3632,-0.13375867026422847,-0.14468068901818146,0.01545,-0.26305814551705786,-0.18535687920110952,0.33435,-0.1377160375258623,-0.17854706848200658,0.02855,-0.24271361682021805,-0.09368312776679137,0.3731,-0.13241314486451405,-0.13316594430223866,0.0201,-0.2549882074732881,-0.1489932206795035,0.364,-0.1336772209474655,-0.14398366160419693,0.0223,-0.25181136841574675,-0.13467818008811752,0.35765,-0.13450868349151135,-0.15109915636749777
iid_student_t,250,0.000629940788348712,0.01,6.0,,,,,,,iid_student_t,1.0,-0.0872039321274604,-0.22192316097608525,-0.11685238647552997,0.1659,-0.1704917783361744,0.23175310956143583,0.71405,-0.09475510647963435,0.18910422510303632,0.24545,-0.15239992301408464,0.3132761702573826,0.83075,-0.08188707913742338,0.29922630074336276,0.493,-0.11766349072382228,0.46980076254185177,0.868,-0.07745897608245776,0.33712114558585904,0.16905,-0.16951956926945214,0.23613394598448514,0.72855,-0.09329198479868944,0.20162533592563214,0.1546,-0.17361198785561585,0.21769324530158202,0.7169,-0.0944737126243943,0.19151233899550676
iid_student_t,250,0.000629940788348712,0.01,6.0,,,,,,,iid_student_t,1.0,-0.22290777031566442,-0.22192316097608525,-0.11685238647552997,0.0029,-0.31635894137522225,-0.42553368464913643,0.19455,-0.1630640858436619,-0.39547073672996064,0.0117,-0.27404324648998485,-0.23485644889275947,0.2403,-0.1534036058834251,-0.3127982278355036,0.00195,-0.32799496514895454,-0.4779663542387076,0.16955,-0.16936824027193992,-0.44942046440281547,0.0034,-0.30819448071437333,-0.3887441011512304,0.1803,-0.16649745848581882,-0.4248528721378319,0.0047,-0.30087396420766727,-0.3557573841519402,0.19365,-0.16326151678088954,-0.39716031229775617
iid_student_t,250,0.000629940788348712,0.01,6.0,,,,,,,iid_student_t,1.0,-0.09924568374345921,-0.22192316097608525,-0.11685238647552997,0.0113,-0.2763076636908173,-0.24506005806483883,0.25535,-0.15052361119703728,-0.28815179336160496,0.00745,-0.28682592933372464,-0.2924560378113639,0.26175,-0.14937406821003263,-0.2783142280223179,0.0173,-0.2595491495296837,-0.16954511817562432,0.26185,-0.14932888220755666,-0.27792753500013107,0.0086,-0.28277117624585285,-0.2741850602800519,0.2465,-0.1521395461660637,-0.3019806505870825,0.0099,-0.2799176438810067,-0.26132686038646963,0.2671,-0.14851078155876113,-0.270926388737989
iid_student_t,250,0.000629940788348712,0.01,6.0,,,,,,,iid_student_t,1.0,-0.15521204540239225,-0.22192316097608525,-0.11685238647552997,0.00225,-0.32363206962048907,-0.4583068671023666,0.1291,-0.1812113751505285,-0.550771709643054,0.00865,-0.2824634181742855,-0.27279828266651335,0.1901,-0.16410949677273687,-0.4044171601673108,0.007,-0.2889491106063931,-0.3020232288306792,0.14565,-0.17627196157246794,-0.5085011687748544,0.00225,-0.32367312241917184,-0.4584918536468184,0.125,-0.1827024606643502,-0.5635321295094806,0.0023,-0.3227865312477138,-0.45449681695232214,0.115,-0.186403077962592,-0.5952012927149471
iid_student_t,250,0.000629940788348712,0.01,6.0,,,,,,,iid_student_t,1.0,-0.11906521262085328,-0.22192316097608525,-0.11685238647552997,0.051,-0.22104201345000474,0.0039705072792085225,0.48645,-0.11840467970106588,-0.013284223560645764,0.07525,-0.20433111350307304,0.07927089446471951,0.573,-0.10870246298549935,0.06974546036967152,0.10065,-0.19216246727021413,0.1341035950234963,0.5765,-0.10832721832576979,0.07295673119646068,0.03935,-0.23041143974230976,-0.03824872865405529,0.4666,-0.12081171578974972,-0.033883170328308884,0.04475,-0.2256550978337618,-0.01681634688899695,0.47425,-0.11983602240529813,-0.02553337608036757
iid_student_t,250,0.000629940788348712,0.01,6.0,,,,,,,iid_student_t,1.0,-0.05942219142672024,-0.22192316097608525,-0.11685238647552997,0.1308,-0.18080643494519016,0.18527460518339445,0.68145,-0.0979878472188818,0.1614390585047964,0.22985,-0.1555234024540063,0.2992015715260755,0.7806,-0.08766221634926827,0.2498037995345042,0.5393,-0.11233690259474889,0.4938027103585891,0.9202,-0.0700232619495086,0.4007545411648725,0.14265,-0.17702679815174124,0.20230589104299077,0.68715,-0.09738217160427542,0.16662231263314245,0.13095,-0.18072051425623112,0.18566176931976103,0.6709,-0.09889949431940015,0.15363735990012772
iid_student_t,250,0.000629940788348712,0.01,6.0,,,,,,,iid_student_t,1.0,-0.07228050629025039,-0.22192316097608525,-0.11685238647552997,0.258,-0.15007485039208265,0.3237530966483713,0.81865,-0.08338581021148524,0.28640045165917905,0.21275,-0.159256980543945,0.2823778291392184,0.7631,-0.0897317952525139,0.23209274573690783,0.36965,-0.13288721497134437,0.40120168446201754,0.80605,-0.08497570778630247,0.27279441739003585,0.25185,-0.1511739184076035,0.3188006256638792,0.82245,-0.082946691911783,0.2901583406757991,0.26025,-0.14963184577537905,0.32574930387052486,0.814,-0.08400069673758023,0.28113837234149425
iid_student_t,250,0.000629940788348712,0.01,6.0,,,,,,,iid_student_t,1.0,-0.10246315537098807,-0.22192316097608525,-0.11685238647552997,0.02565,-0.24651188336842836,-0.11079836049646402,0.38605,-0.13062533974624474,-0.11786625576191348,0.0119,-0.2725212059074455,-0.22799803638707528,0.3089,-0.14185525845667973,-0.2139697162829072,0.1205,-0.1842217701089033,0.1698848858377819,0.55215,-0.11092257673668249,0.05074615861687376,0.0224,-0.25166135403008233,-0.13400220564270762,0.38495,-0.13076489212356404,-0.11906051786924772,0.02045,-0.25444876003669453,-0.14656243592400114,0.3895,-0.13023139536354955,-0.11449495634238742
iid_student_t,250,0.000629940788348712,0.01,6.0,,,,,,,iid_student_t,1.0,-0.14255268732747967,-0.22192316097608525,-0.11685238647552997,0.02045,-0.2544340977797122,-0.1464963668534371,0.3421,-0.1366467833045415,-0.16939659878625304,0.0126,-0.27063373870445656,-0.21949298808708134,0.3159,-0.1407750910959763,-0.2047258540625183,0.0359,-0.23408522453008296,-0.05480303858554137,0.42215,-0.12609379147299293,-0.07908614685758436,0.01665,-0.26071123821030384,-0.17478156431990644,0.35825,-0.13441058201796816,-0.15025962303401522,0.0179,-0.25852069037547387,-0.1649108152498442,0.3321,-0.13813809085537057,-0.1821589188022107
iid_student_t,250,0.000629940788348712,0.01,6.0,,,,,,,iid_student_t,1.0,-0.0885594247930734,-0.22192316097608525,-0.11685238647552997,0.1307,-0.1808171714764141,0.1852262256849378,0.7099,-0.09526017596086872,0.18478193869992432,0.1813,-0.16626744731793366,0.25078821612562163,0.72575,-0.09352029174100351,0.1996715295105455,0.2562,-0.15033772025651906,0.3225685881757981,0.7725,-0.08855942479307372,0.24212566414620101,0.14825,-0.17560148242694348,0.20872845513467364,0.6944,-0.09655635540136245,0.17368948710703225,0.1452,-0.1764077922209207,0.20509517147725442,0.6978,-0.09631639755142879,0.1757429997238577
iid_student_t,250,0.000629940788348712,0.01,6.0,,,,,,,iid_student_t,1.0,-0.15357140192074686,-0.22192316097608525,-0.11685238647552997,0.0017,-0.33211076656480165,-0.4965124194522012,0.1201,-0.18440601261294048,-0.578110795807811,0.0013,-0.3387205058572706,-0.5262963287269128,0.1114,-0.1878583417631649,-0.6076551573253858,0.0094,-0.28070432687993424,-0.2648717044463121,0.17955,-0.16668928923140905,-0.42649452235462404,0.00175,-0.33008095785878916,-0.48736597120820185,0.1218,-0.1838444227106851,-0.573304818632728,0.0016,-0.33407842270421007,-0.5053788042439195,0.12065,-0.18419544984157288,-0.5763088405571007
iid_student_t,250,0.000629940788348712,0.01,6.0,,,,,,,iid_student_t,1.0,-0.12972772308952268,-0.22192316097608525,-0.11685238647552997,0.13235,-0.18027126643029626,0.1876861088432201,0.70345,-0.09580164641612424,0.18014813983977948,0.1608,-0.1720926810835888,0.2245393390817205,0.7421,-0.09187723832893219,0.2137324610980694,0.0562,-0.21626345023318175,0.025503019684878225,0.5479,-0.11139884238756949,0.04667036979259728,0.129,-0.18131698532030438,0.18297403244069982,0.692,-0.09685149653702699,0.1711637266620255,0.13345,-0.17988121670123713,0.1894436979445269,0.69345,-0.09668927702863774,0.17255196966913963
iid_student_t,250,0.000629940788348712,0.01,6.0,,,,,,,iid_student_t,1.0,-0.06968211303309281,-0.22192316097608525,-0.11685238647552997,0.0666,-0.20925914280904512,0.05706487827291187,0.54655,-0.11157116593896851,0.04519565835026733,0.05355,-0.21830557608465084,0.016301069593291535,0.53175,-0.11322066818056839,0.031079538933696426,0.19155,-0.16368509287605984,0.26242447090189575,0.71325,-0.09482049868781596,0.18854461130177858,0.06045,-0.21347427019058968,0.038071243886103605,0.5819,-0.107766491200957,0.07775532488996832,0.0695,-0.2074862309069728,0.06505373303811311,0.5754,-0.10840353100206074,0.07230366215274944
iid_student_t,250,0.000629940788348712,0.01,6.0,,,,,,,iid_student_t,1.0,-0.09161293328322496,-0.22192316097608525,-0.11685238647552997,0.0046,-0.3018008956014535,-0.35993419647612174,0.2247,-0.15659134245943648,-0.3400782575564107,0.0249,-0.24784947426210807,-0.11682563087147393,0.3585,-0.13439431398004661,-0.150120404329013,0.0209,-0.25350760977492964,-0.14232155246855005,0.32355,-0.13952308182879275,-0.1940114022233534,0.0073,-0.28750612903675765,-0.2955210613088722,0.2254,-0.15647172225755326,-0.33905457113038917,0.00705,-0.2884342986570064,-0.29970345316092767,0.2137,-0.15893717088007442,-0.36015340100355947
iid_student_t,250,0.000629940788348712,0.01,6.0,,,,,,,iid_student_t,1.0,-0.1439036552277235,-0.22192316097608525,-0.11685238647552997,0.0041,-0.3037836026715176,-0.3688684017269101,0.1668,-0.1702077545426826,-0.45660486427742564,0.0057,-0.29527174273018253,-0.3305134147850455,0.1831,-0.16594093418774752,-0.42009024541828405,0.00615,-0.293344537618985,-0.32182930492142825,0.22025,-0.15750137184198487,-0.3478661120452786,0.00425,-0.3032779081698453,-0.3665897098614549,0.19075,-0.1639579785967311,-0.40312049708172215,0.00475,-0.30061472964073765,-0.35458925656314133,0.1828,-0.16598047315989584,-0.4204286122530649
iid_student_t,250,0.000629940788348712,0.01,6.0,,,,,,,iid_student_t,1.0,-0.11413850685294644,-0.22192316097608525,-0.11685238647552997,0.0206,-0.2540546647777611,-0.1447866174055551,0.36265,-0.13383114719924197,-0.14530093253394977,0.01425,-0.26627293457259676,-0.1998429249180112,0.33105,-0.13833471714048412,-0.1838416083136887,0.0116,-0.2743195701430683,-0.23610158100005324,0.27015,-0.14803660373441369,-0.2668684671272332,0.02765,-0.243612987392513,-0.0977357492612728,0.3803,-0.13134998044695334,-0.124067589962823,0.02065,-0.25401059715886554,-0.14458804588782004,0.36565,-0.13341880485629085,-0.1417721869482747
iid_student_t,250,0.000629940788348712,0.01,6.0,,,,,,,iid_student_t,1.0,-0.11494668925692458,-0.22192316097608525,-0.11685238647552997,0.00585,-0.29439459066451223,-0.32656091130675907,0.2379,-0.15376656095540692,-0.31590432676021674,0.0054,-0.2965666186910079,-0.3363482089323987,0.2242,-0.15668727745751687,-0.3408992506141817,0.0103,-0.2780608485758441,-0.25296002162572095,0.23795,-0.15375496933856303,-0.31580512795740656,0.0069,-0.2900202863810032,-0.30685001558830616,0.24685,-0.1520683737378162,-0.3013715707865394,0.0058,-0.2947966558174294,-0.3283726426787744,0.2396,-0.15348585879964527,-0.31350213229737256
iid_student_t,250,0.000629940788348712,0.01,6.0,,,,,,,iid_student_t,1.0,-0.1410885539808393,-0.22192316097608525,-0.11685238647552997,0.0012,-0.34394795653615207,-0.5498515568332968,0.10555,-0.1898014108025812,-0.6242835643098096,0.00345,-0.3072087346432062,-0.3843022661177372,0.16955,-0.16936867698976288,-0.449424201749019,0.01135,-0.2760087387092761,-0.24371308292161178,0.20815,-0.16011551947879069,-0.3702374791662509,0.00125,-0.34112857516632616,-0.5371472435141038,0.1011,-0.19186802887457582,-0.6419692798893317,0.0017,-0.33252506786794966,-0.4983792877021206,0.1084,-0.18886899268067708,-0.6163041113433152
iid_student_t,250,0.000629940788348712,0.01,6.0,,,,,,,iid_student_t,1.0,-0.13995106984163852,-0.22192316097608525,-0.11685238647552997,0.0057,-0.2955264098238052,-0.33166096104611414,0.22105,-0.15733613110371997,-0.34645201394040587,0.0046,-0.30184621689478663,-0.36013841713129713,0.1948,-0.1630105447664208,-0.3950125426026862,0.01235,-0.27115184302118633,-0.22182759937529026,0.25455,-0.15060511812017252,-0.28884931375972117,0.00475,-0.30035264643368076,-0.3534082928191852,0.227,-0.15617818430916897,-0.3365425304503662,0.00585,-0.29432547731975256,-0.3262494821415665,0.23705,-0.15385856048207935,-0.3166916408189819
iid_student_t,250,0.000629940788348712,0.01,6.0,,,,,,,iid_student_t,1.0,-0.08028672588019291,-0.22192316097608525,-0.11685238647552997,0.19085,-0.16390003773774753,0.26145591556615566,0.75885,-0.09015886817766017,0.22843793869335893,0.19685,-0.1625848164161516,0.26738238721432067,0.79845,-0.08580119231966699,0.26573008127964426,0.4706,-0.12030007081369104,0.45792016351707093,0.8431,-0.08028672588019307,0.31292181270935443,0.1925,-0.16343356670332537,0.26355786397194836,0.77145,-0.08872141752019094,0.24073936188911232,0.2116,-0.15956504233344446,0.2809896829531938,0.76545,-0.08944301246366965,0.2345640926862894
iid_student_t,250,0.000629940788348712,0.01,6.0,,,,,,,iid_student_t,1.0,-0.16526594631918773,-0.22192316097608525,-0.11685238647552997,0.0761,-0.203940797227664,0.08102968464097828,0.53655,-0.1126733568133054,0.03576332318296039,0.0407,-0.22950378681277067,-0.0341587863265084,0.47175,-0.12012031948775831,-0.02796633522681782,0.02085,-0.25365092106603304,-0.14296732233985626,0.3594,-0.13426876452833675,-0.14904597653599436,0.0825,-0.2004432873256745,0.09678968862887384,0.55785,-0.11033509316468867,0.0557737287822194,0.06625,-0.20946929659790536,0.05611791181868544,0.5262,-0.11380897766564768,0.02604490076477474
iid_student_t,250,0.000629940788348712,0.01,6.0,,,,,,,iid_student_t,1.0,-0.1883602302443486,-0.22192316097608525,-0.11685238647552997,0.0033,-0.3087428699381606,-0.39121517817345414,0.17785,-0.16719358538276624,-0.43081019075103116,0.0032,-0.30984956300260663,-0.39620200811755946,0.211,-0.1596423167335122,-0.3661879020925505,0.0032,-0.31062544320763874,-0.3996981740950967,0.18085,-0.1663657121180513,-0.42372541234226224,0.00295,-0.31497064810432873,-0.4192779461097817,0.172,-0.16856002451725005,-0.44250391114218424,0.0032,-0.30962666477636336,-0.3951976144109139,0.17955,-0.16669196369121927,-0.4265174098615967
iid_student_t,250,0.000629940788348712,0.01,6.0,,,,,,,iid_student_t,1.0,-0.14459662164223386,-0.22192316097608525,-0.11685238647552997,0.0023,-0.3230107722234941,-0.45550726117452073,0.1482,-0.1756223875747127,-0.5029422408201287,0.0041,-0.30407866161217056,-0.3701979562418837,0.1914,-0.1637520223976479,-0.4013579639808143,0.01445,-0.26547809005438494,-0.1962613045287023,0.2159,-0.15845938069467486,-0.3560645655093899,0.00255,-0.31908591103940276,-0.43782158489436757,0.14505,-0.17641937812592542,-0.5097627309722884,0.00225,-0.32350878850971354,-0.45775135450857835,0.14925,-0.17524118596658383,-0.4996799915873439
iid_student_t,250,0.000629940788348712,0.01,6.0,,,,,,,iid_student_t,1.0,-0.136588450676631,-0.22192316097608525,-0.11685238647552997,0.05065,-0.22129147623264947,0.00284641197726924,0.4722,-0.12005808366144208,-0.02743373312776472,0.06375,-0.21093962582069412,0.049492514017384304,0.54305,-0.11196093729326446,0.04186007089628262,0.0391,-0.23065640696905354,-0.03935256669270946,0.38705,-0.13052133904897695,-0.11697623801897615,0.04285,-0.2269605477675219,-0.022698788036727178,0.4804,-0.11911127448241748,-0.019331124292960435,0.0363,-0.23365058291109525,-0.052844515567592176,0.47385,-0.11989323923657554,-0.026023026595886897
iid_student_t,250,0.000629940788348712,0.01,6.0,,,,,,,iid_student_t,1.0,-0.1411155344519029,-0.22192316097608525,-0.11685238647552997,0.22315,-0.15688044924373898,0.2930866316353315,0.79445,-0.0862368995271891,0.26200138372657067,0.16635,-0.17037843433236152,0.23226384491377292,0.72135,-0.09390642926848601,0.19636703963978572,0.12565,-0.1824441011134365,0.17789517637099203,0.60805,-0.10517225924952306,0.09995625744839058,0.21165,-0.15955883163695295,0.28101766875000833,0.79715,-0.0859435736454775,0.2645116095812478,0.2505,-0.15142841032667834,0.31765386875056056,0.79015,-0.08668632041840316,0.2581553271352646
iid_student_t,250,0.000629940788348712,0.01,6.0,,,,,,,iid_student_t,1.0,-0.143366294720003,-0.22192316097608525,-0.11685238647552997,0.0099,-0.27970366974021416,-0.260362679181356,0.22905,-0.1556973672772473,-0.33242779179227006,0.0119,-0.2723317223508939,-0.22714421132565235,0.23675,-0.1539197837918556,-0.3172155779983828,0.02845,-0.24275062902000358,-0.09384990711340276,0.29185,-0.14455327779878988,-0.23705884114793624,0.00675,-0.29074165185234985,-0.31010053467867005,0.20815,-0.16012013233950267,-0.37027695513119363,0.00805,-0.2855712853054951,-0.28680253133321515,0.2328,-0.15484155621762458,-0.3251039271675458
iid_student_t,250,0.000629940788348712,0.01,6.0,,,,,,,iid_student_t,1.0,-0.2937360794954115,-0.22192316097608525,-0.11685238647552997,0.00025,-0.39766686851742855,-0.7919124203547268,0.02635,-0.24573086878070893,-1.1029169894802908,0.0002,-0.40299884122856383,-0.8159386314436624,0.027,-0.24419666312174154,-1.0897875557969772,0.00015,-0.4083414553767441,-0.840012793530584,0.0212,-0.25311685580055815,-1.1661248300954752,0.00025,-0.3985659018919165,-0.795963522414258,0.02915,-0.24197484879719527,-1.0707737008680362,0.0003,-0.3909053233819737,-0.7614444642129904,0.02995,-0.24143217711003237,-1.0661296220988232
iid_student_t,250,0.000629940788348712,0.01,6.0,,,,,,,iid_student_t,1.0,-0.12359907078557648,-0.22192316097608525,-0.11685238647552997,0.03265,-0.2382633405931928,-0.07362989759716149,0.4398,-0.12410443825016232,-0.062061648832058766,0.03335,-0.23732952833261275,-0.06942207964579108,0.445,-0.12336332666547563,-0.05571936000904113,0.05275,-0.21903264189860958,0.013024864393433722,0.4422,-0.12378352734653428,-0.059315355724084945,0.0474,-0.2239658383841961,-0.009204435441197438,0.4414,-0.12388241419487692,-0.060161610142374866,0.03745,-0.23168913418750078,-0.04400610178974483,0.431,-0.12507789357110555,-0.07039229016771587
iid_student_t,250,0.000629940788348712,0.01,6.0,,,,,,,iid_student_t,1.0,-0.12288372151291906,-0.22192316097608525,-0.11685238647552997,0.03765,-0.23153625880927145,-0.043317235528301266,0.44355,-0.12349525732972721,-0.056848396978082534,0.04815,-0.22330227260032084,-0.00621436545050028,0.51645,-0.11496188459510073,0.016178547460176364,0.1409,-0.17751376066493973,0.20011160671927855,0.6714,-0.09884573894623866,0.15409738793021632,0.04015,-0.229844256023536,-0.03569296243173259,0.4587,-0.12168935465074998,-0.04139383303252368,0.0372,-0.23207866955465994,-0.04576137314333346,0.44265,-0.12367785285568689,-0.058411013981184215
iid_student_t,250,0.000629940788348712,0.01,6.0,,,,,,,iid_student_t,1.0,-0.13773931620528948,-0.22192316097608525,-0.11685238647552997,0.0248,-0.2479803314328973,-0.11741528167769748,0.37815,-0.1317253880687457,-0.12728025538725551,0.0298,-0.24173261147716196,-0.08926265475829,0.3997,-0.12893373942685774,-0.10338986918215592,0.05075,-0.2212425736680326,0.0030667700705920924,0.44865,-0.12289066062198259,-0.051674375924851974,0.0234,-0.2500733122702043,-0.1268463875978792,0.3749,-0.1321803856115772,-0.13117403587865153,0.01845,-0.2576266247513371,-0.16088209819208227,0.35465,-0.13492466919664248,-0.15465908113821042
iid_student_t,250,0.000629940788348712,0.01,6.0,,,,,,,iid_student_t,1.0,-0.10680371862798822,-0.22192316097608525,-0.11685238647552997,0.28515,-0.14565432301399142,0.34367227659627947,0.8286,-0.08223806760510197,0.29622260969121567,0.24985,-0.15149231961289122,0.3173658894070266,0.7957,-0.08612569704638223,0.2629530329325555,0.3148,-0.14089713209266724,0.3651084840673727,0.8398,-0.08070576118140438,0.30933579008842105,0.2989,-0.1433278317078881,0.35415559566883914,0.82015,-0.0832341015768401,0.2876987446527664,0.28665,-0.1453459802344268,0.3450616889415635,0.8346,-0.08134347698653566,0.3038783422401923
iid_student_t,250,0.000629940788348712,0.01,6.0,,,,,,,iid_student_t,1.0,-0.0769435342428404,-0.22192316097608525,-0.11685238647552997,0.0333,-0.2374901628409025,-0.07014590904504449,0.44,-0.12409096792512526,-0.06194637240987055,0.0553,-0.216969778081337,0.022320261089296748,0.53215,-0.11315906737545012,0.031606706644825476,0.1892,-0.16438372163845322,0.259276404880663,0.69505,-0.09648872180248108,0.17426828229403116,0.03475,-0.23527954635818413,-0.060184729360168866,0.4285,-0.12536543773254522,-0.07285303718463608,0.03065,-0.24065843190577194,-0.08442233269967539,0.424,-0.12583471990852088,-0.07686906278864834
iid_student_t,250,0.000629940788348712,0.01,6.0,,,,,,,iid_student_t,1.0,-0.04994733598303222,-0.22192316097608525,-0.11685238647552997,0.4377,-0.12434491269495294,0.4396938465185591,0.9037,-0.07253464413124242,0.3792626208243348,0.35945,-0.1342580001939892,0.3950248383112341,0.8651,-0.07776711329293971,0.33448416725981966,0.79635,-0.0860858527651708,0.6120916249275687,0.9736,-0.05920165633195729,0.4933637376387285,0.45365,-0.12233434305519486,0.4487536022958064,0.90745,-0.07193096746424082,0.38442876834780026,0.41095,-0.12753402642202857,0.42532349547881654,0.8979,-0.07330588230039456,0.37266251454996574
iid_student_t,250,0.000629940788348712,0.01,6.0,,,,,,,iid_student_t,1.0,-0.12922916712097157,-0.22192316097608525,-0.11685238647552997,0.00625,-0.2929607277447155,-0.32009983300609773,0.2322,-0.15500596894858404,-0.32651093934691533,0.003,-0.3130947620471778,-0.4108250831958784,0.17665,-0.167430064968487,-0.43283393705911605,0.01625,-0.2617878650754517,-0.17963291404119075,0.28515,-0.14564187236693044,-0.2463748217707926,0.0052,-0.29738548744628845,-0.3400380840751233,0.22095,-0.15734024475652092,-0.34648721778112346,0.00615,-0.29319024339946376,-0.321134045270103,0.2221,-0.15703720361284113,-0.3438938506037808
iid_student_t,250,0.000629940788348712,0.01,6.0,,,,,,,iid_student_t,1.0,-0.06786885421625377,-0.22192316097608525,-0.11685238647552997,0.11355,-0.1869050721043589,0.15779375490915956,0.6565,-0.10024957459613566,0.1420836354323931,0.11665,-0.1857926598196264,0.16280635602677057,0.6133,-0.10470611671040582,0.10394541465071143,0.4073,-0.12803487059564272,0.4230666595027459,0.84365,-0.0802102756448709,0.31357605895650476,0.13285,-0.18016406669283894,0.18816915773719683,0.6618,-0.09977071012904853,0.14618166442033687,0.10745,-0.18916829348957584,0.14759553415895657,0.68505,-0.09757070500952189,0.1650088804138018
iid_student_t,250,0.000629940788348712,0.01,6.0,,,,,,,iid_student_t,1.0,-0.2104287295117293,-0.22192316097608525,-0.11685238647552997,0.0388,-0.23093988425079487,-0.040629933509649656,0.4494,-0.12282044551032759,-0.05107348865354488,0.0277,-0.24336158100572117,-0.09660289595436211,0.43345,-0.1248166035016454,-0.06815622056450875,0.00775,-0.28616966666770055,-0.289498876138208,0.3127,-0.14124451943625743,-0.20874313051223323,0.03845,-0.23105783444365138,-0.04116142464531,0.4591,-0.1216426546403562,-0.04099418342499462,0.0438,-0.22626495809528982,-0.019564416350722626,0.4501,-0.12274123657569405,-0.05039563399415269
iid_student_t,250,0.000629940788348712,0.01,6.0,,,,,,,iid_student_t,1.0,-0.09253988964881388,-0.22192316097608525,-0.11685238647552997,0.1926,-0.1634180555435617,0.2636277582529033,0.72855,-0.09329177415881651,0.20162713854070305,0.25955,-0.14978205875934367,0.325072434528434,0.8024,-0.08540088732023843,0.2691558136202703,0.2918,-0.14456272624929803,0.34859108164525326,0.73585,-0.09253988964881407,0.2080616199636382,0.176,-0.1674965092018799,0.2452499844307393,0.7375,-0.0923519860999843,0.20966966199424855,0.15025,-0.17500573402112105,0.21141293566929723,0.7407,-0.09201283868195706,0.21257201964612465
iid_student_t,250,0.000629940788348712,0.01,6.0,,,,,,,iid_student_t,1.0,-0.08306635529302728,-0.22192316097608525,-0.11685238647552997,0.25895,-0.14994447904658462,0.32434055829466646,0.81485,-0.08387505768719855,0.2822135669025227,0.17295,-0.16832662017384442,0.24150945113843464,0.7304,-0.09312254839102907,0.20307533975328912,0.46795,-0.12064775699934056,0.4563534672600408,0.8215,-0.0830663552930273,0.2891342847292022,0.24635,-0.1521852215689937,0.31424362874232226,0.8083,-0.08468029753565684,0.27532248086871786,0.25865,-0.1499878414874919,0.3241451643541848,0.8036,-0.08521871269918818,0.27071482860100754
iid_student_t,250,0.000629940788348712,0.01,6.0,,,,,,,iid_student_t,1.0,-0.08915523637381961,-0.22192316097608525,-0.11685238647552997,0.09825,-0.19333421979202606,0.1288236029908567,0.598,-0.10612162340458044,0.09183178362554585,0.05855,-0.2146289988258238,0.032867962578486634,0.52775,-0.11363624856210691,0.027523082843468875,0.25315,-0.15096417270473597,0.3197457532564432,0.76765,-0.08915523637381977,0.23702682450144272,0.0826,-0.2003842250763085,0.09705582691343256,0.62395,-0.10356848974155099,0.11368100502389616,0.08585,-0.1987406553406527,0.10446185757930304,0.6282,-0.10305426268603782,0.11808166016687738
iid_student_t,250,0.000629940788348712,0.01,6.0,,,,,,,iid_student_t,1.0,-0.12166963548449156,-0.22192316097608525,-0.11685238647552997,0.095,-0.19469584241888985,0.12268804408445433,0.64755,-0.10110204305351683,0.13478837614764,0.1067,-0.18931657973053984,0.14692734684442937,0.65145,-0.10075927675933419,0.1377217034379168,0.0619,-0.21222204420803606,0.04371385449531604,0.4907,-0.11788109174224815,-0.008803459627532734,0.10385,-0.1906323015851435,0.14099861976242176,0.625,-0.10342252226350292,0.11493016631576791,0.10955,-0.18837141266754057,0.1511863302639253,0.62285,-0.10366958122833377,0.11281588373855599
iid_student_t,250,0.000629940788348712,0.01,6.0,,,,,,,iid_student_t,1.0,-0.16121965884122097,-0.22192316097608525,-0.11685238647552997,0.13095,-0.18071864326780473,0.1856702001136365,0.70465,-0.09570340994285842,0.1809888284746358,0.1274,-0.18187597253736906,0.1804552001808938,0.6686,-0.09915298037796874,0.15146807550453967,0.04115,-0.22902444497496893,-0.031998841255009555,0.43205,-0.12495371930821991,-0.06932963097323173,0.12535,-0.18257014221885762,0.1773272270642737,0.6983,-0.0962727760093211,0.17611630439844234,0.11995,-0.18450829979263864,0.16859376470164145,0.7037,-0.09577942370803924,0.1803383174540779
ar1,250,0.000629940788348712,0.01,,0.2,,,,,,ar1,1.0,-0.16475744425072802,-0.2733380790184356,-0.14369014905783759,0.3241,-0.17276434208419306,0.3679463077204813,0.84365,-0.09860457333611158,0.3137694269046818,0.0932,-0.24312746602406646,0.11052471394712463,0.6071,-0.1296384254159413,0.09779183704681266,0.0766,-0.25335326109198114,0.07311391811276524,0.4437,-0.15228229467564552,-0.05979634424590556,0.294,-0.17857567878318065,0.34668568892980184,0.83715,-0.09954033091531615,0.30725709752552643,0.2925,-0.17886449700822682,0.34562905523250165,0.84545,-0.09833595081018574,0.3156388837024315
ar1,250,0.000629940788348712,0.01,,0.2,,,,,,ar1,1.0,-0.2318450954305429,-0.2733380790184356,-0.14369014905783759,0.03215,-0.29273770506882896,-0.07097300939575613,0.404,-0.15851553905861782,-0.10317610565504233,0.01355,-0.3281173293266236,-0.2004084118279522,0.2792,-0.18178252833337047,-0.26510084042156634,0.01745,-0.31846694638308753,-0.16510274575247955,0.27915,-0.18179809116900203,-0.26520914872059453,0.016,-0.3211095927157248,-0.1747707961833858,0.30445,-0.17653869176412806,-0.22860678287046954,0.0155,-0.3221444917889973,-0.17855694656897728,0.28225,-0.1811356411171367,-0.26059888102855755
ar1,250,0.000629940788348712,0.01,,0.2,,,,,,ar1,1.0,-0.10480469092782269,-0.2733380790184356,-0.14369014905783759,0.3248,-0.17258852602714259,0.3685895260297701,0.86565,-0.09548791389220038,0.335459566864497,0.18315,-0.20711501771069654,0.24227528614215718,0.73905,-0.1126410451406388,0.21608373378957957,0.29995,-0.17736984061958763,0.3510972153732568,0.7982,-0.10480469092782244,0.27062020872678705,0.25225,-0.18809669528120804,0.3118533065108662,0.77955,-0.10730864729944167,0.2531941263680628,0.26755,-0.18477576585334649,0.32400283737677077,0.80835,-0.10350286404222628,0.2796801679107124
ar1,250,0.000629940788348712,0.01,,0.2,,,,,,ar1,1.0,-0.10970569175928148,-0.2733380790184356,-0.14369014905783759,0.4436,-0.1523134779017095,0.44276524350843727,0.92475,-0.08493857736379472,0.4088768233540799,0.3675,-0.16500068498539064,0.39634943811007767,0.88925,-0.09150868421833111,0.36315269475086004,0.38245,-0.1621577214971904,0.4067503434592679,0.8452,-0.09837345331471439,0.31537788804772204,0.4721,-0.14807567163036142,0.4582691436110726,0.9302,-0.08378265666131504,0.4169213602277552,0.45585,-0.1504914461999015,0.4494310974148924,0.93215,-0.08327219968358805,0.4204738443825425
ar1,250,0.000629940788348712,0.01,,0.2,,,,,,ar1,1.0,-0.2534803671463267,-0.2733380790184356,-0.14369014905783759,0.0382,-0.28538426476238343,-0.044070646092216684,0.45945,-0.14995705907853668,-0.04361405469888242,0.01425,-0.3243884437944667,-0.1867663845423745,0.33425,-0.17085228561842453,-0.189032698056801,0.02265,-0.3087661013942107,-0.12961246564327247,0.2796,-0.18171871808683157,-0.2646567581587439,0.0467,-0.276791908083338,-0.012635740608499093,0.49555,-0.14441345158275898,-0.00503376556892743,0.04475,-0.2785078848685035,-0.01891359545890126,0.465,-0.14911167315669815,-0.03773065957832864
ar1,250,0.000629940788348712,0.01,,0.2,,,,,,ar1,1.0,-0.1001613998511356,-0.2733380790184356,-0.14369014905783759,0.2521,-0.1881717745276202,0.31157863111005196,0.8052,-0.10389428183731064,0.2769561273439035,0.13775,-0.2225213470094702,0.18591164535673055,0.65845,-0.12312169164707579,0.14314451996624114,0.37415,-0.16369184074253884,0.4011378095201347,0.83285,-0.10016139985113585,0.30293481837213987,0.15825,-0.21522875633790128,0.21259139190999826,0.7034,-0.1173422270669061,0.18336623744698063,0.1443,-0.22010242381977915,0.1947612106949281,0.64395,-0.12490054876850108,0.13076470734102577
ar1,250,0.000629940788348712,0.01,,0.2,,,,,,ar1,1.0,-0.09733093931363146,-0.2733380790184356,-0.14369014905783759,0.1063,-0.23669475510374702,0.13405861359045085,0.62775,-0.1268901964491686,0.11691791482453494,0.05015,-0.27324592657686136,0.00033713722546509266,0.4873,-0.14576823108711037,-0.014462244231066432,0.2357,-0.19237310829344037,0.2962081646865399,0.7506,-0.11128097878696583,0.22554900585304943,0.0772,-0.2527849262407959,0.07519315585829321,0.5951,-0.13106132561400996,0.08788927791246372,0.1064,-0.23659914628554712,0.13440839587670686,0.6043,-0.12992634975400102,0.09578805084471316
ar1,250,0.000629940788348712,0.01,,0.2,,,,,,ar1,1.0,-0.11947264044354733,-0.2733380790184356,-0.14369014905783759,0.3996,-0.15921160920172966,0.41752861594161034,0.8949,-0.09053778788138718,0.3699095694796428,0.19,-0.20519376666814243,0.24930413133435791,0.77145,-0.108515346370366,0.24479620153580023,0.2907,-0.1792364687616616,0.34426820659124924,0.6871,-0.11943973173368637,0.16876882293712447,0.34255,-0.16934559888675907,0.3804536876278502,0.892,-0.09102646262023856,0.3665086770590032,0.37135,-0.16425695233320914,0.39907036398638535,0.88645,-0.09194489638330304,0.360116911380656
ar1,250,0.000629940788348712,0.01,,0.2,,,,,,ar1,1.0,-0.09641033887306492,-0.2733380790184356,-0.14369014905783759,0.1614,-0.21412178184484162,0.21664122827760146,0.7238,-0.11464657488504237,0.2021264113318214,0.04295,-0.28041745541722407,-0.025899707879014532,0.47645,-0.14747163397663982,-0.026316939216759545,0.1815,-0.20747212048775862,0.24096883525048324,0.69005,-0.11907364309457183,0.17131658728642016,0.1718,-0.2106831310202673,0.22922143970267111,0.72905,-0.11388796975647308,0.20740586252275822,0.19195,-0.20451303846698002,0.2517945571235744,0.74815,-0.11157576720824162,0.22349744961757545
ar1,250,0.000629940788348712,0.01,,0.2,,,,,,ar1,1.0,-0.133909454915425,-0.2733380790184356,-0.14369014905783759,0.3187,-0.17372191289871766,0.3644430606867593,0.86825,-0.09509101109756818,0.3382217798431504,0.1602,-0.21446586684724914,0.21538240256388044,0.7381,-0.11274830761086298,0.21533724928157755,0.08665,-0.24701963617723793,0.09628531427347371,0.57205,-0.13390945491542527,0.06806795181537062,0.33065,-0.17158501876368445,0.37226083032466284,0.8606,-0.09620614952062992,0.3304610639529269,0.32035,-0.17349289576942234,0.36528091368593796,0.8703,-0.0947768477270674,0.3404081744746593
ar1,250,0.000629940788348712,0.01,,0.2,,,,,,ar1,1.0,-0.2354625754464895,-0.2733380790184356,-0.14369014905783759,0.00235,-0.39084844699682314,-0.42990851622419546,0.08335,-0.24912846657292148,-0.7337894643887055,0.0008,-0.4214849178353207,-0.5419912196240071,0.07,-0.25768929200133406,-0.7933678383033064,0.00025,-0.4514329620431077,-0.6515553327374496,0.0662,-0.2601995123600813,-0.8108375143750937,0.00245,-0.3895397555737765,-0.42512070390127954,0.0924,-0.24362769472624418,-0.6955072865028495,0.00235,-0.3905164891166256,-0.42869405726044774,0.0906,-0.2445066932466095,-0.7016246057911155
ar1,250,0.000629940788348712,0.01,,0.2,,,,,,ar1,1.0,-0.22474452264977024,-0.2733380790184356,-0.14369014905783759,0.02995,-0.2957278736339616,-0.08191246055408137,0.37315,-0.1639191746571264,-0.14078227165834672,0.0154,-0.3224435198813686,-0.17965093279089384,0.3209,-0.17343276742220826,-0.20699135298689678,0.0166,-0.3196595371216685,-0.16946580684833415,0.28955,-0.17949559433086623,-0.24918510773216876,0.0281,-0.29891100504908974,-0.09355786110185309,0.39055,-0.160645771435459,-0.11800128602272171,0.0273,-0.30021875538203385,-0.09834223047197627,0.36945,-0.16460897661288848,-0.1455828927189068
ar1,250,0.000629940788348712,0.01,,0.2,,,,,,ar1,1.0,-0.10895770056084869,-0.2733380790184356,-0.14369014905783759,0.37465,-0.16359681356984193,0.40148546387198414,0.8765,-0.09370628035186318,0.34785870175313893,0.24625,-0.1895835964714401,0.30641351855460497,0.7882,-0.10611148410497159,0.2615256870374599,0.45545,-0.1505556944203515,0.449196047030838,0.8403,-0.09907729994079899,0.3104795242371223,0.27005,-0.18422243280852485,0.32602719141777625,0.8146,-0.10263585940805924,0.285714016715602,0.21235,-0.1985624262691451,0.27356471157553996,0.79105,-0.10566188555982353,0.2646546318405381
ar1,250,0.000629940788348712,0.01,,0.2,,,,,,ar1,1.0,-0.09992200807516818,-0.2733380790184356,-0.14369014905783759,0.36465,-0.16551888772990617,0.39445360732654244,0.8841,-0.09243039820725632,0.3567381006052711,0.2053,-0.2006393621326586,0.265966297659075,0.7114,-0.11612814695634102,0.19181553002914917,0.30035,-0.1772988297508334,0.3513570067239872,0.8009,-0.10448483318834309,0.2728462328598026,0.20945,-0.1994482268144618,0.27032403413865436,0.7633,-0.10960332697219402,0.23722448831146437,0.2236,-0.1955562618290563,0.2845626832115594,0.75285,-0.11102864830233272,0.22730507950380152
ar1,250,0.000629940788348712,0.01,,0.2,,,,,,ar1,1.0,-0.2241188234402612,-0.2733380790184356,-0.14369014905783759,0.17065,-0.2111292541282959,0.2275893103278302,0.74585,-0.11180791797794788,0.22188181506483506,0.07915,-0.2513998849226894,0.08026029221587734,0.5655,-0.13469444800545036,0.06260485573556135,0.016,-0.3210929636853335,-0.17470995932358566,0.3282,-0.17195495147628176,-0.19670661213572224,0.18765,-0.20588712138900322,0.2467675117629076,0.76045,-0.11001617639231485,0.23435129607923516,0.1852,-0.206638845730168,0.2440173485077028,0.76165,-0.10980044793681501,0.2358526408611451
ar1,250,0.000629940788348712,0.01,,0.2,,,,,,ar1,1.0,-0.1360270585992748,-0.2733380790184356,-0.14369014905783759,0.19575,-0.20341124736469351,0.2558254301956435,0.7857,-0.10648917482685497,0.2588971789291459,0.0705,-0.2573704767176335,0.058417042946018224,0.55885,-0.13553713747476728,0.05674022635879224,0.0732,-0.2553424830469523,0.06583640316821565,0.5152,-0.1416671330424069,0.014079016750246231,0.06965,-0.2580421396817987,0.05595978208219305,0.5853,-0.1322223710434558,0.07980907591491064,0.08105,-0.25046186226957395,0.08369202282759415,0.59225,-0.13134625758957885,0.08590631681570682
ar1,250,0.000629940788348712,0.01,,0.2,,,,,,ar1,1.0,-0.285948796230414,-0.2733380790184356,-0.14369014905783759,0.0004,-0.42679039180222467,-0.5614011532342674,0.055,-0.2690477955734931,-0.8724164275534092,0.00025,-0.44985916963107936,-0.6457976555865752,0.03725,-0.28627847135862505,-0.9923319255754505,0.00025,-0.4453452639299039,-0.6292836531563797,0.03875,-0.2845467573922059,-0.9802802019341722,0.00025,-0.44906011805269935,-0.6428743469087305,0.0407,-0.2826540856696211,-0.9671083057743108,0.00025,-0.4606233580226118,-0.6851781488943022,0.03625,-0.288041290429345,-1.0046001226806702
ar1,250,0.000629940788348712,0.01,,0.2,,,,,,ar1,1.0,-0.07261739112764704,-0.2733380790184356,-0.14369014905783759,0.63035,-0.1265399187401318,0.5370571155159206,0.9648,-0.0750513912956523,0.4776858971352106,0.61585,-0.12845598006340228,0.5300472567719391,0.96265,-0.07594414974272196,0.47147281674714375,0.7682,-0.10894456505401508,0.60142924306325,0.9713,-0.0726173911276473,0.4946251249386787,0.594,-0.13118112022184314,0.5200774049012195,0.9646,-0.07510393139296356,0.47732024856670563,0.59895,-0.1306495873430718,0.5220220036218957,0.96745,-0.07397740897137982,0.4851601904762258
ar1,250,0.000629940788348712,0.01,,0.2,,,,,,ar1,1.0,-0.08555703551284644,-0.2733380790184356,-0.14369014905783759,0.46165,-0.14961805948662907,0.4526263591815983,0.92085,-0.08567406796741697,0.4037582358347211,0.2999,-0.17740380661662927,0.35097295168792025,0.8292,-0.10055581477795691,0.30018991950880647,0.5658,-0.13466305326538325,0.507338846643827,0.9219,-0.08549070079521696,0.4050343648762895,0.3279,-0.17200385548522112,0.37072852745987095,0.86015,-0.09627880930621563,0.3299553940370549,0.2592,-0.18665864202140442,0.3171143856293253,0.83805,-0.09940038058217074,0.3082310705783979
ar1,250,0.000629940788348712,0.01,,0.2,,,,,,ar1,1.0,-0.11920142281850317,-0.2733380790184356,-0.14369014905783759,0.22995,-0.19377222058450533,0.29108955005337495,0.79665,-0.10500939043630167,0.26919561901189404,0.08185,-0.24997889309713284,0.08545895253667629,0.58255,-0.1326105212659623,0.07710777575584231,0.22455,-0.19531488119809534,0.2854457677485832,0.6892,-0.11920142281850259,0.17042731460650024,0.22015,-0.196520494534101,0.28103506383080107,0.78725,-0.10623682766744995,0.2606533686266278,0.2347,-0.1925951250856776,0.29539592223194117,0.7924,-0.1055146489764178,0.26567931296426966
ar1,250,0.000629940788348712,0.01,,0.2,,,,,,ar1,1.0,-0.19171424446858842,-0.2733380790184356,-0.14369014905783759,0.01235,-0.33143868820346356,-0.21255951382137758,0.25955,-0.18660162771021876,-0.2986389737483578,0.0129,-0.3298423086027864,-0.20671920204919497,0.25145,-0.18831693616898665,-0.3105765245826704,0.0088,-0.3416340748036332,-0.24985906109551362,0.2041,-0.2009530532734594,-0.39851656213796927,0.01115,-0.3346219701685979,-0.22420546515229203,0.2537,-0.1877450260854982,-0.3065963624961362,0.01235,-0.33141859710803057,-0.21248601108986964,0.2556,-0.18732401187810696,-0.3036663480856022
ar1,250,0.000629940788348712,0.01,,0.2,,,,,,ar1,1.0,-0.15907760599230758,-0.2733380790184356,-0.14369014905783759,0.12495,-0.22782522237258687,0.1665075601953691,0.66665,-0.12209168296343989,0.1503127823028701,0.02505,-0.3045155091712524,-0.11406178848104813,0.3773,-0.16313693708271504,-0.1353383523671467,0.0842,-0.2484757233371816,0.09095825861707739,0.4961,-0.14433790967875776,-0.004508037782460923,0.0409,-0.28233060975869245,-0.032898931508369686,0.44245,-0.15246962916406362,-0.06110008350462601,0.0348,-0.2892046782703343,-0.05804752601202178,0.4201,-0.15586952525262115,-0.08476138604241532
ar1,250,0.000629940788348712,0.01,,0.2,,,,,,ar1,1.0,-0.16641609240250108,-0.2733380790184356,-0.14369014905783759,0.09,-0.2448830079778097,0.10410211099312916,0.6263,-0.1270113819736577,0.11607453394363469,0.0285,-0.29825735071718895,-0.09116648433412253,0.3938,-0.16013235415306976,-0.11442819986646349,0.04025,-0.2831817902958121,-0.036012952577721774,0.4425,-0.15246060390163002,-0.061037272918842804,0.09555,-0.2417510553855002,0.11556027519606943,0.6079,-0.12953509997702453,0.09851092210305537,0.09945,-0.23972100709872998,0.12298715217588939,0.61585,-0.12845279634013415,0.10604312694790341
ar1,250,0.000629940788348712,0.01,,0.2,,,,,,ar1,1.0,-0.11227024713889326,-0.2733380790184356,-0.14369014905783759,0.1919,-0.20452659101918938,0.25174497547634095,0.7357,-0.11309587793161335,0.21291836167495065,0.1988,-0.20241882096053818,0.25945619546522897,0.7621,-0.10974396540024026,0.2362457265176435,0.1709,-0.21100534523915204,0.22804262766140043,0.70295,-0.11739576073373015,0.18299367421160878,0.1729,-0.21029128515500412,0.23065499724675836,0.74215,-0.112320697784819,0.21831316536801615,0.1794,-0.20815328004880704,0.23847683134274203,0.7546,-0.11088574636582564,0.22829959400214447
ar1,250,0.000629940788348712,0.01,,0.2,,,,,,ar1,1.0,-0.11948500435947822,-0.2733380790184356,-0.14369014905783759,0.6074,-0.1296008611909105,0.5258587400031833,0.96845,-0.07363326624480489,0.48755522401771384,0.48925,-0.14547097076937962,0.46779837155595083,0.9367,-0.08239601154163334,0.42657160506899033,0.31545,-0.17438927237043747,0.36200154403413515,0.759,-0.11024587357641226,0.23275273705759375,0.5932,-0.1312779484879983,0.5197231612974637,0.9654,-0.07472949908210741,0.4799260800263518,0.6277,-0.12690082518091683,0.5357367490229641,0.97035,-0.07289465884043966,0.49269550266039186
ar1,250,0.000629940788348712,0.01,,0.2,,,,,,ar1,1.0,-0.14460773460519732,-0.2733380790184356,-0.14369014905783759,0.15225,-0.21733410131006298,0.20488904403471486,0.6837,-0.11983757153206087,0.16600008895652038,0.0771,-0.25287109031282634,0.07487792692151334,0.59565,-0.13100211304051804,0.0883013630406383,0.13065,-0.22542016390425007,0.17530640182392462,0.5599,-0.13537684138840728,0.0578557940397436,0.13735,-0.22273716449431957,0.18512208290123816,0.711,-0.11623088032668852,0.19110056542634854,0.1442,-0.22017486277364695,0.19449619473327387,0.69775,-0.11808128086603709,0.1782228521559437
ar1,250,0.000629940788348712,0.01,,0.2,,,,,,ar1,1.0,-0.15229176027173985,-0.2733380790184356,-0.14369014905783759,0.2227,-0.1958717699890976,0.2834084051059464,0.7726,-0.10830638646255299,0.24625044115614403,0.0966,-0.24129879803543675,0.11721484653017528,0.58015,-0.13288868105577473,0.07517194513950358,0.19435,-0.20380623954552138,0.25438036194080577,0.6337,-0.1260147883350369,0.12301024697027815,0.2254,-0.19494925661905918,0.2867833954232531,0.7698,-0.10875586051940303,0.24312236271933257,0.2219,-0.19608492900672084,0.28262856858119767,0.7816,-0.10699279864428057,0.255392249602203
ar1,250,0.000629940788348712,0.01,,0.2,,,,,,ar1,1.0,-0.10872791294187502,-0.2733380790184356,-0.14369014905783759,0.5038,-0.1431492978316482,0.47629214946669274,0.95005,-0.07926273458086187,0.44837739329675724,0.2823,-0.18109285812847187,0.3374766560927727,0.84755,-0.09794308865506604,0.3183729761763809,0.29435,-0.17850947582173385,0.3469278906811441,0.79175,-0.10560332168008202,0.2650622024368908,0.52815,-0.13983737926443873,0.4884087143416002,0.95155,-0.07890000192282043,0.4509018019665223,0.5064,-0.14281512914106978,0.477514696620673,0.94745,-0.07987001624595769,0.4441510655416696
ar1,250,0.000629940788348712,0.01,,0.2,,,,,,ar1,1.0,-0.2949152685639996,-0.2733380790184356,-0.14369014905783759,0.0127,-0.3304711813569317,-0.2090199160821742,0.2492,-0.18883717164385017,-0.3141970613993878,0.0014,-0.3994279975002904,-0.4612965706594818,0.1312,-0.22525910172494434,-0.5676725454176678,0.00035,-0.4327116316880289,-0.5830638498737828,0.0827,-0.24951266366856029,-0.7364632530802613,0.0031,-0.38134609399249936,-0.3951444136942919,0.14955,-0.21832300286734196,-0.5194013249959359,0.0036,-0.3761812406040879,-0.3762489366829711,0.17075,-0.2110259761173589,-0.4686182560254536
ar1,250,0.000629940788348712,0.01,,0.2,,,,,,ar1,1.0,-0.26562913036445346,-0.2733380790184356,-0.14369014905783759,0.00085,-0.4162260767585472,-0.5227518911862784,0.0638,-0.2621139998475497,-0.82416123559065,0.00035,-0.4380790053663897,-0.6027002419112011,0.0481,-0.27534305557593547,-0.9162277816630664,0.00025,-0.4482357627108093,-0.6398584650936159,0.04195,-0.28142166163220617,-0.9585313501131483,0.00105,-0.4082220900421334,-0.49346952136368966,0.06155,-0.26388626195009846,-0.8364951507140549,0.00085,-0.41690878685004673,-0.525249567667913,0.0622,-0.26353644332736126,-0.8340606162311351
ar1,250,0.000629940788348712,0.01,,0.2,,,,,,ar1,1.0,-0.18233281940341226,-0.2733380790184356,-0.14369014905783759,0.0685,-0.25895208797534486,0.052630760758805434,0.5278,-0.13986669899617005,0.026608992242944492,0.02545,-0.30355150169256434,-0.1105349930848492,0.36815,-0.16486876920987728,-0.14739089833858382,0.0101,-0.33762921450052336,-0.23520738754351006,0.27955,-0.1817313672687309,-0.264744789119685,0.0293,-0.2970494091178136,-0.08674726252751173,0.40735,-0.15785846572112985,-0.09860325677294199,0.0297,-0.29635453568782866,-0.08420508679963573,0.3892,-0.16086777358679194,-0.11954629208464448
ar1,250,0.000629940788348712,0.01,,0.2,,,,,,ar1,1.0,-0.11255035990944733,-0.2733380790184356,-0.14369014905783759,0.53915,-0.1381058580395445,0.49474343810607596,0.9424,-0.08108754924116623,0.4356777428873903,0.3053,-0.17638359991169986,0.3547053504396529,0.8444,-0.09844757869822371,0.3148620184213395,0.3985,-0.15938532459309532,0.4168930828611502,0.83565,-0.09980533779391997,0.3054128035336179,0.55,-0.13665096872719873,0.5000661114692982,0.9474,-0.07988864104538634,0.444021447752623,0.52895,-0.1396428857111761,0.4891202637677214,0.94585,-0.08030682218953769,0.4411111498171464
ar1,250,0.000629940788348712,0.01,,0.2,,,,,,ar1,1.0,-0.1088802530229099,-0.2733380790184356,-0.14369014905783759,0.23725,-0.19194254944179598,0.297783352648607,0.82185,-0.10161441409526809,0.29282268296369673,0.1605,-0.21439822194391778,0.21562987962077013,0.697,-0.11815983033798125,0.17767619344301727,0.17885,-0.2083009248854537,0.23793667668453683,0.65405,-0.12366968929529853,0.1393307745437754,0.12345,-0.22839277539675298,0.1644311827429329,0.66155,-0.12272923314309742,0.14587580326263747,0.1454,-0.2198412080014452,0.195716861730715,0.70405,-0.11727556500727203,0.18383016667296562
ar1,250,0.000629940788348712,0.01,,0.2,,,,,,ar1,1.0,-0.08994047332924898,-0.2733380790184356,-0.14369014905783759,0.67235,-0.12133571718231538,0.5560965467452057,0.983,-0.06787586953050835,0.5276233619662596,0.7014,-0.11754642386745923,0.5699595742767652,0.98075,-0.0689808675263138,0.5199332175614356,0.60615,-0.1297473336810148,0.5253228743432274,0.94275,-0.08102836133842847,0.43608965632144164,0.69405,-0.11852071413615402,0.5663951595702835,0.9824,-0.06817872884804324,0.5255156369793993,0.68335,-0.11988966809109564,0.561386878397541,0.9818,-0.0684853464679189,0.5233817563906037
ar1,250,0.000629940788348712,0.01,,0.2,,,,,,ar1,1.0,-0.16485423884436573,-0.2733380790184356,-0.14369014905783759,0.35865,-0.16672550054296337,0.3900392468488872,0.8871,-0.09186245068668969,0.3606906855548352,0.18275,-0.20721170550559442,0.24192155644871274,0.74925,-0.11144204008457159,0.22442811274616753,0.14005,-0.22180183563463007,0.18854395834226084,0.6906,-0.11898291304082034,0.1719480157757522,0.38075,-0.16242500927477693,0.4057724783240977,0.8803,-0.09307426461869096,0.3522571642595549,0.3358,-0.17065973836212234,0.3756459437522717,0.8793,-0.0932195757514994,0.3512458831539173
ar1,250,0.000629940788348712,0.01,,0.2,,,,,,ar1,1.0,-0.08720903367769495,-0.2733380790184356,-0.14369014905783759,0.5013,-0.14352479133859614,0.4749184165850674,0.94535,-0.0804016434663698,0.4404512487908489,0.26565,-0.1852528357057605,0.32225749017111543,0.81,-0.10326229828223216,0.28135436590947216,0.4292,-0.15441776112733704,0.4350667800042519,0.90325,-0.08908471468077309,0.38002211519096507,0.36145,-0.16610047987409143,0.3923258681316459,0.8762,-0.09377563620305411,0.34737602530213874,0.29045,-0.17925543305820305,0.3441988262231368,0.8628,-0.095855760536667,0.3328995678187826
ar1,250,0.000629940788348712,0.01,,0.2,,,,,,ar1,1.0,-0.09823090822204371,-0.2733380790184356,-0.14369014905783759,0.442,-0.15254414998091845,0.44192133591957405,0.9065,-0.08858891404567712,0.38347259971162906,0.14505,-0.21997431390196834,0.19522989737872593,0.721,-0.1149717639757187,0.19986328409026335,0.35525,-0.1673332325613504,0.38781587562827485,0.84305,-0.0987191796974739,0.31297183317878075,0.26735,-0.18479592984710427,0.323929067948705,0.8029,-0.10422010920627758,0.2746885580560758,0.23265,-0.19310545477044522,0.2935288948254407,0.798,-0.10484671181390018,0.2703277677602123
ar1,250,0.000629940788348712,0.01,,0.2,,,,,,ar1,1.0,-0.1436637620198034,-0.2733380790184356,-0.14369014905783759,0.0848,-0.24811235242142698,0.0922876413253319,0.6313,-0.1264110516057188,0.12025248470696252,0.0382,-0.2853028568256923,-0.04377281734847383,0.47045,-0.14829214814215236,-0.03202724135572018,0.04435,-0.27876861125305064,-0.01986745591436153,0.40635,-0.15804034502871708,-0.09986903114077302,0.0366,-0.28741118946040783,-0.05148609550674079,0.4674,-0.14869907068524174,-0.03485918596540661,0.03865,-0.28464023665950194,-0.04134863931748075,0.4918,-0.14497495590328918,-0.00894150958765059
ar1,250,0.000629940788348712,0.01,,0.2,,,,,,ar1,1.0,-0.19422908220030488,-0.2733380790184356,-0.14369014905783759,0.14025,-0.22170119835320687,0.1889121371257827,0.70155,-0.11753013201310096,0.1820585281333851,0.0409,-0.28233374194940924,-0.03291039054374464,0.4443,-0.1521714359156225,-0.0590248316491832,0.0166,-0.3196381767320866,-0.1693876604383696,0.3199,-0.1735822329954054,-0.20803154658525527,0.04425,-0.2791078843965256,-0.02110867757178051,0.4723,-0.14804666212420994,-0.030318801218716756,0.04565,-0.2774176599614775,-0.014925037000668839,0.47115,-0.14817394537620526,-0.031204618742255448
ar1,250,0.000629940788348712,0.01,,0.2,,,,,,ar1,1.0,-0.12100404959337581,-0.2733380790184356,-0.14369014905783759,0.586,-0.13216243490484347,0.5164872915641965,0.96645,-0.07425277463093878,0.4832438053839665,0.4374,-0.15324753864177285,0.43934800744891134,0.92055,-0.08580789277750453,0.4028268928653872,0.39465,-0.15998381396278297,0.414703525621863,0.86325,-0.09579615138038985,0.3333144129328562,0.58695,-0.1320198174960189,0.5170090535131233,0.96555,-0.07460494875961383,0.4807928779475053,0.59665,-0.13087982758692027,0.5211796758910677,0.9636,-0.07555441577950675,0.4741851388219043
ar1,250,0.000629940788348712,0.01,,0.2,,,,,,ar1,1.0,-0.1285471352265767,-0.2733380790184356,-0.14369014905783759,0.7739,-0.1080611116843155,0.6046613334213592,0.99115,-0.06288920888756397,0.562327624406249,0.49935,-0.14378693302049161,0.4739593783023779,0.93845,-0.08208927087394274,0.4287063419991269,0.3897,-0.16075320193830483,0.4118887404361152,0.867,-0.09529100771351112,0.33682991952945246,0.75235,-0.11109298163012392,0.5935693188850166,0.99115,-0.06286050707713793,0.5625273723403573,0.73665,-0.11294762381861895,0.586784160391348,0.98995,-0.06369372308583365,0.5567286727484992
ar1,250,0.000629940788348712,0.01,,0.2,,,,,,ar1,1.0,-0.15095555711756273,-0.2733380790184356,-0.14369014905783759,0.0897,-0.24497154457396675,0.10377820224073367,0.62375,-0.12734266270708275,0.11376901240581713,0.04695,-0.27650237810381967,-0.011576502976633016,0.4559,-0.15046511788687766,-0.04714984898730285,0.05195,-0.2716213973808065,0.006280433534155811,0.4402,-0.15283992392618623,-0.06367712002766251,0.0505,-0.2726267024731997,0.002602551930526731,0.50295,-0.14327600913606217,0.002882173374381537,0.05045,-0.2728846958022434,0.0016586902850137676,0.49665,-0.14425352466219155,-0.003920767067526619
ar1,250,0.000629940788348712,0.01,,0.2,,,,,,ar1,1.0,-0.18756110779477736,-0.2733380790184356,-0.14369014905783759,0.22055,-0.19640175839667603,0.2814694567915307,0.77145,-0.10851627058964014,0.2447897695063243,0.07065,-0.2573200856260281,0.058601397397422816,0.5317,-0.13924798300962157,0.03091489623570485,0.03035,-0.29499012071414143,-0.07921341136755955,0.35985,-0.16648755352278521,-0.15865669716698053,0.0672,-0.2596097874736213,0.05022458485884211,0.5567,-0.13576807059852458,0.055133065914798655,0.06645,-0.26004107851012176,0.04864671821819969,0.5607,-0.13527735887797365,0.058548134545240466
ar1,250,0.000629940788348712,0.01,,0.2,,,,,,ar1,1.0,-0.1471973217202824,-0.2733380790184356,-0.14369014905783759,0.2869,-0.18017597819726297,0.3408310366258526,0.8467,-0.09814041554744973,0.31699969558841057,0.1492,-0.2184530884645414,0.2007952596688602,0.69705,-0.11814950780533712,0.17774803227617192,0.20975,-0.19930446222633724,0.27084999301215207,0.72755,-0.11412978388808209,0.2057229765824585,0.296,-0.1782139920248905,0.3480089101933337,0.85275,-0.09730136259286089,0.3228390169343096,0.26715,-0.1848812218350695,0.323617029507989,0.8455,-0.09831880393512787,0.31575821599605286
ar1,250,0.000629940788348712,0.01,,0.2,,,,,,ar1,1.0,-0.15718335587230226,-0.2733380790184356,-0.14369014905783759,0.0533,-0.27029959847396834,0.011116199233485962,0.4907,-0.14519369489745348,-0.010463805970517145,0.03105,-0.2939019877075286,-0.07523250607064547,0.41815,-0.15611782097373803,-0.08648938008198533,0.02565,-0.3032195277867309,-0.10932047549174408,0.3848,-0.16167091311129173,-0.12513567681119597,0.0548,-0.2692046439807536,0.015122060755403214,0.4935,-0.14468869889762548,-0.0069493270508471745,0.05735,-0.2669740422291325,0.023282657184672227,0.4951,-0.14446544549201165,-0.005395612985702988
ar1,250,0.000629940788348712,0.01,,0.2,,,,,,ar1,1.0,-0.11085879148339227,-0.2733380790184356,-0.14369014905783759,0.6573,-0.12328428269290619,0.5489677723073807,0.97165,-0.07249398573070752,0.4954839548428088,0.4747,-0.14768757261969676,0.4596889933885289,0.9174,-0.08646161122251465,0.39827739208682655,0.37035,-0.1644572103536574,0.39833772541232576,0.7753,-0.10783434578482597,0.2495355701703607,0.6496,-0.1241933483615967,0.545641980043255,0.9751,-0.07099101579092912,0.5059437528848683,0.6537,-0.12369927972090941,0.5474495168579626,0.97505,-0.07099856407582333,0.5058912212051135
ar1,250,0.000629940788348712,0.01,,0.2,,,,,,ar1,1.0,-0.08618386118724622,-0.2733380790184356,-0.14369014905783759,0.6506,-0.12407739272617911,0.5460662006122806,0.97145,-0.07256136375125544,0.49501504294460486,0.48335,-0.14635873761274015,0.4645505004706321,0.92585,-0.08469780423065684,0.4105524645495035,0.5235,-0.14050179550579922,0.48597796541797267,0.9189,-0.08618386118724541,0.4002103710494793,0.4464,-0.1518601417495859,0.44442376161082364,0.9145,-0.08709980155491949,0.3938359579551941,0.4317,-0.15405562841025738,0.4363916327960038,0.92735,-0.08434734317204765,0.4129914700130453
ar1,250,0.000629940788348712,0.01,,0.2,,,,,,ar1,1.0,-0.16942333545591817,-0.2733380790184356,-0.14369014905783759,0.1674,-0.2121442625899047,0.2238759292092764,0.7417,-0.11238127412674655,0.21789158920343743,0.0678,-0.2593027231513828,0.05134797141127987,0.52895,-0.13964371354616203,0.028160841492667635,0.05355,-0.270027823323354,0.012110481302015455,0.4786,-0.14715448244508028,-0.024109748719435505,0.08065,-0.25061995224266087,0.08311365491905165,0.5787,-0.13303696113122965,0.07414000191704066,0.0971,-0.2411249054205984,0.117851027977937,0.6079,-0.1295366934514674,0.09849983244622562
ar1,250,0.000629940788348712,0.01,,0.2,,,,,,ar1,1.0,-0.1116324239938407,-0.2733380790184356,-0.14369014905783759,0.2756,-0.18271703190202176,0.33153466008774357,0.84325,-0.09866840466617999,0.3133251979127367,0.22195,-0.19605533008820306,0.2827368554273776,0.78855,-0.10606023467326106,0.2618823533228425,0.2823,-0.18107509348492565,0.3375416475627136,0.78485,-0.10658753607380875,0.25821264176637776,0.273,-0.18360227243784943,0.32829603143049024,0.82965,-0.10050608810367308,0.30053598828672823,0.251,-0.18841537507877387,0.3106874250547946,0.8388,-0.0993100619580379,0.30885963575649145
ar1,250,0.000629940788348712,0.01,,0.2,,,,,,ar1,1.0,-0.09503798672626915,-0.2733380790184356,-0.14369014905783759,0.0955,-0.24181518069733,0.11532567446989159,0.623,-0.12746467360835423,0.11291988738178804,0.09745,-0.24080310537709854,0.11902832476971752,0.5965,-0.13089623511651027,0.08903821191094705,0.26475,-0.18541743943019096,0.32165529187872405,0.8133,-0.1028049104491752,0.2845375196333426,0.0971,-0.24111906998539342,0.11787237676046272,0.6203,-0.12778735356551987,0.11067422225247037,0.1096,-0.23498628574851058,0.1403090027106627,0.63435,-0.12592873123076376,0.12360915444471125
ar1,250,0.000629940788348712,0.01,,0.2,,,,,,ar1,1.0,-0.2573837459888597,-0.2733380790184356,-0.14369014905783759,0.0028,-0.38633868312761904,-0.4134096665747109,0.11425,-0.2324519726247058,-0.6177307501514259,0.0008,-0.4211143485750911,-0.540635501966371,0.0807,-0.25058333712248637,-0.7439145186050476,0.00235,-0.3906531444449237,-0.42919400709835115,0.09095,-0.24429997438991527,-0.7001859625852335,0.0036,-0.37687505270910304,-0.3787872295820308,0.13185,-0.22484219074373185,-0.5647710870786923,0.00295,-0.38281723296164016,-0.40052653598923044,0.12805,-0.22661614365929506,-0.5771167692788629
ar1,250,0.000629940788348712,0.01,,0.2,,,,,,ar1,1.0,-0.18142303175891777,-0.2733380790184356,-0.14369014905783759,0.05355,-0.27008981233188617,0.011883696183912763,0.4804,-0.14682475028806224,-0.02181500437418944,0.0182,-0.3168063902608398,-0.1590276459046616,0.35565,-0.16723783758678068,-0.16387823858032727,0.02665,-0.3011639798574055,-0.10180030875644355,0.3219,-0.17314169018298742,-0.20496562442353036,0.02245,-0.30921103131824945,-0.13124022978662392,0.33535,-0.1707043581429948,-0.1880032087257671,0.0149,-0.3233340051870744,-0.18290874929748357,0.32345,-0.1728866609542674,-0.2031907690810298
ar1,250,0.000629940788348712,0.01,,0.2,,,,,,ar1,1.0,-0.07743265695994427,-0.2733380790184356,-0.14369014905783759,0.7451,-0.11193612213530633,0.5904847120559565,0.9824,-0.0681779493402365,0.5255210619010926,0.5765,-0.13334838740497018,0.5121485162849324,0.95815,-0.07719370514767829,0.46277663671566943,0.6325,-0.1261902126621969,0.5383365057830605,0.9572,-0.0774326569599444,0.46111367085591565,0.7254,-0.11444093701911173,0.581320914268249,0.9875,-0.06534620956833012,0.5452283263898123,0.72405,-0.11462969675275402,0.5806303418667741,0.984,-0.06736661881191204,0.5311674512579433
ar1,250,0.000629940788348712,0.01,,0.2,,,,,,ar1,1.0,-0.13269995586527555,-0.2733380790184356,-0.14369014905783759,0.0935,-0.24305238640640514,0.11079939070614382,0.61935,-0.12792563430313383,0.10971186861500354,0.0305,-0.2947089247259329,-0.07818466341843255,0.42875,-0.15452035845182027,-0.07537196853782478,0.0366,-0.287538951420938,-0.05195350919819921,0.35195,-0.16783426683967578,-0.16802903984823486,0.0925,-0.24351592271997555,0.10910355558783547,0.6246,-0.12722187565805773,0.11460962012887264,0.0857,-0.2475975796621122,0.09417092360039338,0.6169,-0.12821733733323698,0.1076817849104781
ar1,250,0.000629940788348712,0.01,,0.2,,,,,,ar1,1.0,-0.15166848947641845,-0.2733380790184356,-0.14369014905783759,0.0571,-0.2671547273674447,0.02262162547273127,0.5147,-0.14174823738500159,0.013514577621144712,0.0267,-0.30091213023446345,-0.10087892369422881,0.404,-0.15852373666441522,-0.10323315623123805,0.04315,-0.28019445925580216,-0.025083882428632017,0.4093,-0.15759452664606152,-0.09676639407359236,0.0652,-0.2610838405578795,0.04483180135223538,0.5209,-0.1408104628888961,0.02004094357075496,0.0672,-0.2596183602268685,0.0501932216719857,0.50875,-0.1424393195121601,0.008705047311030384
ar1,250,0.000629940788348712,0.01,,0.2,,,,,,ar1,1.0,-0.19507956866873236,-0.2733380790184356,-0.14369014905783759,0.0261,-0.3026746102655124,-0.10732690941717699,0.35905,-0.1666148036651981,-0.1595422842670514,0.0057,-0.35641850209853604,-0.30394749015008987,0.1994,-0.20230220375989993,-0.40790586610408525,0.0202,-0.31272366713678446,-0.14409111331938662,0.27385,-0.18335790940645888,-0.27606457790404537,0.01145,-0.33354489317710057,-0.22026500798889515,0.2693,-0.18438694815125237,-0.2832260900295515,0.00905,-0.3413239051363378,-0.24872431372182444,0.24135,-0.19087094299345672,-0.32835092903013213
ar1,250,0.000629940788348712,0.01,,0.2,,,,,,ar1,1.0,-0.22052930455225464,-0.2733380790184356,-0.14369014905783759,0.0457,-0.2774144786335254,-0.014913398198042079,0.4506,-0.151315169797326,-0.05306571667915267,0.00525,-0.36132924177326925,-0.32191329898421867,0.2209,-0.1962993010726241,-0.3661291491430669,0.00795,-0.3448382837613194,-0.2615815732650313,0.23575,-0.19235967668813148,-0.33871165107291823,0.0115,-0.33334118223022796,-0.2195197369765132,0.2806,-0.1814977579132142,-0.26311900365667,0.0109,-0.33529973983159983,-0.22668506720933368,0.28945,-0.1795185285284866,-0.24934471643026493
ar1,250,0.000629940788348712,0.01,,0.2,,,,,,ar1,1.0,-0.20129683188253716,-0.2733380790184356,-0.14369014905783759,0.0141,-0.32557971674400765,-0.19112462454251958,0.27765,-0.18207708442728038,-0.26715077979348073,0.0063,-0.3520387503337419,-0.2879242862828425,0.2063,-0.2003941315205892,-0.3946267912905245,0.0053,-0.3604031399843017,-0.31852518053291023,0.20305,-0.20129683188253736,-0.4009090616331128,0.00655,-0.3505521131713973,-0.28248546426549626,0.22395,-0.19543905354889124,-0.36014232590310624,0.00535,-0.359596175430619,-0.3155729224480488,0.20265,-0.2014431520738168,-0.40192736519977235
ar1,250,0.000629940788348712,0.01,,0.2,,,,,,ar1,1.0,-0.1999344319087689,-0.2733380790184356,-0.14369014905783759,0.0196,-0.31389143773991207,-0.14836337061819077,0.32895,-0.171835395020793,-0.19587456862910282,0.00805,-0.34367335529548654,-0.2573197138489698,0.26625,-0.1850841866245686,-0.2880784649340802,0.0179,-0.31749130201464626,-0.1615333771085466,0.2575,-0.18691426858696125,-0.3008147727073849,0.00775,-0.34584814365903777,-0.2652761185012632,0.23745,-0.19187921753990367,-0.3353679343924211,0.01145,-0.33359198219494873,-0.22043728189239686,0.2615,-0.18623783681710954,-0.2961072003770128
ar1,250,0.000629940788348712,0.01,,0.2,,,,,,ar1,1.0,-0.10578977303008905,-0.2733380790184356,-0.14369014905783759,0.3464,-0.16870000841751331,0.3828155629712494,0.88665,-0.09190753470997615,0.36037692693197854,0.26065,-0.18645458714143856,0.3178609149116654,0.80425,-0.10404513533207323,0.2759062746173825,0.27295,-0.18362121120105293,0.328226744475407,0.7715,-0.10851452452740797,0.24480192108556353,0.3685,-0.16475724574484635,0.39724005401481544,0.89495,-0.09052552805583794,0.36999489074647723,0.3766,-0.16326539599856338,0.40269794613010446,0.895,-0.0905238133528064,0.3700068240838896
ar1,250,0.000629940788348712,0.01,,0.2,,,,,,ar1,1.0,-0.06974913650506903,-0.2733380790184356,-0.14369014905783759,0.4887,-0.14556654060677962,0.4674487318799013,0.92355,-0.08518192013115272,0.4071832989966095,0.37365,-0.16385425797937736,0.40054361043370756,0.86705,-0.09527946133208731,0.33691027563945386,0.6328,-0.12613959476908174,0.5385216899816798,0.9474,-0.07989634428302668,0.44396783769173265,0.35985,-0.1664872761111138,0.390910784516471,0.8553,-0.09692191030915415,0.3254797844900173,0.29645,-0.17811456128052372,0.34837267489353146,0.81735,-0.10223352747141524,0.28851401337008414
ar1,250,0.000629940788348712,0.01,,0.2,,,,,,ar1,1.0,-0.23361278580586428,-0.2733380790184356,-0.14369014905783759,0.0064,-0.3509956736132121,-0.284108218195017,0.1749,-0.209658474754234,-0.45910124061353086,0.0024,-0.38978088072608186,-0.4260028537765228,0.1299,-0.2259064687188046,-0.5721778437843615,0.0036,-0.37615942605883773,-0.3761691287567263,0.14555,-0.2198048951835257,-0.5297144350170498,0.00455,-0.3691718638263684,-0.3506053205322673,0.15805,-0.21527600669337005,-0.4981960009430988,0.00535,-0.3596143945974094,-0.31563957677903637,0.1755,-0.20937885442393397,-0.4571552454834996
ar1,250,0.000629940788348712,0.01,,0.2,,,,,,ar1,1.0,-0.06003116397381177,-0.2733380790184356,-0.14369014905783759,0.5884,-0.13184597466906517,0.5176450528132501,0.96015,-0.07672010360917664,0.4660726284145229,0.34895,-0.16830365979455603,0.3842655937330832,0.8929,-0.09087291847901521,0.3675772551224969,0.70655,-0.1168617896231842,0.5724642902195038,0.9731,-0.0719076997755867,0.4995641646481785,0.40625,-0.15808225352454525,0.42166033326851904,0.90535,-0.0887851565362862,0.3821068659303238,0.3947,-0.15997546483535327,0.41473407067968915,0.88805,-0.09170204178464673,0.3618070383674305
ar1,250,0.000629940788348712,0.01,,0.2,,,,,,ar1,1.0,-0.23471670588623367,-0.2733380790184356,-0.14369014905783759,0.0028,-0.38542908530753806,-0.410081927449056,0.11785,-0.23090720874567372,-0.6069800905609046,0.0003,-0.44300938939435935,-0.6207379190825443,0.06625,-0.26016514326195395,-0.8105983254094428,0.00025,-0.4442137585716014,-0.6251440712789998,0.06075,-0.26423949831851734,-0.838953470722316,0.00085,-0.4170559240155062,-0.5257878650247533,0.08115,-0.2504241607308984,-0.7428067433495297,0.0008,-0.42246883124295304,-0.5455908403251021,0.0772,-0.25277581416825207,-0.759172885724447
ar1,250,0.000629940788348712,0.01,,0.2,,,,,,ar1,1.0,-0.2083817532158347,-0.2733380790184356,-0.14369014905783759,0.0085,-0.3423156917680297,-0.2523527384010839,0.21835,-0.1970334569343104,-0.3712384476336042,0.00585,-0.3551768723762834,-0.2994050212532887,0.1906,-0.20500821564358315,-0.42673813749795797,0.0044,-0.36986964950721657,-0.35315815065148787,0.14465,-0.2200540605029832,-0.5314484809561156,0.00705,-0.34828726456705356,-0.27419957664794636,0.2197,-0.19663403406356456,-0.3684586963885479,0.00825,-0.34326195070822935,-0.2558146012472622,0.19675,-0.20317220742222755,-0.41396058640350836
ar1,250,0.000629940788348712,0.01,,0.2,,,,,,ar1,1.0,-0.09146640204979806,-0.2733380790184356,-0.14369014905783759,0.7488,-0.11149034492879946,0.592115575959397,0.9892,-0.0645651979667294,0.5506637136221435,0.4065,-0.15798220816260541,0.42202634653055376,0.9075,-0.08836839097353587,0.3850073122412436,0.53015,-0.13941584103736207,0.48995090059164786,0.91505,-0.08698963901929582,0.3946026252343778,0.6033,-0.130125038569815,0.5239410511806569,0.9659,-0.07448711600278646,0.4816129255123523,0.61615,-0.12836838957861924,0.5303677042013554,0.9682,-0.0736907466205392,0.4871551939800863
ar1,250,0.000629940788348712,0.01,,0.2,,,,,,ar1,1.0,-0.09794351167568277,-0.2733380790184356,-0.14369014905783759,0.26725,-0.1848055167831641,0.32389399440134475,0.8463,-0.09822386172051834,0.3164189586790556,0.1442,-0.22020637627633907,0.19438090343245953,0.6988,-0.11789008579324475,0.17955345884015955,0.2217,-0.19612427889354717,0.28248460808009357,0.77255,-0.1083101167529209,0.24622448050127396,0.30445,-0.17652549242517462,0.354186240500839,0.8471,-0.09806542331888346,0.31752159795303325,0.2889,-0.17961662142379659,0.34287742831586177,0.83795,-0.09942573432055696,0.308054623281541
ar1,250,0.000629940788348712,0.01,,0.2,,,,,,ar1,1.0,-0.09599286683163269,-0.2733380790184356,-0.14369014905783759,0.5191,-0.1410392778375158,0.4840116007839389,0.94945,-0.07937888860515492,0.44756902873554927,0.32265,-0.1730187606752245,0.3670155241577041,0.86065,-0.09619653405765058,0.33052798199179306,0.35225,-0.1677850252315461,0.3861630043129496,0.8512,-0.09748881256032557,0.32153447400848084,0.5465,-0.1371122209880143,0.4983786324964748,0.9428,-0.08092811195101776,0.43678733384539187,0.52055,-0.140838449252276,0.4847463267539207,0.9475,-0.07986782555758007,0.44416631146069735
ar1,250,0.000629940788348712,0.01,,0.2,,,,,,ar1,1.0,-0.08502423724146733,-0.2733380790184356,-0.14369014905783759,0.5765,-0.13335824945230265,0.512112436250391,0.9619,-0.07622523997802383,0.46951659193183837,0.46405,-0.14924841826261478,0.4539786816437363,0.91875,-0.08623266767670876,0.39987070622357884,0.6123,-0.12895596522593444,0.5282180745214177,0.92615,-0.08462850468966074,0.41103474911424576,0.61665,-0.12827615892843336,0.5307051275509197,0.95585,-0.07783179655714778,0.45833589103022476,0.60255,-0.13019669917194598,0.5236788827978677,0.96155,-0.07628728643333169,0.46908478463179243
ar1,250,0.000629940788348712,0.01,,0.2,,,,,,ar1,1.0,-0.22986460428787348,-0.2733380790184356,-0.14369014905783759,0.0065,-0.350722994989513,-0.28311063079454096,0.19405,-0.20388392309901446,-0.4189137142376261,0.0033,-0.37925051742981725,-0.38747780328198717,0.14145,-0.22119681986342066,-0.5394014225316546,0.0024,-0.39026623642147695,-0.4277785145155535,0.1013,-0.23889179219603612,-0.6625481549182495,0.0056,-0.3572267916457798,-0.3069045956882072,0.1936,-0.20403250807141854,-0.4199477793658088,0.0056,-0.3573849497669815,-0.3074832129147921,0.1798,-0.20806527374156647,-0.4480134866991951
ar1,250,0.000629940788348712,0.01,,0.2,,,,,,ar1,1.0,-0.1872753689843725,-0.2733380790184356,-0.14369014905783759,0.04605,-0.2770715487144612,-0.013658798325621536,0.44425,-0.15217701443322013,-0.05906365489235063,0.00645,-0.3508608738496024,-0.28361505689054833,0.2462,-0.1895961061226562,-0.31947880467672657,0.01385,-0.3261839392124053,-0.19333515616902192,0.28495,-0.18061886680950828,-0.2570024319259791,0.01085,-0.33537527860012034,-0.22696142375940445,0.30955,-0.17555534137405995,-0.2217632351637141,0.0137,-0.32718701587502075,-0.19700488512232958,0.3107,-0.17528190176065217,-0.2198602542342579
ar1,250,0.000629940788348712,0.01,,0.2,,,,,,ar1,1.0,-0.19559311489931322,-0.2733380790184356,-0.14369014905783759,0.3642,-0.16557772803985213,0.39423834163741034,0.88535,-0.09213349302919006,0.3588043882388565,0.10845,-0.23555409836336436,0.13823167555268748,0.64525,-0.12478920620931841,0.13153958689896858,0.0514,-0.27197192838454715,0.0049980252981741,0.4407,-0.15270530599378046,-0.06274025738754109,0.1353,-0.2234767420255952,0.18241635842285056,0.6905,-0.11899837758031663,0.1718403915607473,0.17985,-0.20802205368234217,0.23895691947000228,0.73575,-0.11308475512424739,0.21299576995546882
ar1,250,0.000629940788348712,0.01,,0.2,,,,,,ar1,1.0,-0.08470212089781953,-0.2733380790184356,-0.14369014905783759,0.72755,-0.11414434772007251,0.5824059782304466,0.98275,-0.06791932180205287,0.5273209593880075,0.38815,-0.1610305240071109,0.41087416511678193,0.9032,-0.0891039273108579,0.37988840644189087,0.60165,-0.13029967995108024,0.5233021303910896,0.92575,-0.08470212089781957,0.4105224230526366,0.46075,-0.1497570242585077,0.45211796030655804,0.9168,-0.08660249670746403,0.39729691092041985,0.38715,-0.16120640780903484,0.41023069896469827,0.9018,-0.08930548682416589,0.37848566927006944
ar1,250,0.000629940788348712,0.01,,0.2,,,,,,ar1,1.0,-0.13398287388030275,-0.2733380790184356,-0.14369014905783759,0.0582,-0.2663914489939444,0.025414058844039335,0.51735,-0.1412787453233587,0.016781969747336294,0.05615,-0.26797965155977943,0.019603662533586336,0.51255,-0.14200269865491463,0.01174367494214044,0.07465,-0.25455424054918907,0.06872016711575568,0.5022,-0.14338048147998644,0.0021551065252670546,0.03675,-0.2869996468659726,-0.04998047800948951,0.46905,-0.14850325979473183,-0.03349645587017169,0.0285,-0.2982854754599922,-0.09126937794815619,0.40355,-0.1585870481147326,-0.10367376716199778
ar1,250,0.000629940788348712,0.01,,0.2,,,,,,ar1,1.0,-0.3551146128188962,-0.2733380790184356,-0.14369014905783759,5e-05,-0.4870580015501264,-0.7818885802489167,0.00865,-0.3418228078615757,-1.3788882543645116,0.0,-0.5348426732972771,-0.9567075148033217,0.0053,-0.36001522449349155,-1.5054969102201965,0.0,-0.5005397931991884,-0.8312113518783781,0.0053,-0.36059848196291894,-1.5095560435237094,0.0,-0.5220026591936207,-0.9097326690380874,0.0053,-0.3600636625776783,-1.505834011159296,0.0,-0.5291864565865281,-0.9360143983116106,0.00515,-0.36254912274315265,-1.5231313706635576
ar1,250,0.000629940788348712,0.01,,0.2,,,,,,ar1,1.0,-0.13327363693951208,-0.2733380790184356,-0.14369014905783759,0.03495,-0.28911979536506177,-0.057736984189318746,0.44775,-0.15174254744234306,-0.0560400169204658,0.0202,-0.3128017315931945,-0.14437671003057445,0.3555,-0.16728317301761514,-0.16419374685373167,0.06045,-0.26452755478877443,0.032233065591519464,0.43735,-0.15325582440221602,-0.06657154583734269,0.0221,-0.30948772205835545,-0.1322524954069122,0.354,-0.16751962685254995,-0.16583932824177544,0.01715,-0.31876559141658845,-0.16619533056383606,0.3402,-0.16982279202746156,-0.18186802046607362
ar1,250,0.000629940788348712,0.01,,0.2,,,,,,ar1,1.0,-0.2660613443988709,-0.2733380790184356,-0.14369014905783759,0.00395,-0.3733468329122319,-0.36587933248426435,0.13975,-0.22191363211560117,-0.544390019571052,0.0042,-0.37203068268262085,-0.361064232318428,0.1431,-0.2205806953705659,-0.5351135538301839,0.00515,-0.3622825267471938,-0.3254008663855402,0.14675,-0.21931051470883967,-0.5262738339881857,0.0047,-0.3680521423812792,-0.34650884978399044,0.1425,-0.22093300978480443,-0.5375654575727064,0.00475,-0.365667833675942,-0.33778592060449486,0.1431,-0.2206052385354691,-0.5352843600062795
ar1,250,0.000629940788348712,0.01,,0.2,,,,,,ar1,1.0,-0.07844809199202699,-0.2733380790184356,-0.14369014905783759,0.38375,-0.16190863138599607,0.4076616329220783,0.8971,-0.09009103764391571,0.37301869171523633,0.25955,-0.18660056590124208,0.31732685555071677,0.8291,-0.10056513478350024,0.3001250576821299,0.49155,-0.14503556298072753,0.4693912992234593,0.89585,-0.0903336985594158,0.37132991265076193,0.39125,-0.16055506218201557,0.41261362939780244,0.8991,-0.08977287228860599,0.3752329378371584,0.37385,-0.163793819588589,0.40076472265855895,0.89625,-0.09022361057690334,0.37209606108358273
ar1,250,0.000629940788348712,0.01,,0.2,,,,,,ar1,1.0,-0.30956133265002034,-0.2733380790184356,-0.14369014905783759,0.0009,-0.4141694833889798,-0.5152278997360104,0.0748,-0.25448526802682686,-0.7710696919410422,0.00035,-0.4318310059348788,-0.5798421042746607,0.05795,-0.26650076878080764,-0.8546906000740302,0.00035,-0.4356653214024851,-0.5938698441394298,0.05285,-0.2708195750580672,-0.884746983935955,0.0009,-0.4115309754929847,-0.5055749896640946,0.06975,-0.25789750611253975,-0.7948168876123295,0.0009,-0.41371784474013945,-0.5135755919036651,0.0704,-0.25743373221414456,-0.7915892905819407
ar1,250,0.000629940788348712,0.01,,0.2,,,,,,ar1,1.0,-0.11086743531319074,-0.2733380790184356,-0.14369014905783759,0.3386,-0.17019760031494724,0.37733666335063376,0.88845,-0.09158589324000631,0.36261536479343814,0.2759,-0.18263891205073202,0.3318204594596067,0.8354,-0.09985335009745924,0.30507866578058407,0.4042,-0.15846980311771097,0.4202424935201846,0.84655,-0.09816230123749675,0.31684738389418154,0.35865,-0.1667266031405638,0.39003521302526334,0.8908,-0.09129163446393553,0.3646632350058376,0.371,-0.16432098763883143,0.3988360925454934,0.88765,-0.09176759927457323,0.36135079630521294
ar1,250,0.000629940788348712,0.01,,0.2,,,,,,ar1,1.0,-0.2044393904727588,-0.2733380790184356,-0.14369014905783759,0.00205,-0.39312667435641185,-0.4382433496574657,0.08555,-0.24767359246962795,-0.7236643854404755,0.00025,-0.44485665130331664,-0.6274960770223046,0.0505,-0.27277334391278824,-0.8983440806578369,0.00025,-0.44539383788024656,-0.6294613596454172,0.0483,-0.27517173598123557,-0.9150354967651577,0.00055,-0.42432244930645596,-0.552372252085071,0.06065,-0.2644370253417638,-0.8403281441048798,0.00035,-0.43706571794100446,-0.5989931571573167,0.05645,-0.2678080908650688,-0.8637888026497331
ar1,250,0.000629940788348712,0.01,,0.2,,,,,,ar1,1.0,-0.14594222816154437,-0.2733380790184356,-0.14369014905783759,0.10195,-0.2386558639290092,0.12688394977374234,0.6452,-0.12479395847068805,0.1315065139193607,0.08525,-0.2478535352600457,0.09323451693926287,0.55045,-0.13656698732349315,0.049573069420905454,0.06875,-0.2587782686802977,0.05326667396808591,0.4861,-0.14594222816154423,-0.015673162833174784,0.1187,-0.23052626630696094,0.15662586371139006,0.6313,-0.12642162813377128,0.12017887821325489,0.10595,-0.23698885854827773,0.13298264406001864,0.6609,-0.1228108970934607,0.1453074695884173
ar1,250,0.000629940788348712,0.01,,0.2,,,,,,ar1,1.0,-0.11489629055559727,-0.2733380790184356,-0.14369014905783759,0.26405,-0.18559251885839134,0.321014768506243,0.8134,-0.10278997428668027,0.28464146665123397,0.08935,-0.24529599573268646,0.10259120641532646,0.6057,-0.12978513999993369,0.09677078873588552,0.2061,-0.20046431686492974,0.26660669605639103,0.72175,-0.11489629055559761,0.20038853526869116,0.1262,-0.22734346867083322,0.16827004313767868,0.6872,-0.11942025350710012,0.16890438008362318,0.1155,-0.2318931679493881,0.15162509086870474,0.6507,-0.12405746211314823,0.13663210090196845
ar1,250,0.000629940788348712,0.01,,0.2,,,,,,ar1,1.0,-0.12113306562092027,-0.2733380790184356,-0.14369014905783759,0.0966,-0.2412973007447808,0.11722032432771198,0.62865,-0.12676155375471296,0.11781319327820167,0.0417,-0.28167559327987696,-0.030502571362839737,0.44915,-0.15152402288727207,-0.05451921290916906,0.04505,-0.27800541454841116,-0.017075321326381183,0.3888,-0.16096917041863743,-0.12025195515556712,0.0489,-0.2743158764215227,-0.003577245463194951,0.48095,-0.146739409800576,-0.021221084136470957,0.04695,-0.27639992986164574,-0.011201698841981089,0.4781,-0.14723179993550178,-0.024647833556346494
ar1,250,0.000629940788348712,0.01,,0.2,,,,,,ar1,1.0,-0.14911268895043636,-0.2733380790184356,-0.14369014905783759,0.07595,-0.2537664280129283,0.07160235806071957,0.577,-0.13327048342264264,0.07251482236963137,0.01745,-0.3182564981449704,-0.1643328265415418,0.378,-0.16292783854167708,-0.1338831479400583,0.06545,-0.2609919488182837,0.04516798480653406,0.45465,-0.15069456956565014,-0.04874669943444183,0.0718,-0.2562562826518925,0.06249329192582425,0.5777,-0.13316942105614715,0.07321815775593406,0.0794,-0.2511994689207405,0.08099350876100184,0.5723,-0.1338683311294218,0.06835414948635297
ar1,250,0.000629940788348712,0.01,,0.2,,,,,,ar1,1.0,-0.19568875911984865,-0.2733380790184356,-0.14369014905783759,0.0378,-0.28566949309017586,-0.04511414624710434,0.42115,-0.15568668185308945,-0.08348890215447596,0.0339,-0.290423239202524,-0.06250559836171261,0.40655,-0.1579725742388147,-0.09939738579593375,0.01205,-0.3320142255087189,-0.21466510155113008,0.29615,-0.1781675214564334,-0.2399424917063598,0.03895,-0.2841696690575754,-0.039627080420102226,0.42955,-0.15436883384974193,-0.07431744529408206,0.0338,-0.2908563910301329,-0.06409027265650663,0.41775,-0.15622425426820932,-0.08723009400822988
ar1,250,0.000629940788348712,0.01,,0.2,,,,,,ar1,1.0,-0.1020660653537055,-0.2733380790184356,-0.14369014905783759,0.24115,-0.19092294798119774,0.30151353713025575,0.81175,-0.10300648028004888,0.2831347106572551,0.1894,-0.20534055585788488,0.24876710703730578,0.7409,-0.1124727265783022,0.2172551332448675,0.3404,-0.16979671009128802,0.3788033094363121,0.81825,-0.10206606535370573,0.28967945246808463,0.21785,-0.19717106544228225,0.27865496768569953,0.74945,-0.11140680011944204,0.22467336244046193,0.16,-0.21452133793973802,0.21517946306606853,0.7148,-0.11576036256000134,0.19437509586404603
ar1,250,0.000629940788348712,0.01,,0.2,,,,,,ar1,1.0,-0.14857151493622478,-0.2733380790184356,-0.14369014905783759,0.49355,-0.14467873721138616,0.47069673668984796,0.9513,-0.07896875438494913,0.45042332475302155,0.33455,-0.170809815437984,0.37509689081240843,0.84855,-0.0978657392780668,0.31891128292535714,0.16965,-0.21141752844025796,0.22653466652189844,0.61545,-0.12849040592139477,0.10578138610131636,0.26845,-0.18458398297262193,0.3247044698804207,0.851,-0.09751679649030111,0.3213397221054518,0.3053,-0.17640102738566968,0.354641592495526,0.8614,-0.0960918520107948,0.33125650825154135
ar1,250,0.000629940788348712,0.01,,0.2,,,,,,ar1,1.0,-0.16906727554559775,-0.2733380790184356,-0.14369014905783759,0.0493,-0.27395209582499325,-0.002246363948859961,0.49825,-0.14399663670553664,-0.002132976057918132,0.0133,-0.32909350451743785,-0.2039797224712396,0.30735,-0.17604220765223144,-0.2251515417481517,0.0303,-0.29545499419314425,-0.08091413846958714,0.3561,-0.167110467493636,-0.16299181669281565,0.02065,-0.3118124109119617,-0.14075730696465152,0.36315,-0.16574091754670106,-0.15346054432713888,0.0237,-0.3071130500789484,-0.12356482192967637,0.36295,-0.16576642185030638,-0.15363803947049104
ar1,250,0.000629940788348712,0.01,,0.2,,,,,,ar1,1.0,-0.133058449257343,-0.2733380790184356,-0.14369014905783759,0.18955,-0.2053175912768161,0.24885112233861784,0.7581,-0.11037213020401375,0.23187406424369983,0.13865,-0.22218231761848878,0.1871519752522171,0.6681,-0.12192882999305303,0.15144614441192678,0.13735,-0.22276647838729427,0.18501483881333075,0.57855,-0.13305844925734273,0.07399045703693598,0.13775,-0.2225087753820779,0.1859576383169411,0.6581,-0.12315029516798584,0.14294545607008957,0.1305,-0.22553730406796002,0.1748778476900454,0.66195,-0.12266035185074736,0.1463551770596702
ar1,250,0.000629940788348712,0.01,,0.2,,,,,,ar1,1.0,-0.058224050232632135,-0.2733380790184356,-0.14369014905783759,0.37225,-0.16404697711454314,0.3998385526684015,0.8983,-0.08989847855677602,0.37435879114725923,0.36095,-0.16626601978307626,0.3917202448332775,0.8813,-0.09292161567131753,0.3533195122936709,0.7247,-0.11454586995096819,0.5809370199633161,0.978,-0.06999446829423198,0.5128791447905167,0.3801,-0.1625870438751766,0.4051796791027761,0.89705,-0.09010673327977739,0.37290945920372043,0.3935,-0.16017497671588704,0.41400416183841016,0.89615,-0.09027239134955853,0.3717565752317339
ar1,250,0.000629940788348712,0.01,,0.2,,,,,,ar1,1.0,-0.13948662540510418,-0.2733380790184356,-0.14369014905783759,0.3773,-0.16312048162057324,0.40322811147885695,0.8952,-0.09051310300712848,0.3700813618705657,0.31325,-0.17479432347244997,0.3605196754870705,0.8488,-0.0978416109326931,0.3190792021984034,0.2451,-0.18986772755648876,0.30537403263274226,0.7962,-0.10505269616979311,0.26889423625340025,0.3765,-0.16328598944806474,0.4026226055497678,0.89915,-0.08976693340736552,0.3752742690020254,0.3507,-0.16806956703360476,0.38512201579396804,0.8933,-0.09080038754206313,0.3680820283266982
ar1,250,0.000629940788348712,0.01,,0.2,,,,,,ar1,1.0,-0.10951614660059877,-0.2733380790184356,-0.14369014905783759,0.15215,-0.21739753108981602,0.2046569878939063,0.7234,-0.11471804765157584,0.20162900237927942,0.1484,-0.21878942583468688,0.19956477845909504,0.7041,-0.11725833032444388,0.18395011005768025,0.13225,-0.22460667237015514,0.1782825386908266,0.6621,-0.12263513464200987,0.14653067418945148,0.17045,-0.21121962935425947,0.2272586749978091,0.7219,-0.11487765490954,0.20051822854397694,0.17145,-0.21083062819509638,0.2286818252612485,0.731,-0.11366446256557,0.20896134278614859
ar1,250,0.000629940788348712,0.01,,0.2,,,,,,ar1,1.0,-0.3099185144045968,-0.2733380790184356,-0.14369014905783759,0.0089,-0.341489443449505,-0.24932993118193697,0.26085,-0.18639058280462573,-0.2971702237541735,0.00485,-0.3648605293618457,-0.33483241951531123,0.18755,-0.20602026379263422,-0.43378140494313056,0.0008,-0.4218707183582966,-0.5434026604461614,0.10335,-0.2381037929594001,-0.6570641378036257,0.0102,-0.3373093903072223,-0.23403731934646424,0.24405,-0.19018491949194552,-0.32357660381709985,0.00765,-0.34602078092802224,-0.26590770730003,0.2502,-0.18862960925603728,-0.3127525477067383
ar1,250,0.000629940788348712,0.01,,0.2,,,,,,ar1,1.0,-0.14000286102400536,-0.2733380790184356,-0.14369014905783759,0.1916,-0.20467361504514067,0.25120709203734387,0.7483,-0.11155469601104276,0.22364409291453788,0.0701,-0.257585929125184,0.05762881611599076,0.5733,-0.13375406785314142,0.06914935553930514,0.08425,-0.2484677259235056,0.09098751693960863,0.51765,-0.14126478103663087,0.016879153074233814,0.1693,-0.21147766668952114,0.22631465235673295,0.75745,-0.11053287278012913,0.230755389253317,0.21625,-0.1976046472374668,0.27706872036611074,0.75145,-0.11117431929940702,0.22629129395183814
ar1,250,0.000629940788348712,0.01,,0.2,,,,,,ar1,1.0,-0.2957669015503766,-0.2733380790184356,-0.14369014905783759,0.00025,-0.4556575298093557,-0.6670108001257423,0.02795,-0.2992557794386921,-1.0826464541994236,0.00015,-0.4748782918597198,-0.7373294403949151,0.01855,-0.31591260323016057,-1.1985682755677336,5e-05,-0.48924381169449915,-0.789885307789485,0.0165,-0.3200660583344312,-1.227473911281138,0.0001,-0.480624011983786,-0.7583500027135618,0.0172,-0.31863683180136027,-1.217527324528725,5e-05,-0.48454989319434344,-0.7727127333826854,0.019,-0.31483187773284677,-1.1910470536579505
ar1,250,0.000629940788348712,0.01,,0.2,,,,,,ar1,1.0,-0.17928217964508267,-0.2733380790184356,-0.14369014905783759,0.1034,-0.2380754742121136,0.1290072899207858,0.6227,-0.12749829638714477,0.11268589236535159,0.0315,-0.2934559848421675,-0.07360081660036483,0.42845,-0.15456292580831626,-0.0756682126211882,0.0224,-0.30930622303450084,-0.13158848611663554,0.38645,-0.16132912096363416,-0.12275700193404776,0.04705,-0.27630165722631034,-0.010842171052482072,0.48355,-0.14634197329940835,-0.01845515687024139,0.0489,-0.2743926674389337,-0.003858183332103449,0.4807,-0.14677283427700377,-0.021453699083611895
ar1,250,0.000629940788348712,0.01,,0.2,,,,,,ar1,1.0,-0.15351080871612893,-0.2733380790184356,-0.14369014905783759,0.338,-0.17030563903946144,0.376941406586914,0.87625,-0.09374382261296002,0.3475974294158006,0.13815,-0.2223748206447289,0.18644770811559488,0.70565,-0.11702743239607388,0.18555702556221534,0.20165,-0.20177006347153786,0.2618296572650997,0.7069,-0.11679854155019613,0.18714997293806934,0.34,-0.16990749189138843,0.37839801720444216,0.8767,-0.09368828044785571,0.347983970632916,0.31365,-0.17472312999777545,0.36078013489664185,0.8776,-0.09357224287413096,0.3487915247657887
ar1,250,0.000629940788348712,0.01,,0.2,,,,,,ar1,1.0,-0.08341718150500967,-0.2733380790184356,-0.14369014905783759,0.5415,-0.1376953314446286,0.49624533859645087,0.9547,-0.0781891688319814,0.45584878751493946,0.3575,-0.16690115261282276,0.38939662848232015,0.88355,-0.09251315980274488,0.35616212795835533,0.4181,-0.15612722280637145,0.42881276049415246,0.90235,-0.08925780663423347,0.37881749570525,0.53355,-0.13892634215787697,0.4917417190580793,0.95195,-0.07882363404815719,0.451433278029175,0.53995,-0.13799631370513715,0.4951442031030377,0.95915,-0.07699221101375535,0.4641789188849352
ar1,250,0.000629940788348712,0.01,,0.2,,,,,,ar1,1.0,-0.21723225914469896,-0.2733380790184356,-0.14369014905783759,0.05345,-0.2701789682226825,0.011557521758759508,0.51295,-0.1419587961740522,0.012049210715819497,0.01795,-0.3172955834325581,-0.1608173459474621,0.3642,-0.16558226518387736,-0.15235641600752917,0.0083,-0.3430580106739209,-0.2550684921246664,0.25825,-0.18680472516110463,-0.30005241407267763,0.05855,-0.2660137688698517,0.02679579140559456,0.51665,-0.14140297895792364,0.015917375790273004,0.0631,-0.262711982066277,0.038875289496133156,0.52285,-0.14054991598612337,0.02185419872068068
ar1,250,0.000629940788348712,0.01,,0.2,,,,,,ar1,1.0,-0.17364690356245985,-0.2733380790184356,-0.14369014905783759,0.1722,-0.2105838640738558,0.22958460515246132,0.7579,-0.11040331669331407,0.2316570243874201,0.16995,-0.21128916377096726,0.22700428520712393,0.7057,-0.11700582193469183,0.1857074218247549,0.088,-0.24615977914854398,0.0994310780535578,0.59895,-0.13065382966327563,0.09072521310639485,0.19145,-0.2047200218525308,0.25103731398242823,0.7563,-0.11067019546138784,0.22979970313176223,0.21,-0.19925201806294393,0.2710418585713952,0.7726,-0.10826721171480433,0.24652307465263298
ar1,250,0.000629940788348712,0.01,,0.2,,,,,,ar1,1.0,-0.16419855948827797,-0.2733380790184356,-0.14369014905783759,0.03385,-0.29064345898056965,-0.0633112664882922,0.4057,-0.15817657096584847,-0.10081708456005478,0.01365,-0.32755261425319077,-0.19834241694183635,0.2961,-0.1781983809743441,-0.2401572560316323,0.0622,-0.2635215818220266,0.035913390595486316,0.44905,-0.15154630044075668,-0.054674251745377926,0.02295,-0.308062534894781,-0.12703848655497207,0.33135,-0.1714755544149634,-0.19337028696338637,0.0147,-0.323816275643248,-0.18467312277192027,0.3185,-0.17377333938439748,-0.20936153608171798
ar1,250,0.000629940788348712,0.01,,0.2,,,,,,ar1,1.0,-0.2564880621101416,-0.2733380790184356,-0.14369014905783759,0.00045,-0.4260871957150476,-0.5588285292892164,0.04555,-0.27759956298841426,-0.931931762953882,0.00015,-0.4721310348828115,-0.7272786747395268,0.03035,-0.29489220278051703,-1.0522784944834194,0.00025,-0.4577177446386172,-0.6745480405887608,0.0316,-0.2933186304041644,-1.0413273444799542,0.00025,-0.44817579175801153,-0.6396390629780632,0.03375,-0.2910130279031591,-1.025281689881341,0.00025,-0.4482815159216143,-0.6400258519830289,0.03745,-0.2859579039089494,-0.9901009622715802
ar1,250,0.000629940788348712,0.01,,0.2,,,,,,ar1,1.0,-0.1451095965212077,-0.2733380790184356,-0.14369014905783759,0.0928,-0.24341441364673214,0.10947492379825069,0.5958,-0.1309934430167699,0.08836170137144929,0.019,-0.3149071668227329,-0.15207938811003946,0.3655,-0.16533656867005553,-0.1506465109414349,0.02485,-0.3049548546123986,-0.11566912194414941,0.3663,-0.16517432254123715,-0.14951737209731644,0.0861,-0.2473411140907314,0.09510919598564534,0.5739,-0.13366941984716857,0.06973845650779799,0.0899,-0.24494080142176805,0.10389067523501641,0.5733,-0.13375420002744906,0.06914843568287445
ar1,250,0.000629940788348712,0.01,,0.2,,,,,,ar1,1.0,-0.15417836807621302,-0.2733380790184356,-0.14369014905783759,0.268,-0.1846876956838726,0.32432503971970866,0.83225,-0.1002077346385584,0.30261235515718493,0.0866,-0.247031102675103,0.09624336439987306,0.56135,-0.13519423175344167,0.05912665106204444,0.0724,-0.25590284838027877,0.0637863216891229,0.4509,-0.1512892009713354,-0.052884988729736016,0.29035,-0.17933843973977448,0.34389514851431,0.8416,-0.09892247714951125,0.3115570009625826,0.26415,-0.18554692509657825,0.3211815720558136,0.82935,-0.1005388277037865,0.30030813968104375
ar1,250,0.000629940788348712,0.01,,0.2,,,,,,ar1,1.0,-0.17331076026229597,-0.2733380790184356,-0.14369014905783759,0.17985,-0.20802990110954525,0.23892820986894242,0.7481,-0.11158895995426364,0.22340563576597516,0.05985,-0.26502682985461196,0.03040648121062957,0.5328,-0.13910755527822496,0.031892191703190825,0.07965,-0.2510600076037287,0.08150372423303787,0.5733,-0.13375915418007753,0.06911395765733859,0.1914,-0.20473384554066462,0.2509867403917179,0.7371,-0.11286337136354135,0.21453647237771295,0.17155,-0.21080567466067116,0.22877311709484457,0.7572,-0.1105584672502394,0.23057726660344785
ar1,250,0.000629940788348712,0.01,,0.2,,,,,,ar1,1.0,-0.2624540772567516,-0.2733380790184356,-0.14369014905783759,0.0008,-0.42036030544638686,-0.5378768554894072,0.05365,-0.2699427343383076,-0.8786446816869217,0.00035,-0.43455973693648364,-0.58982509314838,0.0382,-0.28527964827348035,-0.9853806968955869,0.00125,-0.4022169477050079,-0.4714998698658444,0.05525,-0.2687904102750849,-0.870625175333992,0.00035,-0.4375298317047706,-0.6006911048616133,0.04295,-0.2804102503516926,-0.9514925149031822,0.00035,-0.44070667442001604,-0.6123134983702438,0.04195,-0.28132380811542934,-0.9578503464575849
ar1,250,0.000629940788348712,0.01,,0.2,,,,,,ar1,1.0,-0.22841678734319837,-0.2733380790184356,-0.14369014905783759,0.06585,-0.2607455285131831,0.046069506855659026,0.52675,-0.13994948294538195,0.026032864027094534,0.0246,-0.305508266355475,-0.11769376390060039,0.41445,-0.15675113047347805,-0.09089684645245383,0.00835,-0.34295480589403676,-0.2546909202171783,0.27445,-0.18321026511222605,-0.2750370593497052,0.0603,-0.2645793603370615,0.03204353638844217,0.5333,-0.13898710505101897,0.03273045534197037,0.06005,-0.264879735451744,0.030944622121680802,0.53575,-0.13860033732893867,0.035422134100857414
ar1,250,0.000629940788348712,0.01,,0.2,,,,,,ar1,1.0,-0.1686193490512761,-0.2733380790184356,-0.14369014905783759,0.17585,-0.2092477884624076,0.23447260179107848,0.73585,-0.11306458795537858,0.21313612174020177,0.1002,-0.23927634133077297,0.1246139499113305,0.63185,-0.12629305175509734,0.12107369514758899,0.0916,-0.24402499376348766,0.10724113288646799,0.5769,-0.1332968345105521,0.07233143409922976,0.1515,-0.2175816070490586,0.20398355095491996,0.7448,-0.11199968825088048,0.22054720532164793,0.1729,-0.21028428191879517,0.2306806183978036,0.7241,-0.11462205131218552,0.20229708115865128
ar1,250,0.000629940788348712,0.01,,0.2,,,,,,ar1,1.0,-0.1671312555385114,-0.2733380790184356,-0.14369014905783759,0.268,-0.18467353481896595,0.32437684686256085,0.83725,-0.09952963087190989,0.307331563614374,0.1262,-0.22733780049895552,0.16829077999182665,0.6522,-0.12386069899709072,0.13800145793408003,0.11555,-0.2318509309766204,0.15177961369596457,0.6675,-0.12202817010013872,0.15075479495104127,0.27395,-0.1833239788822624,0.32931416090804566,0.8499,-0.09770973725798915,0.3199969663984452,0.29185,-0.1790264546421612,0.34503653759092034,0.84285,-0.09875279168030694,0.3127379132959396
ar1,250,0.000629940788348712,0.01,,0.2,,,,,,ar1,1.0,-0.22126126839516583,-0.2733380790184356,-0.14369014905783759,0.1177,-0.2309694511715728,0.15500448382095053,0.68365,-0.11984460958027493,0.16595110822777728,0.02805,-0.299172490523641,-0.09451449866764794,0.43265,-0.15395249722142468,-0.07141998411774444,0.0068,-0.34901194432826377,-0.27685079803580626,0.2507,-0.1885046795256749,-0.31188310932713104,0.0287,-0.2979980421320912,-0.09021781085976087,0.45975,-0.14991443482697475,-0.043317414658897685,0.03855,-0.2848536210954424,-0.04212930052907155,0.46805,-0.1486039784542486,-0.034197399255485
ar1,250,0.000629940788348712,0.01,,0.2,,,,,,ar1,1.0,-0.13888374240319828,-0.2733380790184356,-0.14369014905783759,0.19235,-0.20434510085693255,0.2524089523467008,0.7665,-0.10918586083971313,0.24012981018090482,0.1344,-0.22375931602427823,0.18138256905951794,0.68815,-0.11932114324134735,0.1695941299822949,0.18755,-0.20598381554166587,0.24641375880975203,0.7227,-0.11481455402397614,0.20095737406632208,0.19245,-0.20432605856724462,0.252478618050639,0.7463,-0.11174441449357095,0.2223237624411397,0.1925,-0.20431919341909105,0.2525037340102529,0.7755,-0.10781792453468078,0.24964985253594288
ar1,250,0.000629940788348712,0.01,,0.2,,,,,,ar1,1.0,-0.06935448009012724,-0.2733380790184356,-0.14369014905783759,0.60425,-0.1299367913632493,0.5246297485156265,0.9682,-0.07367937316864143,0.48723434660100257,0.4939,-0.1446466598134337,0.4708140909862843,0.9373,-0.08230397026758615,0.4272121588901861,0.7536,-0.11095332096868454,0.5940802636532718,0.9795,-0.06935448009012718,0.5173330910651996,0.61945,-0.1279047839034264,0.5320637930772912,0.9662,-0.07434097326474073,0.48262999410754803,0.6154,-0.12849486307576044,0.529905004318502,0.96595,-0.07446846027826495,0.48174275852208764
ar1,250,0.000629940788348712,0.01,,0.2,,,,,,ar1,1.0,-0.08235525947787084,-0.2733380790184356,-0.14369014905783759,0.3392,-0.17002112985617324,0.37798227577100235,0.8729,-0.09426994923193732,0.3439358936568981,0.157,-0.21571629388070107,0.21080774894100343,0.75905,-0.11023399511803064,0.23283540423039234,0.443,-0.15238743283342004,0.44249468138267667,0.9007,-0.08957019133266003,0.3766434795985451,0.3323,-0.17123089393607135,0.3735563864684858,0.87905,-0.09323164154955854,0.3511619122057469,0.36105,-0.16623186261724301,0.3918452079044892,0.87965,-0.09317586906640801,0.35155005630272373
ar1,250,0.000629940788348712,0.01,,0.2,,,,,,ar1,1.0,-0.1281076583753378,-0.2733380790184356,-0.14369014905783759,0.23345,-0.19293073261183924,0.2941681111367333,0.7804,-0.10718088728027927,0.2540832619142371,0.11985,-0.22996822131802155,0.15866745627303877,0.6841,-0.11976604669645333,0.16649786027958274,0.17985,-0.2080396952765783,0.2388923781726481,0.6953,-0.11835961820371299,0.17628578590957303,0.1316,-0.22499932743756834,0.17684602070246858,0.69335,-0.11862631733547865,0.17442971481830907,0.1312,-0.2252553199561575,0.1759094789681137,0.657,-0.12332427057189561,0.14173468828224528
ar1,250,0.000629940788348712,0.01,,0.2,,,,,,ar1,1.0,-0.17531366331326018,-0.2733380790184356,-0.14369014905783759,0.0253,-0.3039149343185829,-0.11186460155844229,0.36255,-0.16584441115252574,-0.15418079972741006,0.0076,-0.3462007456985557,-0.26656610356585475,0.2547,-0.1874862128543448,-0.3047951726939792,0.028,-0.2991818922682282,-0.09454889469699375,0.37145,-0.1641923910173938,-0.14268369887558358,0.01195,-0.33226104736303347,-0.2155680926572391,0.28515,-0.18059139035209443,-0.2568112117373022,0.00835,-0.3429207090445063,-0.25456617781153573,0.2457,-0.18973657243347372,-0.32045636863457994
ar1,250,0.000629940788348712,0.01,,0.2,,,,,,ar1,1.0,-0.1035852075995163,-0.2733380790184356,-0.14369014905783759,0.28775,-0.17994724547405813,0.34166784913300946,0.8447,-0.0984151087765981,0.3150879902213446,0.14325,-0.22054520413744455,0.19314131082859615,0.6534,-0.12373834123343198,0.13885299691890973,0.2149,-0.19794494609644067,0.2758237461561656,0.682,-0.12006564672987124,0.16441281801758797,0.15305,-0.21706810860238435,0.20586217119150843,0.703,-0.11738862284692189,0.1830433497589936,0.15505,-0.2164128523998007,0.2082594083599874,0.6999,-0.11773859020317345,0.1806077801771798
ar1,250,0.000629940788348712,0.01,,0.2,,,,,,ar1,1.0,-0.1203013571286928,-0.2733380790184356,-0.14369014905783759,0.26215,-0.1861114472992355,0.31911628278223536,0.8214,-0.10171703432604481,0.2921085057466112,0.1427,-0.22079983211771798,0.1922097612209169,0.6803,-0.12025901120806923,0.16306711353147077,0.20235,-0.20161406976778673,0.2624003560287382,0.68,-0.12030135712869278,0.16277241051319702,0.2622,-0.1860679134329445,0.31927555025951976,0.8349,-0.09992436794936047,0.3045844227697244,0.2622,-0.18606988186750334,0.319268348794704,0.8154,-0.1025175412993288,0.28653744204786197
ar1,250,0.000629940788348712,0.01,,0.2,,,,,,ar1,1.0,-0.17636860478771688,-0.2733380790184356,-0.14369014905783759,0.01815,-0.31692266531410007,-0.1594530350552616,0.29865,-0.1777082252300934,-0.23674605667339785,0.0058,-0.35606403029764955,-0.30265066461389156,0.22635,-0.19467514974029476,-0.3548259989759973,0.00635,-0.35141705367280374,-0.2856498257935807,0.25335,-0.1878119685867864,-0.3070622434331881,0.01815,-0.31706452896282417,-0.1599720393931626,0.28525,-0.18055794099720784,-0.2565784236505342,0.01415,-0.32542435558883853,-0.19055623994083135,0.3083,-0.17586241729558288,-0.22390030526584984
ar1,250,0.000629940788348712,0.01,,0.2,,,,,,ar1,1.0,-0.14500134313909402,-0.2733380790184356,-0.14369014905783759,0.12635,-0.22725064809860937,0.16860962470112995,0.6776,-0.12065788589667092,0.16029117731582146,0.0443,-0.27907975706861365,-0.021005774500196157,0.4918,-0.14496135165982987,-0.008846831952833516,0.16965,-0.2114043769947263,0.22658278073115493,0.6531,-0.12377499886515848,0.13859788108830576,0.07465,-0.25452738840934763,0.06881840494612994,0.55665,-0.13577507665456626,0.055084307832998246,0.06625,-0.26013075764467936,0.04831862951983891,0.52995,-0.1394509422733996,0.029502417613413663
ar1,250,0.000629940788348712,0.01,,0.2,,,,,,ar1,1.0,-0.1669138521513249,-0.2733380790184356,-0.14369014905783759,0.0263,-0.30204476492515686,-0.10502263720374323,0.3804,-0.1625081315290796,-0.13096223084623212,0.00795,-0.3448384681764162,-0.2615822479426959,0.24915,-0.18885756340064447,-0.3143389761856693,0.0047,-0.3670595118867906,-0.3428773378554177,0.1844,-0.20679325071812993,-0.43916094508950876,0.008,-0.34433589587295177,-0.2597436007067557,0.25125,-0.188385086680522,-0.3110508125695798,0.00655,-0.35050162783444916,-0.2823007650200438,0.24645,-0.18948769689607897,-0.31872433941040135
ar1,250,0.000629940788348712,0.01,,0.2,,,,,,ar1,1.0,-0.15883751972504934,-0.2733380790184356,-0.14369014905783759,0.1258,-0.22744586762289845,0.1678954193295618,0.67435,-0.12105527217947515,0.15752559954024084,0.04745,-0.27615065266761707,-0.010289724941660156,0.4431,-0.15235712369910692,-0.060317110797767644,0.0522,-0.27140213867841523,0.0070825855913394286,0.45825,-0.15010306128022682,-0.04463014524264944,0.0592,-0.2656783826450032,0.02802279287590871,0.52225,-0.1406272828711543,0.021315770125970326,0.08045,-0.250739267814669,0.08267714211250606,0.55345,-0.13615493559973751,0.052440710149636124
ar1,250,0.000629940788348712,0.01,,0.2,,,,,,ar1,1.0,-0.08228232941063066,-0.2733380790184356,-0.14369014905783759,0.5093,-0.14236833247391922,0.47914929019342,0.95185,-0.07885488259158749,0.45121580631218405,0.4615,-0.14964327610653275,0.45253410485686524,0.93525,-0.0825749659575924,0.42532618624847657,0.58325,-0.13246489749078594,0.5153807403400545,0.93335,-0.08305390008448184,0.42199308283095094,0.55505,-0.1359614048948483,0.5025888621772372,0.9522,-0.07875301717927866,0.4519247304310381,0.5351,-0.13868679225092867,0.49261810594061145,0.9501,-0.0792544339045809,0.4484351611836681
ar1,250,0.000629940788348712,0.01,,0.2,,,,,,ar1,1.0,-0.20144179433181908,-0.2733380790184356,-0.14369014905783759,0.30645,-0.17620370714738348,0.3553634832726719,0.86715,-0.0952765811584083,0.33693031997581163,0.0975,-0.24074770000900433,0.11923102381660175,0.6057,-0.1297853507736209,0.09676932187341368,0.0338,-0.29086045163482344,-0.06410512826939865,0.38845,-0.16101094030195867,-0.12054264928870796,0.12875,-0.22629838183176615,0.17209346519003232,0.69135,-0.11886904391868611,0.17274047874472304,0.17355,-0.2100516467222199,0.23153170799867687,0.7238,-0.11465540555203516,0.20206495501730937
ar1,250,0.000629940788348712,0.01,,0.2,,,,,,ar1,1.0,-0.12041648905901563,-0.2733380790184356,-0.14369014905783759,0.14225,-0.22097155689464715,0.19158151074975738,0.68685,-0.11946901768469631,0.16856500972374858,0.0533,-0.27031021289364254,0.011077366664996709,0.50665,-0.1427685844743257,0.006413554370668422,0.15825,-0.21523209842500957,0.21257916497432838,0.67885,-0.12041648905901588,0.16197115913251428,0.13195,-0.22476535845466983,0.17770198992468125,0.6953,-0.11835916536421373,0.1762889374095348,0.13345,-0.22411127132191483,0.1800949500826799,0.68425,-0.1197304716135765,0.16674544219880327
ar1,250,0.000629940788348712,0.01,,0.2,,,,,,ar1,1.0,-0.12350287638463066,-0.2733380790184356,-0.14369014905783759,0.20235,-0.20161810835811875,0.26238558095478387,0.76245,-0.10970534591972693,0.236514495676605,0.1148,-0.23222523462671493,0.1504102338735898,0.6467,-0.12457739950251126,0.1330136385872433,0.22645,-0.1946578654413602,0.2878494421985336,0.71925,-0.1152529696453718,0.19790625591890346,0.0923,-0.24368943383840347,0.1084687698344161,0.60385,-0.13001188803009087,0.0951927541131647,0.0793,-0.25121686067013865,0.08092988151425823,0.58065,-0.13281555658865207,0.0756808489690432
ar1,250,0.000629940788348712,0.01,,0.2,,,,,,ar1,1.0,-0.15780451329996667,-0.2733380790184356,-0.14369014905783759,0.07545,-0.25405125607727,0.07056032225888567,0.57555,-0.1334448330866902,0.07130144994855205,0.045,-0.27803115097490994,-0.01716947734954195,0.4612,-0.14968966752510252,-0.04175316475487842,0.0504,-0.27289840328833864,0.0016085418163317858,0.52245,-0.14060319412756428,0.021483413793598034,0.0711,-0.25694246747090516,0.05998290324717114,0.56155,-0.1351574494094062,0.05938263481790146,0.07965,-0.2510486112563648,0.08154541746291948,0.5727,-0.13383276476486028,0.06860167073116161
ar1,250,0.000629940788348712,0.01,,0.2,,,,,,ar1,1.0,-0.13871753356506353,-0.2733380790184356,-0.14369014905783759,0.0344,-0.2897002328629817,-0.059860499141952794,0.4094,-0.15756448268272566,-0.09655730553458772,0.02615,-0.3023129308020108,-0.10600371484143263,0.3824,-0.1621607356991681,-0.1285445575945211,0.03905,-0.2840179830412673,-0.03907214121495081,0.4122,-0.15717075111096096,-0.09381716242563863,0.0366,-0.2873725947314308,-0.05134489773028885,0.39465,-0.15998484029792032,-0.11340158909240088,0.03115,-0.29375883633301814,-0.07470879062263856,0.4131,-0.15697378190680816,-0.0924463711400543
ar1,250,0.000629940788348712,0.01,,0.2,,,,,,ar1,1.0,-0.11312185451029039,-0.2733380790184356,-0.14369014905783759,0.35865,-0.1667200125222655,0.3900593246247959,0.8826,-0.09265384467130178,0.3551830429655472,0.23505,-0.19246683600381898,0.2958652643825823,0.80415,-0.10406959524130305,0.27573604785242883,0.2823,-0.18106526517811494,0.33757760415846494,0.7802,-0.10720042415284409,0.2539472966257819,0.2434,-0.19036835460855933,0.3035425020466332,0.79235,-0.1055247537606669,0.2656089895335031,0.2355,-0.1924078767373347,0.2960809652710059,0.79735,-0.10492636460459207,0.2697734305894726
ar1,250,0.000629940788348712,0.01,,0.2,,,,,,ar1,1.0,-0.24025515437633085,-0.2733380790184356,-0.14369014905783759,0.06385,-0.2620472778373211,0.041307092014621766,0.5446,-0.13731703245824609,0.04435319081634621,0.0308,-0.2942661617145319,-0.07656482686660276,0.3672,-0.1650863243003316,-0.14890495543909354,0.01145,-0.33355851098476325,-0.22031482837144697,0.27275,-0.18363856182735733,-0.2780177557853313,0.0281,-0.2989365527725375,-0.09365132675998424,0.38415,-0.16183357227345993,-0.12626769012759062,0.02535,-0.3037772633855244,-0.11136093615787725,0.38215,-0.16226577276650492,-0.12927555459066542
ar1,250,0.000629940788348712,0.01,,0.2,,,,,,ar1,1.0,-0.1321706640772424,-0.2733380790184356,-0.14369014905783759,0.2238,-0.19552847716693633,0.28466433264957314,0.8086,-0.10343636926821966,0.2801429329258691,0.1718,-0.2106831713175065,0.22922129227630691,0.7583,-0.11033918971109448,0.23210331094665934,0.21905,-0.19685781645000844,0.2798009806868836,0.7395,-0.1125971837024348,0.21638898393018838,0.1833,-0.2070611746832353,0.24247226940791586,0.72235,-0.11484608467219673,0.2007379390638022,0.11645,-0.2315486390563446,0.1528855405443618,0.67555,-0.12086717581115547,0.1588346410406708
ar1,250,0.000629940788348712,0.01,,0.2,,,,,,ar1,1.0,-0.10822558101604803,-0.2733380790184356,-0.14369014905783759,0.35165,-0.16789625671877012,0.38575606691284986,0.873,-0.09425624926299955,0.3440312374854597,0.24385,-0.19025778775195912,0.3039470079134969,0.80415,-0.10408290587149938,0.2756434135954279,0.28455,-0.18065043089333357,0.3390952642161892,0.77305,-0.10822558101604751,0.24681280014202656,0.3242,-0.1727274707588475,0.3680812004711656,0.87205,-0.09440973403854665,0.3429630725726005,0.3283,-0.17194112680443627,0.3709580186489878,0.86635,-0.09540735745920337,0.3360201928609568
ar1,250,0.000629940788348712,0.01,,0.2,,,,,,ar1,1.0,-0.15781568165024354,-0.2733380790184356,-0.14369014905783759,0.10705,-0.2363673542334008,0.1352564008563961,0.62625,-0.1270266967723249,0.11596795183784928,0.03725,-0.28626630022591737,-0.04729754907880879,0.4664,-0.14889786133822824,-0.03624265347720163,0.0401,-0.28329746700037756,-0.03643615268573771,0.40765,-0.15781568165024315,-0.0983055044832601,0.0953,-0.24195321276588894,0.11482068786482498,0.6414,-0.1251592293945688,0.12896444039326446,0.11785,-0.23091374050130808,0.15520829980760256,0.6239,-0.12731907462711822,0.11393317174533477
ar1,250,0.000629940788348712,0.01,,0.2,,,,,,ar1,1.0,-0.08281142948526765,-0.2733380790184356,-0.14369014905783759,0.6466,-0.1246298480651933,0.5440450576343318,0.97315,-0.07188922846961186,0.4996927142119165,0.57855,-0.1330604231416349,0.5132020257863139,0.95315,-0.07851702271356698,0.4535671148760336,0.67695,-0.12072432178270827,0.5583333203473422,0.9344,-0.08281142948526755,0.42368053740458833,0.68555,-0.11960199634186605,0.5624393177439454,0.9763,-0.07042692999512382,0.509869462472505,0.65535,-0.12352826306677643,0.5480751766809449,0.97525,-0.07084329103071324,0.5069718314357258
ar1,250,0.000629940788348712,0.01,,0.2,,,,,,ar1,1.0,-0.18909170624634591,-0.2733380790184356,-0.14369014905783759,0.0318,-0.29309677256109756,-0.0722866481450955,0.4213,-0.15564918791097554,-0.08322796608920108,0.01165,-0.3330242831645595,-0.21836037028012592,0.29915,-0.17763189917136396,-0.23621487162536298,0.00495,-0.36396474121929256,-0.33155520272294203,0.18505,-0.2066598999299175,-0.43823290103717266,0.00625,-0.35222892946061163,-0.2886200514962101,0.249,-0.1889231906730777,-0.31479570389361267,0.0063,-0.35176617543970046,-0.2869270783745253,0.2315,-0.19339310672142854,-0.3459037240164927
ar1,250,0.000629940788348712,0.01,,0.2,,,,,,ar1,1.0,-0.17055585211595997,-0.2733380790184356,-0.14369014905783759,0.0747,-0.2545236490901389,0.0688320851447402,0.5331,-0.13902934571305625,0.03243648486233587,0.0355,-0.2887979651179209,-0.056559576898331014,0.44375,-0.15224881988188194,-0.059563379119325355,0.0428,-0.28054411110050886,-0.02636307428496725,0.3947,-0.1599714814501116,-0.11330861926881662,0.0829,-0.2493491971897929,0.0877626780534473,0.54445,-0.13733115049384137,0.04425493748660959,0.0752,-0.2542112264347593,0.06997507501465344,0.5458,-0.1372146032378635,0.04506603871200368
ar1,250,0.000629940788348712,0.01,,0.2,,,,,,ar1,1.0,-0.09002406276723646,-0.2733380790184356,-0.14369014905783759,0.07085,-0.25719718639006367,0.05905102094203013,0.55155,-0.13644287850991416,0.0504367946963872,0.0564,-0.2678383173713302,0.020120729855332302,0.50045,-0.14364709226611827,0.00029965026831438324,0.2081,-0.1998838242417404,0.2687304126833386,0.69895,-0.11787451966132827,0.17966179007941674,0.06975,-0.25788995333399045,0.05651655173666172,0.5529,-0.1362241276284242,0.0519591738081376,0.05915,-0.2657058291075293,0.027922380732000054,0.5424,-0.13754944690382762,0.04273572123262422
ar1,250,0.000629940788348712,0.01,,0.2,,,,,,ar1,1.0,-0.22357664103629857,-0.2733380790184356,-0.14369014905783759,0.3165,-0.17423554492898977,0.362563951738176,0.8592,-0.09638994834300069,0.3291819308768189,0.09475,-0.24224070033166883,0.11376892234861051,0.62495,-0.12718821483163867,0.11484387993471024,0.0384,-0.28499771171129734,-0.04265645216623969,0.44905,-0.15155209790848978,-0.054714598754349086,0.1258,-0.22744095724532284,0.16791338381366605,0.6711,-0.12149875668141415,0.1544392049276186,0.1379,-0.22248374735539606,0.1860492026784516,0.6977,-0.11808694763651392,0.17818341472398336
ar1,250,0.000629940788348712,0.01,,0.2,,,,,,ar1,1.0,-0.1236304539030049,-0.2733380790184356,-0.14369014905783759,0.49035,-0.14528962622247935,0.4684618156964507,0.932,-0.08330549916204269,0.42024209934871115,0.29215,-0.17895575195555266,0.3452952014655712,0.84155,-0.09892825728457014,0.31151677457895927,0.3281,-0.17197259526883538,0.3708428921195554,0.77515,-0.10788402820068951,0.24918980940534438,0.3073,-0.17606286365098595,0.355878755410763,0.8395,-0.09918974910204936,0.3096969433713657,0.284,-0.1807868687147598,0.33859611012131824,0.82615,-0.10095420102168583,0.2974173825858435
ar1,250,0.000629940788348712,0.01,,0.2,,,,,,ar1,1.0,-0.10505940869524881,-0.2733380790184356,-0.14369014905783759,0.5139,-0.1418587684057597,0.48101351661218095,0.9428,-0.08094802200998188,0.43664877139629793,0.27055,-0.1841214569100893,0.32639660902251744,0.8359,-0.09975069609741627,0.30579307801215366,0.3286,-0.17189787203105406,0.3711162650723824,0.7961,-0.10505940869524873,0.2688475209740326,0.48145,-0.1466114462402326,0.4636259727634062,0.94865,-0.07955486816979553,0.4463443131527867,0.5121,-0.14209016834832536,0.48016694615483146,0.94275,-0.08099925015461885,0.43629225325658644
ar1,250,0.000629940788348712,0.01,,0.2,,,,,,ar1,1.0,-0.1549289242221364,-0.2733380790184356,-0.14369014905783759,0.06435,-0.2616703679774388,0.04268600658530949,0.51565,-0.1416114624769675,0.014466451559135023,0.0556,-0.26849723808618936,0.01771008616739324,0.4758,-0.1475532584007148,-0.02688499781096503,0.0434,-0.280075369341199,-0.024648195183624506,0.4437,-0.1522774810271427,-0.059762844047496766,0.0657,-0.26084044256017197,0.04572226637116562,0.53465,-0.13879081480196903,0.034096521494291814,0.0607,-0.2642576147142115,0.03322063408374088,0.52315,-0.1405259935035334,0.022020685308291835
ar1,250,0.000629940788348712,0.01,,0.2,,,,,,ar1,1.0,-0.19398195615257313,-0.2733380790184356,-0.14369014905783759,0.15865,-0.21501859501451864,0.2133602614511077,0.73445,-0.1132292052287178,0.21199048110708532,0.06075,-0.26422999148354054,0.03332169292914638,0.5229,-0.14054415266372666,0.021894308097937937,0.03435,-0.28973944490253545,-0.06000395533252299,0.41795,-0.15617957317067804,-0.08691913951465988,0.0769,-0.2530349438820177,0.07427847305185947,0.5645,-0.13481318700961337,0.061778501215494594,0.0595,-0.26524536011217487,0.029606994149230518,0.55675,-0.13576394924611304,0.05516174813441192
ar1,250,0.000629940788348712,0.01,,0.2,,,,,,ar1,1.0,-0.2118607776620425,-0.2733380790184356,-0.14369014905783759,0.02225,-0.3093256923219683,-0.13165971398044948,0.36555,-0.16531464259109305,-0.15049391816380717,0.01075,-0.3354980668915086,-0.22741064141626796,0.28915,-0.17956990536118078,-0.24970226935251505,0.02595,-0.3028522984568191,-0.10797697687921808,0.295,-0.17838400072354946,-0.24144906170114028,0.02375,-0.3070909245939783,-0.12348387643884115,0.35285,-0.16767965367374937,-0.166953021993565,0.0202,-0.3128744923873767,-0.1446429034363504,0.34005,-0.1698807166204359,-0.18227114199774547
ar1,250,0.000629940788348712,0.01,,0.2,,,,,,ar1,1.0,-0.15172231386881738,-0.2733380790184356,-0.14369014905783759,0.13905,-0.22206672146889445,0.18757488065204078,0.6747,-0.12098976017253209,0.15798152506730456,0.0236,-0.30730262673816644,-0.12425838303136705,0.393,-0.16027224797533585,-0.11540177963642936,0.0268,-0.3007909318414005,-0.10043552263756599,0.3416,-0.16952282188051637,-0.17978040242884516,0.0308,-0.2943796474030612,-0.07698001120146325,0.4249,-0.15507087516993476,-0.0792032452239732,0.04495,-0.27818355475514245,-0.017727042474678552,0.4694,-0.148442339212789,-0.033072483994978454
ar1,250,0.000629940788348712,0.01,,0.2,,,,,,ar1,1.0,-0.10032412997127715,-0.2733380790184356,-0.14369014905783759,0.5695,-0.13417979663532456,0.5091068280088605,0.95535,-0.07797193035182752,0.4573606411916062,0.48435,-0.1462670069021588,0.4648860948046187,0.92735,-0.08435212297157757,0.4129582053838326,0.55925,-0.1354675872192018,0.5043954808431026,0.88,-0.09312081132324976,0.3519332262243869,0.58005,-0.13290444672798796,0.5137726612945719,0.95535,-0.07799377859865299,0.4572085900804568,0.57215,-0.13389792463020972,0.5101380491476315,0.9636,-0.07554986211535439,0.47421682968020057
ar1,250,0.000629940788348712,0.01,,0.2,,,,,,ar1,1.0,-0.11866966087747045,-0.2733380790184356,-0.14369014905783759,0.348,-0.168509218884336,0.38351356133965253,0.86915,-0.09496755660458647,0.3390809514272234,0.12955,-0.22601437216980663,0.1731325068887938,0.7031,-0.11737080863260438,0.18316732634635413,0.1649,-0.21304111472032874,0.22059481984593904,0.69315,-0.11866966087747054,0.17412806893460664,0.17145,-0.21083544378453986,0.22866420755697262,0.745,-0.11195923229543255,0.22082875527975712,0.1973,-0.2029336777649992,0.25757260571326357,0.77005,-0.10872375644459346,0.2433457884379366
ar1,250,0.000629940788348712,0.01,,0.2,,,,,,ar1,1.0,-0.13131308934747152,-0.2733380790184356,-0.14369014905783759,0.17745,-0.20872713869792964,0.23637738493123822,0.74625,-0.11174986748180915,0.22228581280942203,0.064,-0.2620124951394304,0.04143434357801756,0.5404,-0.1379148922439457,0.04019243387079544,0.19295,-0.20420227221746573,0.252931487077243,0.6993,-0.1178288315984929,0.17997975246678244,0.1034,-0.23806417012625666,0.12904864561442916,0.6418,-0.1251195879462303,0.1292403218548569,0.1002,-0.2392699063036239,0.12463749228483428,0.64715,-0.12450568536820855,0.13351272731930272
ar1,250,0.000629940788348712,0.01,,0.2,,,,,,ar1,1.0,-0.08402158549731549,-0.2733380790184356,-0.14369014905783759,0.7814,-0.10704420090192403,0.6083816741292591,0.99105,-0.06295993140759942,0.5618354367336829,0.60105,-0.1304380841759474,0.5227957822621931,0.9658,-0.07451613878398128,0.48141094380807314,0.6001,-0.13054978396880665,0.5223871315785402,0.9291,-0.08402158549731542,0.41525855426946917,0.7838,-0.10669964089432546,0.6096422376366778,0.99065,-0.06317259417513599,0.5603554273598255,0.7896,-0.10587829466543264,0.6126471106929395,0.9917,-0.06254239373561876,0.5647412564765004
ar1,250,0.000629940788348712,0.01,,0.2,,,,,,ar1,1.0,-0.20007619141520072,-0.2733380790184356,-0.14369014905783759,0.4457,-0.15192994925601022,0.4441683727287659,0.92355,-0.08518612872078461,0.40715400965659915,0.23775,-0.19178962529648072,0.2983428215153833,0.8238,-0.10134504873714877,0.2946973094421681,0.1118,-0.23355553441271415,0.14554336793681158,0.61805,-0.1280556109537476,0.10880730660107282,0.27355,-0.18345267620503952,0.3288433252189998,0.8286,-0.10063314605473278,0.2996517387268745,0.2787,-0.18189269944595504,0.3345504581756899,0.84095,-0.0990131469663891,0.3109259916869129
ar1,250,0.000629940788348712,0.01,,0.2,,,,,,ar1,1.0,-0.2303142714719625,-0.2733380790184356,-0.14369014905783759,0.0008,-0.42100363357702797,-0.5402304541279552,0.0594,-0.2654951961357809,-0.847692398376696,0.00035,-0.438686750665873,-0.6049236617203462,0.04245,-0.28088784489848484,-0.9548162956210936,0.0008,-0.4209680957924218,-0.5401004401001483,0.03765,-0.28582340485483315,-0.9891649269553242,0.0004,-0.42851351511386937,-0.5677051534593093,0.05385,-0.26982542752217376,-0.8778282943639003,0.0008,-0.42219547294391424,-0.5445907663507022,0.05585,-0.2682039230184344,-0.8665435645868668
garch,250,0.000629940788348712,0.01,,,0.08,0.88,,,,garch,1.0,-0.07387434189810847,-0.2289460675106993,-0.1152550077824741,0.0912,-0.20321005336650058,0.1124108154554609,0.56435,-0.10849735555569488,0.058632178825003774,0.1216,-0.18975112017707674,0.1711972944535982,0.6409,-0.10022670132886574,0.1303917872442641,0.26865,-0.14960982523713945,0.3465280846977301,0.7374,-0.0899055083643549,0.21994271577303123,0.0799,-0.20916548686974254,0.08639842935949249,0.5609,-0.10896292618547052,0.054592695953644944,0.08375,-0.20708832243349515,0.09547115316222966,0.5583,-0.10922477742700842,0.05232076654618603
garch,250,0.000629940788348712,0.01,,,0.08,0.88,,,,garch,1.0,-0.0896673246270111,-0.2289460675106993,-0.1152550077824741,0.11425,-0.19236541224204695,0.15977848261989835,0.5863,-0.10597688435484762,0.08050082687198723,0.1945,-0.16582768750096177,0.27569104241892173,0.69515,-0.09446766374868909,0.18035957338199043,0.351,-0.13523145931721584,0.40933049959071216,0.73975,-0.08966732462701127,0.22200929614924506,0.1153,-0.19207839338814897,0.16103213531207472,0.5697,-0.10802084799351899,0.06276655503428072,0.11965,-0.19046023923987995,0.16809997520058206,0.5823,-0.10643780160378497,0.07650171865269617
garch,250,0.000629940788348712,0.01,,,0.08,0.88,,,,garch,1.0,-0.09383482886576427,-0.2289460675106993,-0.1152550077824741,0.06925,-0.2155760689218172,0.05839802681152095,0.4967,-0.11567691675801191,-0.003660656345050876,0.2703,-0.14924896551114786,0.3481042625719132,0.7867,-0.08469568165370715,0.26514532181059697,0.32485,-0.13941049577284634,0.39107713319281495,0.7157,-0.09229589347895716,0.1992027482818682,0.0769,-0.21083170503147491,0.07912065350665105,0.51805,-0.11338537239719239,0.016221727986087717,0.0829,-0.20744506161099757,0.09391297318831177,0.5194,-0.11326756164834559,0.017243902650022055
garch,250,0.000629940788348712,0.01,,,0.08,0.88,,,,garch,1.0,-0.10437101470503922,-0.2289460675106993,-0.1152550077824741,0.02345,-0.25998563418061355,-0.13557588914893107,0.3348,-0.1378723184548613,-0.1962371189551595,0.04205,-0.2360398097262652,-0.030984337458578107,0.38805,-0.1297848611325556,-0.12606700246382646,0.08035,-0.20893858855882114,0.08738948508448677,0.4602,-0.12000630105137008,-0.04122418071293965,0.01985,-0.2671187949602386,-0.1667324006242448,0.3151,-0.14099305336960977,-0.22331390264371173,0.01975,-0.2675737056016775,-0.1687193779346003,0.32565,-0.13932329351604392,-0.20882637723642303
garch,250,0.000629940788348712,0.01,,,0.08,0.88,,,,garch,1.0,-0.11544525097184531,-0.2289460675106993,-0.1152550077824741,0.07925,-0.2095505145894859,0.08471668953347271,0.51945,-0.11326474573809281,0.0172683346491773,0.0746,-0.21220182196727486,0.07313620070212357,0.49835,-0.11544402588504474,-0.0016399990439233143,0.1559,-0.17700086017115127,0.22688840172858823,0.59855,-0.10474032424950046,0.09122973253204301,0.074,-0.21249279595619888,0.07186527260937339,0.52225,-0.11301818005753192,0.019407640223007495,0.0801,-0.20906605757532756,0.08683272069935283,0.5184,-0.11336689551802945,0.01638204101298727
garch,250,0.000629940788348712,0.01,,,0.08,0.88,,,,garch,1.0,-0.07994314754774111,-0.2289460675106993,-0.1152550077824741,0.18185,-0.16905874921409783,0.2615782788835312,0.6766,-0.0965344869839255,0.16242696225296063,0.35805,-0.13410765322698448,0.4142391058072345,0.85165,-0.07745648970893468,0.32795553790494075,0.49385,-0.11605551206109772,0.49308798651597663,0.7994,-0.08335370726741351,0.2767888452644881,0.1799,-0.16980076248419756,0.25833728296616276,0.67545,-0.09664986320272423,0.16142591057617378,0.15625,-0.17692452034076203,0.22722184196287254,0.68005,-0.09609736365771462,0.1662196245816629
garch,250,0.000629940788348712,0.01,,,0.08,0.88,,,,garch,1.0,-0.10335588635349957,-0.2289460675106993,-0.1152550077824741,0.16725,-0.1734950931841512,0.24220103419752645,0.71095,-0.09283722881570838,0.19450589955341283,0.1662,-0.17376537480103096,0.24102048709392915,0.7421,-0.08945574195219938,0.22384507473173595,0.2171,-0.16038501184965967,0.29946378379194294,0.6343,-0.10095383781579814,0.12408285107808241,0.1753,-0.1711283581226494,0.2525385564237652,0.7176,-0.09204766112015719,0.20135651464374693,0.16875,-0.1730395400534212,0.2441908177988924,0.7012,-0.0937974534187275,0.18617459472341888
garch,250,0.000629940788348712,0.01,,,0.08,0.88,,,,garch,1.0,-0.08951271301356586,-0.2289460675106993,-0.1152550077824741,0.21145,-0.1616223735457099,0.29405918475469406,0.744,-0.08924905331153132,0.22563839065479024,0.28565,-0.1460923954976659,0.36189165821405256,0.80485,-0.08277229137807895,0.28183344940378835,0.28345,-0.14659280556201149,0.35970594666291533,0.7413,-0.0895127130135656,0.2233507702979213,0.21185,-0.161537008120278,0.29443204735224854,0.72985,-0.09062955029870232,0.21366062922184265,0.2187,-0.15994848852097712,0.3013704482454049,0.7562,-0.08793954398033876,0.23700023389603192
garch,250,0.000629940788348712,0.01,,,0.08,0.88,,,,garch,1.0,-0.05824358214214015,-0.2289460675106993,-0.1152550077824741,0.12135,-0.18985447649533185,0.1707458504983519,0.6393,-0.10036720229996952,0.1291727428503844,0.1444,-0.18074758221674878,0.21052331589708595,0.682,-0.09587830511749011,0.16812026685690312,0.43415,-0.12345976973526004,0.46074736693395957,0.8988,-0.07150085584212305,0.3796290745381772,0.1242,-0.18852592460120712,0.17654875381339852,0.63475,-0.10088228643434274,0.12470366038461111,0.1252,-0.18799501731682197,0.17886767236988493,0.6247,-0.10194634871630381,0.11547141701025534
garch,250,0.000629940788348712,0.01,,,0.08,0.88,,,,garch,1.0,-0.1135933063774112,-0.2289460675106993,-0.1152550077824741,0.31245,-0.1414261694085724,0.382272991424222,0.8137,-0.08183785839807797,0.28994097547124204,0.23895,-0.155560944054201,0.32053454446457696,0.748,-0.08875174313904532,0.2299532588939612,0.2283,-0.1577514649110271,0.31096669785055414,0.55025,-0.11015983279875347,0.04420784035117147,0.31625,-0.14077758214389896,0.3851059174129731,0.82385,-0.08067973815725865,0.2999893045035483,0.3062,-0.14249939257942848,0.3775853233523258,0.83005,-0.07998997866219973,0.3059739424670521
garch,250,0.000629940788348712,0.01,,,0.08,0.88,,,,garch,1.0,-0.2321797261249557,-0.2289460675106993,-0.1152550077824741,0.00365,-0.33290174886173574,-0.4540618778969781,0.14635,-0.18007735562649405,-0.562425434618529,0.0047,-0.324412464888189,-0.4169820360554054,0.1411,-0.1819522398740051,-0.5786927038989199,0.0042,-0.32855043901019276,-0.43505604871260206,0.11875,-0.19073516265071633,-0.6548969656112407,0.0034,-0.3349288839537082,-0.4629160814830594,0.1595,-0.17611299824853116,-0.5280290343732139,0.0037,-0.331719953031148,-0.44889998172013057,0.1433,-0.18126676218198873,-0.5727452166252206
garch,250,0.000629940788348712,0.01,,,0.08,0.88,,,,garch,1.0,-0.0968409599682947,-0.2289460675106993,-0.1152550077824741,0.08415,-0.20691399119823795,0.0962326042635859,0.5619,-0.10885674228617209,0.05551399127383466,0.1037,-0.19687494205123993,0.14008157383162126,0.5966,-0.10497736093511367,0.08917310444989855,0.21485,-0.16074383521625563,0.29789650041163684,0.67365,-0.09684095996829473,0.1597678761944386,0.09245,-0.2024663834291254,0.11565904743193031,0.5568,-0.10941167496340665,0.050699166409288184,0.1023,-0.1977623543946247,0.13620549789359143,0.56555,-0.10839682988543167,0.05950438101558396
garch,250,0.000629940788348712,0.01,,,0.08,0.88,,,,garch,1.0,-0.1155106603317915,-0.2289460675106993,-0.1152550077824741,0.04275,-0.23559037819497272,-0.029021292029673858,0.43785,-0.12292005958624802,-0.06650515193440017,0.03655,-0.24175837182155457,-0.055962106928333796,0.385,-0.13031038811326567,-0.13062669137297925,0.06835,-0.21605470433142504,0.05630742348816191,0.4304,-0.12391300108995784,-0.07512032209328684,0.0555,-0.2248035961294494,0.018093655970117556,0.46305,-0.1196808193977325,-0.03840016759715481,0.05685,-0.2236030854932871,0.023337295440387883,0.46065,-0.11995707998554826,-0.040797118437999554
garch,250,0.000629940788348712,0.01,,,0.08,0.88,,,,garch,1.0,-0.07749018546514393,-0.2289460675106993,-0.1152550077824741,0.28855,-0.14554758499191456,0.3642713038296117,0.81595,-0.08160832814133208,0.2919324746794942,0.18055,-0.16951496080543219,0.25958561923099954,0.7196,-0.0918339739498105,0.203210552697781,0.42605,-0.12446661317085735,0.45634963498536324,0.85115,-0.07749018546514357,0.32766317962171126,0.2728,-0.14872312509236624,0.3504010498655279,0.81315,-0.08190407072584513,0.2893664899973256,0.28345,-0.14659525303219237,0.3596952565025317,0.81425,-0.08179710250499879,0.2902945904148643
garch,250,0.000629940788348712,0.01,,,0.08,0.88,,,,garch,1.0,-0.11204339254699965,-0.2289460675106993,-0.1152550077824741,0.0247,-0.2569732693106383,-0.1224183586321229,0.36245,-0.133389702995927,-0.1573440977738626,0.02755,-0.25255730726102643,-0.10313013893205972,0.37965,-0.1310339635327329,-0.1369047302485902,0.08685,-0.2056434340384171,0.10178219580553925,0.49145,-0.1163735987086395,-0.00970535638916934,0.02675,-0.25421927490996044,-0.1103893492212093,0.34795,-0.1357885230036919,-0.1781572498782145,0.03125,-0.24769882924734823,-0.08190907990054284,0.3623,-0.13344123399338098,-0.15779120196868623
garch,250,0.000629940788348712,0.01,,,0.08,0.88,,,,garch,1.0,-0.220382153986647,-0.2289460675106993,-0.1152550077824741,0.02915,-0.25060575181645445,-0.09460605522190478,0.3571,-0.13424180370182412,-0.1647372750621356,0.01385,-0.28196216482778313,-0.23156587878324772,0.25835,-0.15148264885562626,-0.3143259609294044,0.00865,-0.30133799700505987,-0.3161964312445659,0.24185,-0.15494978724589653,-0.3444082840924374,0.0302,-0.24904574082660755,-0.08779217539942652,0.3623,-0.13343146014077295,-0.15770639999091468,0.02855,-0.2514362616950149,-0.09823359024615941,0.36505,-0.13296058423617857,-0.15362088636635193
garch,250,0.000629940788348712,0.01,,,0.08,0.88,,,,garch,1.0,-0.19592801885447164,-0.2289460675106993,-0.1152550077824741,0.04705,-0.23117532225229573,-0.009737030060550211,0.44635,-0.12178052176613097,-0.0566180516509335,0.05825,-0.22279271561995015,0.026876862125887264,0.48375,-0.11731913304995771,-0.017909202447665615,0.0137,-0.28264243793641214,-0.2345372034975157,0.30085,-0.1435173755171259,-0.24521596309283686,0.05715,-0.22342722132451426,0.02410544215146706,0.4675,-0.11916840949817964,-0.03395428789603199,0.04625,-0.23206306035568544,-0.013614528866456654,0.4472,-0.12162798219125534,-0.055294555363782825
garch,250,0.000629940788348712,0.01,,,0.08,0.88,,,,garch,1.0,-0.12979302631490483,-0.2289460675106993,-0.1152550077824741,0.0455,-0.23258737913096017,-0.015904669863310537,0.41385,-0.1261274783848462,-0.0943340407636967,0.0373,-0.24069406244546393,-0.05131337289388306,0.41875,-0.12535792627842823,-0.0876570891828129,0.07655,-0.2111662408343213,0.07765945434090969,0.3983,-0.1281501633510824,-0.11188369006009605,0.05385,-0.22580084817408455,0.013737817691355436,0.42995,-0.12394772391678376,-0.07542159166494353,0.05075,-0.22823771249549663,0.003093982014648768,0.4214,-0.12499612829727731,-0.08451798062595298
garch,250,0.000629940788348712,0.01,,,0.08,0.88,,,,garch,1.0,-0.178852732352531,-0.2289460675106993,-0.1152550077824741,0.08515,-0.20647196161660872,0.0981633191539326,0.5876,-0.10580734544371881,0.08197181641414046,0.09145,-0.2029771301459196,0.11342818702734915,0.5778,-0.1069843257465968,0.07175984970203575,0.0418,-0.2362359775130728,-0.031841167143143105,0.4102,-0.12658149769228885,-0.09827329959659309,0.0857,-0.20617129427190117,0.09947658628263527,0.5851,-0.10612323396132055,0.07923103730458601,0.09335,-0.20205856681765041,0.11744032551156332,0.5623,-0.10876748747198117,0.0562884028669463
garch,250,0.000629940788348712,0.01,,,0.08,0.88,,,,garch,1.0,-0.14883715954427973,-0.2289460675106993,-0.1152550077824741,0.02865,-0.25131655143103765,-0.09771071485773794,0.363,-0.1333250953121656,-0.15678353485339203,0.0337,-0.24477781927176348,-0.06915057302883933,0.37645,-0.1314687203159917,-0.1406768594742403,0.0371,-0.24084845556007292,-0.05198773745619106,0.4056,-0.1272468779186487,-0.10404641296634483,0.05195,-0.22718813663963336,0.00767836237669284,0.4376,-0.12295605581922385,-0.06681747010320171,0.0587,-0.22245162937574192,0.02836667257739147,0.4356,-0.12329919570987424,-0.0697946933688321
garch,250,0.000629940788348712,0.01,,,0.08,0.88,,,,garch,1.0,-0.14278724311653768,-0.2289460675106993,-0.1152550077824741,0.0272,-0.2534353184578299,-0.10696515215744495,0.355,-0.1346325637422747,-0.16812767039478851,0.01885,-0.2690169061364416,-0.17502304827257917,0.272,-0.148889408576448,-0.29182593833539616,0.03735,-0.2405686976699682,-0.05076579949872142,0.35705,-0.1342485061376048,-0.1647954281602928,0.03055,-0.24847028928764966,-0.08527869462548401,0.37215,-0.13195863942658317,-0.14492759981097372,0.0287,-0.2510559768558455,-0.09657256656794495,0.37725,-0.1313759800517858,-0.13987220667875466
garch,250,0.000629940788348712,0.01,,,0.08,0.88,,,,garch,1.0,-0.1600937412239384,-0.2289460675106993,-0.1152550077824741,0.01285,-0.28490511092119253,-0.244420199127806,0.24285,-0.15473143033263598,-0.3425137294222172,0.0181,-0.27108850839820325,-0.18407147738204557,0.27985,-0.1472340974608135,-0.27746377613973144,0.0184,-0.27024450031537683,-0.18038498434897796,0.2549,-0.15230097596898323,-0.3214261045943238,0.01045,-0.2943461928262166,-0.2856573429131338,0.24675,-0.15400924257513493,-0.33624773047435313,0.0127,-0.2857865604592402,-0.24827023048074245,0.2252,-0.1584281203587395,-0.37458773728728484
garch,250,0.000629940788348712,0.01,,,0.08,0.88,,,,garch,1.0,-0.07695158348623105,-0.2289460675106993,-0.1152550077824741,0.3222,-0.13984856101356258,0.38916373391289166,0.8381,-0.0790745022931282,0.31391699315686994,0.35735,-0.13419338853834056,0.4138646276068082,0.85635,-0.07677824514866943,0.33384026754328605,0.42295,-0.12483414374498905,0.45474431990776515,0.8553,-0.0769515834862313,0.33233631260981356,0.30545,-0.14268354011078396,0.3767809962312807,0.8479,-0.07789014144310952,0.3241929965410697,0.309,-0.1420175435056408,0.3796899634495625,0.8335,-0.07956851449094428,0.3096307395066298
garch,250,0.000629940788348712,0.01,,,0.08,0.88,,,,garch,1.0,-0.07662151673944283,-0.2289460675106993,-0.1152550077824741,0.02395,-0.25868580440888383,-0.12989843949512137,0.3247,-0.13946359568149164,-0.21004369671040649,0.01575,-0.2761488703205983,-0.2061743332092529,0.298,-0.14394828941992635,-0.24895474990211575,0.11425,-0.1923660171659068,0.15977584040871554,0.5536,-0.10983243927137887,0.04704844167230887,0.02605,-0.25549624418330436,-0.11596694785493225,0.3348,-0.13786589245448105,-0.19618136432458946,0.02195,-0.262495404734648,-0.14653816765112532,0.34045,-0.13707326167347889,-0.1893041726410998
garch,250,0.000629940788348712,0.01,,,0.08,0.88,,,,garch,1.0,-0.08748437517766407,-0.2289460675106993,-0.1152550077824741,0.0245,-0.2577068821136101,-0.12562266264550156,0.3389,-0.13725497024461772,-0.19088075117451833,0.01675,-0.2740587788785785,-0.197045146301851,0.27105,-0.14906898848413935,-0.2933840477064899,0.0718,-0.2139545601164322,0.0654805193086205,0.4481,-0.12152731341051373,-0.05442111148764683,0.02155,-0.26332718605549343,-0.1501712561330079,0.29195,-0.1449710688484448,-0.2578288062073201,0.02125,-0.2644071492871501,-0.15488836371820888,0.33145,-0.1383719498009938,-0.2005721266545686
garch,250,0.000629940788348712,0.01,,,0.08,0.88,,,,garch,1.0,-0.12285554759351348,-0.2289460675106993,-0.1152550077824741,0.18415,-0.16855356594072693,0.2637848390523242,0.7478,-0.08876709331018434,0.22982007447590982,0.2428,-0.15477976380410197,0.323946615519532,0.78025,-0.0854759032911388,0.2583757969765508,0.1139,-0.19245331701861004,0.1593945285405867,0.6401,-0.10028975592041155,0.12984469959263847,0.1813,-0.1692843424719448,0.260592923422746,0.72965,-0.09064524887207982,0.21352442192222462,0.1779,-0.1703372109649315,0.2559941613455703,0.7279,-0.0908706133381959,0.21156906683221913
garch,250,0.000629940788348712,0.01,,,0.08,0.88,,,,garch,1.0,-0.2995173693294434,-0.2289460675106993,-0.1152550077824741,0.00035,-0.40912746292322966,-0.7870036702163927,0.02455,-0.25763768636028545,-1.235370864288487,0.0004,-0.40391650213787134,-0.7642430225144408,0.0251,-0.2566166917743169,-1.2265122940136448,5e-05,-0.4631294846862384,-1.0228759101293365,0.0243,-0.25786582343130243,-1.2373502756425478,0.0004,-0.4047115216221933,-0.7677155411428065,0.02535,-0.2563630342429629,-1.2243114566163429,0.0003,-0.41287767865593705,-0.8033840159173825,0.02645,-0.25481382899502275,-1.2108699127064761
garch,250,0.000629940788348712,0.01,,,0.08,0.88,,,,garch,1.0,-0.18773561877369863,-0.2289460675106993,-0.1152550077824741,0.05435,-0.22552636633742368,0.01493671068674635,0.42945,-0.1240177689268005,-0.0760293310713643,0.0796,-0.2093883430773811,0.08542502889858197,0.48395,-0.11730149844989224,-0.017756197381727356,0.035,-0.24347954864099694,-0.06347993345471399,0.3606,-0.13371882731234214,-0.16019971613481312,0.05075,-0.22821814480057903,0.003179450593036468,0.438,-0.12289972649747133,-0.0663287336670476,0.05685,-0.2236252692497887,0.02324040032118888,0.4392,-0.12268560911813875,-0.0644709629423543
garch,250,0.000629940788348712,0.01,,,0.08,0.88,,,,garch,1.0,-0.0637749873673468,-0.2289460675106993,-0.1152550077824741,0.48395,-0.11729988942079354,0.48765274417604143,0.92465,-0.06769539218042361,0.4126468473440379,0.61465,-0.10296458414923623,0.550267077007451,0.9554,-0.06196015812784787,0.462408104255322,0.7405,-0.08959134794224974,0.6086792452197813,0.94585,-0.06377498736734671,0.4466618970022363,0.4836,-0.1173257655059613,0.48753972155263886,0.91975,-0.06839207343463563,0.4066021533423083,0.48055,-0.11766952946720272,0.48603821525913,0.91605,-0.06897111264807804,0.40157817022362896
garch,250,0.000629940788348712,0.01,,,0.08,0.88,,,,garch,1.0,-0.22973544585497957,-0.2289460675106993,-0.1152550077824741,0.0301,-0.24923593576729985,-0.08862291664237631,0.38735,-0.12992020482811584,-0.12724130020727611,0.00545,-0.3170261965840016,-0.38471999117952127,0.22575,-0.1583448324308696,-0.37386509686174196,0.00355,-0.33353612595185017,-0.4568327361039433,0.14145,-0.1818895628795054,-0.5781488924350571,0.0302,-0.24918934027532785,-0.0884193949462903,0.37385,-0.13178694748588243,-0.14343792969594685,0.0278,-0.25220562499485794,-0.10159404674234757,0.3628,-0.1333351196658763,-0.1568705102820833
garch,250,0.000629940788348712,0.01,,,0.08,0.88,,,,garch,1.0,-0.12777119935864642,-0.2289460675106993,-0.1152550077824741,0.0985,-0.19957616662667743,0.12828305462223902,0.5737,-0.10743391084007567,0.06785906393897903,0.15315,-0.1779065611031781,0.22293244414489005,0.6538,-0.09903995456641354,0.14068849178912865,0.1438,-0.18099596454469755,0.20943842140359498,0.56655,-0.10830307402461109,0.060317845546318555,0.11645,-0.19163897772803581,0.16295143300908635,0.59895,-0.10469843167085888,0.09159320982858397,0.1033,-0.19716304145067398,0.13882320148844662,0.5904,-0.10552598269308847,0.08441303572463993
garch,250,0.000629940788348712,0.01,,,0.08,0.88,,,,garch,1.0,-0.1447239306109797,-0.2289460675106993,-0.1152550077824741,0.0652,-0.21795437284248254,0.04800997364893845,0.4551,-0.1206554444654212,-0.04685641680003684,0.05185,-0.22736629895800933,0.0069001777137584226,0.4297,-0.1239729716026546,-0.07564065100437362,0.04435,-0.2341425944456344,-0.02269760293957554,0.29365,-0.14472393061097968,-0.2556845328935606,0.0667,-0.21697364789006474,0.0522936242181799,0.4674,-0.1191906483448037,-0.03414724130475527,0.0556,-0.22461017037462733,0.01893850889519793,0.45145,-0.121089231716287,-0.05062013396263074
garch,250,0.000629940788348712,0.01,,,0.08,0.88,,,,garch,1.0,-0.052739133293687734,-0.2289460675106993,-0.1152550077824741,0.3463,-0.13615145374919707,0.4053121102731571,0.8359,-0.07930084651742775,0.3119531372806312,0.58635,-0.1059597556154571,0.5371846445429541,0.927,-0.06731117396411487,0.4159804831113782,0.79905,-0.08339595741698562,0.6357397254133299,0.98605,-0.05273913329368798,0.5424135201723739,0.36145,-0.13360288891782793,0.416443836006992,0.8403,-0.07881071951468224,0.316205681375466,0.3469,-0.13602316558566982,0.4058724525621604,0.82825,-0.08018417452442266,0.3042890190441199
garch,250,0.000629940788348712,0.01,,,0.08,0.88,,,,garch,1.0,-0.07371095125395766,-0.2289460675106993,-0.1152550077824741,0.416,-0.12576846534778394,0.45066335178739675,0.90845,-0.07013289224433461,0.39149809111375417,0.4431,-0.1221882769183106,0.46630104527739746,0.90345,-0.07082476727697776,0.3854950978733307,0.5231,-0.11292397850045457,0.5067660269151497,0.89,-0.07261120177616182,0.369995255102458,0.43595,-0.12321194743137502,0.46182981533143397,0.9108,-0.06982426812549701,0.3941758413024495,0.4269,-0.12433178307110244,0.4569385514110563,0.9055,-0.07053022362154811,0.38805068015211164
garch,250,0.000629940788348712,0.01,,,0.08,0.88,,,,garch,1.0,-0.2357765450020486,-0.2289460675106993,-0.1152550077824741,0.00315,-0.33924499224214455,-0.48176815583998045,0.1261,-0.18758786312199882,-0.6275896963717336,0.0021,-0.3504230236961117,-0.530592018924874,0.10295,-0.19740677535929424,-0.7127826300777214,0.0016,-0.3604995529383897,-0.5746046955864073,0.0819,-0.20810381107319526,-0.8055945253672518,0.0029,-0.3420123145261225,-0.49385537932482426,0.1231,-0.1890091664354475,-0.6399215103275415,0.0031,-0.3396644933608932,-0.4836004699885039,0.12295,-0.1890856745305131,-0.6405853261264176
garch,250,0.000629940788348712,0.01,,,0.08,0.88,,,,garch,1.0,-0.1477509166677229,-0.2289460675106993,-0.1152550077824741,0.0113,-0.29017244047865126,-0.26742705665861977,0.22865,-0.15768212898783956,-0.36811520836856,0.0215,-0.2641588809565801,-0.15380396714713257,0.34175,-0.13690004340845835,-0.18780125950653598,0.0264,-0.2549983940840697,-0.11379241782413635,0.31345,-0.14124428432518282,-0.22549368606836964,0.01705,-0.2731058870726165,-0.19288306648837072,0.2879,-0.14568619303663366,-0.26403351871350944,0.0222,-0.26196101060777816,-0.14420401912138536,0.347,-0.13597685455419128,-0.17979129211310663
garch,250,0.000629940788348712,0.01,,,0.08,0.88,,,,garch,1.0,-0.22916997629091174,-0.2289460675106993,-0.1152550077824741,0.0005,-0.39759604635382295,-0.7366362771670764,0.0372,-0.24072852255040955,-1.0886599826078462,0.0004,-0.3991559685371847,-0.7434497690969557,0.03775,-0.24012592329670113,-1.0834315828593013,0.0004,-0.40634364412948076,-0.7748443926012889,0.03225,-0.24629977004208642,-1.1369984244583882,0.00065,-0.39528963523045235,-0.7265622403056972,0.0334,-0.24507251698393026,-1.1263502705797088,0.0004,-0.39914379895135593,-0.7433966142821073,0.03225,-0.24629955957213057,-1.1369965983342143
garch,250,0.000629940788348712,0.01,,,0.08,0.88,,,,garch,1.0,-0.07899141302786898,-0.2289460675106993,-0.1152550077824741,0.02855,-0.2514191465656638,-0.09815883408398904,0.40375,-0.12750449005873538,-0.10628156218062353,0.0851,-0.20649240328141968,0.09807403321408997,0.50515,-0.11476542401436779,0.004247830766974825,0.19495,-0.16565997653828332,0.27642357722286903,0.6926,-0.09468780362893862,0.1784495489545485,0.03565,-0.24261042607839706,-0.05968374436944278,0.3863,-0.13009395744234467,-0.12874884957603555,0.04205,-0.23603823679612645,-0.030977467149968525,0.3921,-0.12912841603297986,-0.12037141394055223
garch,250,0.000629940788348712,0.01,,,0.08,0.88,,,,garch,1.0,-0.12468489676145779,-0.2289460675106993,-0.1152550077824741,0.02855,-0.2515354194228825,-0.09866669542654422,0.3799,-0.13099963958332686,-0.13660692150199927,0.02725,-0.2532616399518047,-0.10620655207353168,0.3768,-0.1314188889144366,-0.140244501674663,0.07775,-0.21032285675276824,0.08134322183568729,0.4479,-0.12153527739650095,-0.054490210315892566,0.03245,-0.24619351501624143,-0.07533410681856814,0.367,-0.1327176396051373,-0.15151299851214442,0.0313,-0.24760411476592276,-0.08149538211374398,0.39,-0.12944776442730116,-0.12314221236801852
garch,250,0.000629940788348712,0.01,,,0.08,0.88,,,,garch,1.0,-0.07044357636542072,-0.2289460675106993,-0.1152550077824741,0.3247,-0.13947234456216184,0.3908069875205701,0.83175,-0.07981390494494403,0.30750163068332476,0.4044,-0.12738101296237123,0.44362000034607124,0.8904,-0.07256303720775242,0.37041315076995296,0.641,-0.1002150257061095,0.562276710861495,0.9062,-0.07044357636542095,0.3888024674956229,0.33445,-0.13794355780068004,0.39748448488099253,0.84305,-0.07847833276520402,0.31908960595170266,0.3122,-0.1414814457304206,0.3820315532442645,0.82485,-0.08054843824551455,0.3011285167102049
garch,250,0.000629940788348712,0.01,,,0.08,0.88,,,,garch,1.0,-0.11299029697226226,-0.2289460675106993,-0.1152550077824741,0.224,-0.1587147055523698,0.3067594159705206,0.75815,-0.08769676017626754,0.23910672634909252,0.2139,-0.16108790753339017,0.296393647268643,0.7647,-0.08699204433826487,0.24522113171473806,0.18665,-0.16776872470018653,0.26721290073110243,0.73495,-0.09017510862291941,0.21760355269672185,0.23255,-0.1569202599730008,0.31459726878397914,0.75815,-0.08770824993580716,0.23900703645482518,0.2181,-0.16004905466943284,0.300931191307956,0.75695,-0.08786998835784939,0.23760372717435135
garch,250,0.000629940788348712,0.01,,,0.08,0.88,,,,garch,1.0,-0.200912991770656,-0.2289460675106993,-0.1152550077824741,0.00735,-0.30871056670446395,-0.3483986427940591,0.19445,-0.1658525999831144,-0.43900558573676374,0.005,-0.32084790983390177,-0.4014126266611137,0.16075,-0.17561060292435243,-0.5236700452598999,0.0034,-0.33478465028605003,-0.4622860917687726,0.12795,-0.18687728616091287,-0.6214244374840066,0.00775,-0.3046333215603245,-0.3305898846508388,0.1996,-0.164339737432818,-0.4258793660661034,0.0066,-0.3123199489276638,-0.36416385013063485,0.17225,-0.17199265225914662,-0.49227921257665425
garch,250,0.000629940788348712,0.01,,,0.08,0.88,,,,garch,1.0,-0.22963720836307383,-0.2289460675106993,-0.1152550077824741,0.0025,-0.345663379477956,-0.5098026501887926,0.09155,-0.20291579971203122,-0.7605811983024913,0.0017,-0.3577842609968796,-0.5627447323599885,0.08565,-0.20626558060615952,-0.7896452794090623,0.0058,-0.31547268191496053,-0.3779344862528272,0.1074,-0.19532496591486803,-0.6947199924146767,0.0021,-0.350233053296842,-0.529762258443136,0.0964,-0.2007730751316346,-0.7419900357871002,0.00195,-0.3525087443085538,-0.5397021147440327,0.0929,-0.20221209814815294,-0.7544755931976233
garch,250,0.000629940788348712,0.01,,,0.08,0.88,,,,garch,1.0,-0.09988788189777897,-0.2289460675106993,-0.1152550077824741,0.07955,-0.20939551258076958,0.08539371364837293,0.49925,-0.11534701336570355,-0.0007982784002157138,0.18495,-0.1683585932095428,0.2646364489240466,0.6826,-0.09580078140138476,0.1687928946029501,0.15095,-0.17874214492550045,0.21928274694149388,0.6103,-0.10345323383578503,0.1023970599955456,0.07815,-0.2100442200738105,0.0825602625212397,0.50095,-0.11511931315237425,0.0011773425963057106,0.0802,-0.2090086661494305,0.08708339731730512,0.5191,-0.11330744751862747,0.016897836383147506
garch,250,0.000629940788348712,0.01,,,0.08,0.88,,,,garch,1.0,-0.12058090750192622,-0.2289460675106993,-0.1152550077824741,0.0261,-0.255403944375602,-0.115563796978807,0.3444,-0.1365849389257201,-0.18506728300693814,0.01855,-0.26973804936784035,-0.1781728871811032,0.2861,-0.14600289582377424,-0.2667813627615382,0.0585,-0.22260547812537526,0.02769468571469443,0.3878,-0.12982332582037281,-0.12640073796527906,0.02355,-0.2598249997699868,-0.13487426359854138,0.3441,-0.1366120873282345,-0.18530283374817472,0.02725,-0.25315043386904923,-0.10572082159576207,0.3261,-0.13926451820605898,-0.2083164183971866
garch,250,0.000629940788348712,0.01,,,0.08,0.88,,,,garch,1.0,-0.08567716141832686,-0.2289460675106993,-0.1152550077824741,0.0893,-0.2043649626025564,0.10736635564615733,0.48375,-0.11731947170147236,-0.01791214072792923,0.1069,-0.19551343721023132,0.14602841037619296,0.52615,-0.11254991581017809,0.023470494031820766,0.23875,-0.1556320288010602,0.320224057599124,0.62515,-0.10191537367295156,0.11574016926621558,0.089,-0.20450572647046522,0.10675152146516735,0.48765,-0.11685190677755783,-0.013855354537805608,0.08125,-0.20836492192786119,0.08989516966425419,0.4822,-0.11746190311921004,-0.01914793447327775
garch,250,0.000629940788348712,0.01,,,0.08,0.88,,,,garch,1.0,-0.12723507469080317,-0.2289460675106993,-0.1152550077824741,0.1481,-0.17959538445948364,0.21555593239839926,0.70985,-0.09294194014669127,0.19359738084348818,0.1397,-0.18247574227804184,0.20297498768126152,0.68985,-0.0949572179388825,0.17611199924519141,0.13155,-0.1854541956991875,0.18996557697798977,0.6075,-0.10376117460190343,0.09972523885698312,0.1407,-0.1821809524204044,0.20426258288148763,0.71365,-0.09253331354575381,0.19714279382639893,0.15005,-0.17899672358118157,0.21817078787423788,0.6848,-0.09553528530509306,0.17109644827406506
garch,250,0.000629940788348712,0.01,,,0.08,0.88,,,,garch,1.0,-0.08668339860577304,-0.2289460675106993,-0.1152550077824741,0.21085,-0.16177153116691514,0.29340768799466227,0.7584,-0.08764657548419406,0.23954214944296964,0.21135,-0.1616568713238238,0.2939085039481225,0.76265,-0.08723071235439316,0.24315034953598239,0.43115,-0.12379353771154201,0.4592895215124986,0.88375,-0.07339909772111561,0.363159144810046,0.2141,-0.1610568554170945,0.2965292779725607,0.75495,-0.08805557406186332,0.23599350903646188,0.21685,-0.16043594184332383,0.29924132968203876,0.7447,-0.08917090809214392,0.22631641081973514
garch,250,0.000629940788348712,0.01,,,0.08,0.88,,,,garch,1.0,-0.14619356392892166,-0.2289460675106993,-0.1152550077824741,0.0023,-0.3477895219481527,-0.5190893022519355,0.12315,-0.1889218967595429,-0.6391643226132403,0.0016,-0.3589604589074539,-0.5678821777127869,0.0868,-0.20564558388340304,-0.7842659320411229,0.01185,-0.28802371313992964,-0.2580417574827726,0.187,-0.1676661762836414,-0.45474092197438576,0.00245,-0.3461673316060411,-0.5120038329108392,0.1127,-0.19305499831317546,-0.6750248169479692,0.00245,-0.34588400167229744,-0.510766292835029,0.1116,-0.19345099961390877,-0.6784606876173002
garch,250,0.000629940788348712,0.01,,,0.08,0.88,,,,garch,1.0,-0.23689896077296627,-0.2289460675106993,-0.1152550077824741,0.00745,-0.30778676669103067,-0.34436363130214903,0.1744,-0.1713964818301555,-0.48710659196379286,0.00315,-0.3386640925236896,-0.4792308782847423,0.14175,-0.18172157978201325,-0.5766914017739209,0.004,-0.32963224086747167,-0.43978118712201525,0.12875,-0.18656066385187967,-0.6186772916972414,0.00875,-0.30064728228135185,-0.31317949921678284,0.19065,-0.16679723174932426,-0.447201600681231,0.00965,-0.2977084089752322,-0.300342968159169,0.17505,-0.17118633072154843,-0.4852832342403377
garch,250,0.000629940788348712,0.01,,,0.08,0.88,,,,garch,1.0,-0.23677094556081452,-0.2289460675106993,-0.1152550077824741,0.00475,-0.32322917368298004,-0.41181360832011077,0.15805,-0.1765155976666885,-0.5315221530315996,0.006,-0.31426629642093085,-0.37266518633801954,0.163,-0.17497836603855632,-0.5181844971873218,0.0031,-0.3400163961083143,-0.48513752520525116,0.1389,-0.18276145050161366,-0.5857137491721615,0.0043,-0.32814879301867145,-0.4333017229192466,0.15755,-0.17661422603913612,-0.5323778934835351,0.00495,-0.3216365645027743,-0.4048573447881707,0.15425,-0.177638169185658,-0.5412620466862699
garch,250,0.000629940788348712,0.01,,,0.08,0.88,,,,garch,1.0,-0.1403226071060374,-0.2289460675106993,-0.1152550077824741,0.05685,-0.22358891584722235,0.023399186200158646,0.5244,-0.11278443024648005,0.02143575002534282,0.0385,-0.23884609157192482,-0.043241730110795094,0.43725,-0.12299743388173345,-0.06717648324550003,0.04055,-0.23733161526081284,-0.036626738520947374,0.3962,-0.1285148091658566,-0.11504750759644491,0.0652,-0.21794003009649107,0.04807262048165067,0.5057,-0.11470900879392355,0.004737312495618767,0.0724,-0.21348591799009572,0.06752747356047542,0.5128,-0.11394449454587888,0.011370553538711468
garch,250,0.000629940788348712,0.01,,,0.08,0.88,,,,garch,1.0,-0.11323908468977427,-0.2289460675106993,-0.1152550077824741,0.2018,-0.16383549517515114,0.2843926215614311,0.7329,-0.09037161484491044,0.215898583639222,0.2038,-0.16334678638125236,0.2865272238248045,0.71275,-0.09264345944008362,0.19618712260265744,0.22425,-0.15864914664385468,0.30704576685318885,0.655,-0.09893392740507144,0.14160842718614158,0.20855,-0.16222567031983415,0.291424080423426,0.7361,-0.09001600020143204,0.2189840430072832,0.1974,-0.16503744074228646,0.27914271454095274,0.7304,-0.09056825846536046,0.21419242245600337
garch,250,0.000629940788348712,0.01,,,0.08,0.88,,,,garch,1.0,-0.06606719205138017,-0.2289460675106993,-0.1152550077824741,0.136,-0.18378921106982626,0.19723796495767598,0.67415,-0.09677397729746967,0.1603490454825573,0.0464,-0.23164395974440927,-0.011783964070856535,0.4781,-0.11789587228993224,-0.0229132300476033,0.2371,-0.1559348007490991,0.31890159789788997,0.69455,-0.09450261598611377,0.18005631334932748,0.16,-0.1759926764523067,0.2312919878211838,0.6705,-0.097211578160258,0.1565522398494847,0.1546,-0.17747553163635876,0.2248151122837485,0.6661,-0.09773448272991409,0.15201530406060348
garch,250,0.000629940788348712,0.01,,,0.08,0.88,,,,garch,1.0,-0.05865613091780195,-0.2289460675106993,-0.1152550077824741,0.4856,-0.1171144360738059,0.48846277489202644,0.9191,-0.06848773544612359,0.4057721502619345,0.5216,-0.11307205460651708,0.5061192540412038,0.9486,-0.06330887461104621,0.4507060835869981,0.76395,-0.08709252548058928,0.6195937041962112,0.9692,-0.05865613091780163,0.49107520752151657,0.4425,-0.12231893511332892,0.465730351067888,0.91925,-0.06844778626409345,0.40611876584765844,0.48975,-0.11658760974280356,0.490763868493373,0.9225,-0.06798422185436118,0.41014084192618494
garch,250,0.000629940788348712,0.01,,,0.08,0.88,,,,garch,1.0,-0.11115701907150884,-0.2289460675106993,-0.1152550077824741,0.1368,-0.18355219687286153,0.19827320526357753,0.6674,-0.09759714556317417,0.1532068979824842,0.0973,-0.20027297953162942,0.12523948670893809,0.5902,-0.10556176197691462,0.0841025998961709,0.17385,-0.17152550133239008,0.25080389806488285,0.6393,-0.10036552212950013,0.12918732070258987,0.1513,-0.17852923081824745,0.22021272188960275,0.6735,-0.09687167520655271,0.1595013781146679,0.1503,-0.17889473088016034,0.2186162757663436,0.6705,-0.09721154365540041,0.15655253922786527
garch,250,0.000629940788348712,0.01,,,0.08,0.88,,,,garch,1.0,-0.2003545240679448,-0.2289460675106993,-0.1152550077824741,0.00795,-0.3035890228481413,-0.32602855401285175,0.20595,-0.16276101315050823,-0.4121817028349372,0.01,-0.2962541864166483,-0.2939911553746321,0.20005,-0.1641860476359328,-0.42454588997823356,0.005,-0.32072648333110343,-0.400882255014557,0.1519,-0.17827884505903996,-0.5468208148969418,0.0076,-0.3062622157289449,-0.3377046352396178,0.19865,-0.1646438926046364,-0.4285183418266401,0.01055,-0.29398137458249773,-0.2840638748632761,0.22375,-0.15874907904984792,-0.3773725073140605
garch,250,0.000629940788348712,0.01,,,0.08,0.88,,,,garch,1.0,-0.13045885396086254,-0.2289460675106993,-0.1152550077824741,0.00465,-0.32503400689208967,-0.4196968326477148,0.15105,-0.17863250355740615,-0.5498893019429334,0.00705,-0.3103887590459855,-0.3557287199592549,0.1702,-0.1726778859852749,-0.49822458310165174,0.0198,-0.2673644045856879,-0.16780518439432554,0.26205,-0.15086171534407422,-0.30893848559536985,0.00435,-0.32738664474122087,-0.42997278049303544,0.1438,-0.18099709017513405,-0.5704054310311435,0.00345,-0.33414667515385793,-0.4594995178864224,0.1481,-0.17962566920086526,-0.5585064168307615
garch,250,0.000629940788348712,0.01,,,0.08,0.88,,,,garch,1.0,-0.16730741360396292,-0.2289460675106993,-0.1152550077824741,0.01045,-0.29438771805421826,-0.2858387185028225,0.21565,-0.1606031263602063,-0.39345898673070856,0.0207,-0.2651068514821495,-0.15794455159078166,0.26695,-0.1499356262433898,-0.3009033544674255,0.0314,-0.24740799104922134,-0.08063874492039168,0.25835,-0.15147557741058335,-0.3142646061546404,0.0109,-0.29158588135380004,-0.2736007415378445,0.21275,-0.1613286629834011,-0.39975404181902313,0.01115,-0.2906563511923397,-0.2695407016709579,0.2027,-0.1635596306002034,-0.41911083732601667
garch,250,0.000629940788348712,0.01,,,0.08,0.88,,,,garch,1.0,-0.10522811727087486,-0.2289460675106993,-0.1152550077824741,0.0097,-0.2973320160693036,-0.2986989438261849,0.2091,-0.16210379133983788,-0.4064793752457469,0.0198,-0.26745606258381754,-0.16820553194834226,0.27955,-0.1472823426748215,-0.2778823715217129,0.08415,-0.206899090965187,0.0962976861110837,0.4524,-0.12092567342329781,-0.04920103473096982,0.0095,-0.2987144347564054,-0.30473712872332104,0.22355,-0.15884913757576363,-0.3782406563675451,0.01135,-0.2898081010610924,-0.26583568004525276,0.2053,-0.16290114022802166,-0.41339750317376417
garch,250,0.000629940788348712,0.01,,,0.08,0.88,,,,garch,1.0,-0.07379665647281042,-0.2289460675106993,-0.1152550077824741,0.3376,-0.13751836899513523,0.3993416419405911,0.8639,-0.07587436172539835,0.3416827330522644,0.32545,-0.1393481197269344,0.3913495818379922,0.8541,-0.07709754068548363,0.3310699277293595,0.29765,-0.14401917509857648,0.37094715508993814,0.8103,-0.08218183758549284,0.2869564701206018,0.31655,-0.14072684988988307,0.385327507827552,0.8696,-0.0750009189482766,0.3492610829558993,0.3397,-0.137190426347884,0.4007740432515937,0.87225,-0.07464599001249629,0.3523405928410592
garch,250,0.000629940788348712,0.01,,,0.08,0.88,,,,garch,1.0,-0.15941484473031367,-0.2289460675106993,-0.1152550077824741,0.02855,-0.25143039401584777,-0.0982079611570429,0.35145,-0.13515906634761915,-0.17269582422579727,0.03455,-0.24404523229020836,-0.0659507496402114,0.3892,-0.12960187836566517,-0.12447936848235305,0.02855,-0.25140142298545504,-0.09808142030527056,0.3301,-0.13858368892049783,-0.2024092626157553,0.0233,-0.26041696475366477,-0.13745987247190763,0.35245,-0.1350348855035685,-0.17161837998766916,0.02675,-0.2541413118999164,-0.11004881919642347,0.3402,-0.13711090104150986,-0.18963074732757254
garch,250,0.000629940788348712,0.01,,,0.08,0.88,,,,garch,1.0,-0.20836379313833964,-0.2289460675106993,-0.1152550077824741,0.01555,-0.276724806017051,-0.20868992870610845,0.27905,-0.14740122651754642,-0.27891385679087627,0.01685,-0.27381062631315234,-0.19596125537450607,0.26965,-0.1493986641775067,-0.2962444500413676,0.00195,-0.35209288466082933,-0.5378857059616237,0.1282,-0.1867978422479633,-0.6207351493178949,0.01505,-0.27794492728429926,-0.21401922429311923,0.28125,-0.14705216065285304,-0.27588521732948135,0.01615,-0.27543250711115186,-0.20304537267616588,0.28635,-0.1459329024680501,-0.26617407152907185
garch,250,0.000629940788348712,0.01,,,0.08,0.88,,,,garch,1.0,-0.08465038069548288,-0.2289460675106993,-0.1152550077824741,0.31005,-0.14187454208622174,0.38031457089957854,0.8292,-0.08007337974241892,0.3052503202850416,0.2817,-0.14690523722793886,0.35834129485070293,0.8087,-0.08239434049054753,0.2851127072408513,0.333,-0.13810308169229524,0.39678770990097356,0.78715,-0.08465038069548307,0.2655383716146417,0.3468,-0.13607003365540365,0.4056677402897749,0.8431,-0.07847529256661812,0.31911598396897406,0.3086,-0.14211370925565778,0.3792699267524374,0.83405,-0.07949426543104356,0.3102749549843716
garch,250,0.000629940788348712,0.01,,,0.08,0.88,,,,garch,1.0,-0.13434527368000398,-0.2289460675106993,-0.1152550077824741,0.01855,-0.2696823002130045,-0.17792938374187833,0.2596,-0.1512731737158024,-0.31250846819000677,0.0211,-0.2645106307390885,-0.1553403542374763,0.3212,-0.14003384731369156,-0.21499143514860247,0.06705,-0.21683366103799953,0.052905064517579946,0.3903,-0.12938714684601643,-0.12261626922289173,0.01575,-0.27623450962284307,-0.20654839205715494,0.2613,-0.15099620404289865,-0.3101053650343809,0.01615,-0.2757107559051894,-0.20426071914209515,0.2988,-0.14382032800130523,-0.24784450383920603
garch,250,0.000629940788348712,0.01,,,0.08,0.88,,,,garch,1.0,-0.11313977461448327,-0.2289460675106993,-0.1152550077824741,0.1219,-0.18958814906620777,0.17190912633890168,0.63715,-0.10062446083104071,0.12694066169381793,0.12295,-0.1890840306375176,0.1741110354355347,0.67965,-0.09614034355660209,0.1658467132460567,0.1824,-0.16893172611911894,0.26213309555437425,0.6756,-0.09664580318887392,0.1614611369314396,0.11735,-0.19132590670736815,0.16431887742108975,0.63175,-0.1011882782346876,0.12204874927721383,0.1127,-0.19306052999323967,0.15674231886853698,0.62975,-0.10139094582860675,0.12029032161477632
garch,250,0.000629940788348712,0.01,,,0.08,0.88,,,,garch,1.0,-0.13522402024387056,-0.2289460675106993,-0.1152550077824741,0.03425,-0.24436811961260618,-0.06736107009650286,0.35875,-0.1339747681593375,-0.1624203645206813,0.06955,-0.21539508808702654,0.05918852230575867,0.46365,-0.11961816397283015,-0.03785654328001801,0.0562,-0.2241251307298094,0.02105708489910875,0.351,-0.13522402024387054,-0.173259391028673,0.02805,-0.2518212513053589,-0.0999151636163856,0.3552,-0.13461911165539392,-0.16801095453888257,0.02925,-0.25034993591162846,-0.09348869204721723,0.35045,-0.1353492923100112,-0.1743463031598759
garch,250,0.000629940788348712,0.01,,,0.08,0.88,,,,garch,1.0,-0.18592938005501672,-0.2289460675106993,-0.1152550077824741,0.0029,-0.3416211846884932,-0.4921469864186606,0.09185,-0.20272772628641242,-0.7589493956655615,0.00225,-0.34808004431109324,-0.5203582577142387,0.08805,-0.2049295479212026,-0.778053308607425,0.0114,-0.2895686206565541,-0.2647896677370173,0.13445,-0.18435780321128578,-0.5995643639123469,0.0032,-0.3375023275589302,-0.47415647374313513,0.09715,-0.20031248911428404,-0.7379938014697174,0.00315,-0.33877791907329025,-0.4797280545448032,0.09905,-0.1993852450088568,-0.7299486490440869
garch,250,0.000629940788348712,0.01,,,0.08,0.88,,,,garch,1.0,-0.06274079114131666,-0.2289460675106993,-0.1152550077824741,0.4449,-0.12195126511816609,0.4673362751143696,0.9143,-0.06926135895839694,0.3990598734840487,0.64315,-0.10004481858895105,0.5630201484710994,0.95785,-0.061546443158138606,0.4659976660250812,0.76435,-0.08704385540277267,0.619806287353222,0.9626,-0.06036271339134061,0.47626819387088287,0.46625,-0.11930695011208813,0.47888622237849715,0.9193,-0.06843217476934746,0.40625421761714214,0.42525,-0.12456649811744168,0.45591335342931655,0.9143,-0.06925468651602329,0.39911776634703167
garch,250,0.000629940788348712,0.01,,,0.08,0.88,,,,garch,1.0,-0.14167213106128806,-0.2289460675106993,-0.1152550077824741,0.0122,-0.2870129852924971,-0.2536270590412485,0.224,-0.15870724367976657,-0.37700952638259155,0.01825,-0.2707664875149299,-0.18266494139400843,0.28715,-0.1457980132041793,-0.26500371662245126,0.0127,-0.28558331909944057,-0.24738250455467842,0.2075,-0.1624118062574999,-0.4091518397536957,0.009,-0.2998011639617717,-0.30948378900529117,0.2359,-0.15611889556748754,-0.35455195024703534,0.0117,-0.28868310641072525,-0.26092188238714464,0.21815,-0.16004382642841072,-0.38860626976372725
garch,250,0.000629940788348712,0.01,,,0.08,0.88,,,,garch,1.0,-0.0765095411272291,-0.2289460675106993,-0.1152550077824741,0.3292,-0.13874494777611382,0.39398414096092793,0.8541,-0.07711114564667791,0.330951885472836,0.28425,-0.1464313634111556,0.360411100294123,0.81835,-0.0813018304749814,0.2945917748890707,0.3725,-0.1319198394490578,0.4237951283312922,0.85885,-0.07650954112722963,0.3361716544965275,0.35965,-0.13386770666094408,0.41528715423474977,0.8593,-0.07645907253420646,0.3366095408321774,0.32815,-0.13894195187257005,0.39312365840886565,0.84955,-0.07763723689766577,0.32638730072194366
garch,250,0.000629940788348712,0.01,,,0.08,0.88,,,,garch,1.0,-0.10048789089777764,-0.2289460675106993,-0.1152550077824741,0.1814,-0.1692317122750635,0.26082280374981837,0.7316,-0.09048828130985394,0.21488633725454698,0.25415,-0.1524471216458394,0.3341352253682404,0.8044,-0.0828193412633124,0.2814252251874294,0.13645,-0.1837015981952489,0.1976206440555525,0.58675,-0.10593029882125374,0.08090502218193682,0.19605,-0.16534684672887393,0.27779127841474366,0.72125,-0.0916393442767324,0.20489924004267648,0.1867,-0.16775628179318894,0.2672672493693336,0.712,-0.09273918350402159,0.19535658112962545
garch,250,0.000629940788348712,0.01,,,0.08,0.88,,,,garch,1.0,-0.09050329096885473,-0.2289460675106993,-0.1152550077824741,0.22095,-0.15948636823569848,0.3033889161330747,0.7856,-0.08479665677291047,0.26426922001557657,0.1389,-0.18276027007321957,0.2017322155372742,0.69105,-0.0948398364679815,0.17713044931655436,0.3072,-0.1423547378981405,0.378217151987169,0.81135,-0.08208606136710442,0.2877874641071641,0.23585,-0.1561460484506997,0.31797890154456326,0.77625,-0.08582741719886613,0.2553259172837676,0.22695,-0.15810752690140348,0.3094114757222695,0.7896,-0.08440084118251981,0.2677034793853533
garch,250,0.000629940788348712,0.01,,,0.08,0.88,,,,garch,1.0,-0.2127431064706485,-0.2289460675106993,-0.1152550077824741,0.00465,-0.3251399784487292,-0.4201596995481677,0.12375,-0.18869357900603387,-0.6371833435833316,0.00655,-0.3130837289476557,-0.3674999197486736,0.16155,-0.17534552899061556,-0.5213701544452886,0.0034,-0.33500695163308025,-0.4632570686868183,0.13045,-0.185974265006746,-0.6135894533775355,0.00505,-0.32013565783279646,-0.3983016232320113,0.13865,-0.1829062097172402,-0.5869697398524081,0.00465,-0.3249355456692591,-0.4192667696905252,0.13725,-0.1833260114748989,-0.5906121131057336
garch,250,0.000629940788348712,0.01,,,0.08,0.88,,,,garch,1.0,-0.2406286920601896,-0.2289460675106993,-0.1152550077824741,0.0002,-0.43582066808469166,-0.9035953437563392,0.0155,-0.27698434961517737,-1.4032304968296234,0.0001,-0.45211875028651344,-0.9747827739621894,0.01285,-0.2848273168836414,-1.4712793167409144,0.0002,-0.43761679792096936,-0.9114405531360276,0.01645,-0.2746381928404329,-1.382874272663013,0.00015,-0.44127631831565584,-0.9274247560292066,0.01435,-0.2806997506162247,-1.43546684883317,0.0001,-0.44990491748216965,-0.9651131044700925,0.01295,-0.2845547453220789,-1.4689143734138799
garch,250,0.000629940788348712,0.01,,,0.08,0.88,,,,garch,1.0,-0.11802451165645547,-0.2289460675106993,-0.1152550077824741,0.0287,-0.251189796473681,-0.09715706936937102,0.36545,-0.13289609829177865,-0.1530613797068094,0.07215,-0.21371764832308818,0.06651531233179818,0.50615,-0.11464796470976509,0.005266956155646792,0.1464,-0.1800428259586903,0.2136015791130529,0.65795,-0.09859215815127757,0.14457375824090063,0.0287,-0.2512011762500842,-0.09720677442229868,0.3746,-0.13168360024239592,-0.1425412463719427,0.0301,-0.249280168602278,-0.0888161186285868,0.3869,-0.12999387408312818,-0.12788048505858757
garch,250,0.000629940788348712,0.01,,,0.08,0.88,,,,garch,1.0,-0.09126215230395102,-0.2289460675106993,-0.1152550077824741,0.0784,-0.20990739242533957,0.08315790392193564,0.554,-0.10979100206775734,0.04740796794729498,0.12405,-0.18862688286734206,0.17610778416830858,0.6199,-0.10240651093063477,0.11147885978272523,0.2885,-0.14557427095935538,0.3641547437692841,0.7748,-0.08598050395271647,0.2539976734460745,0.09555,-0.2011019377273912,0.12161872918829167,0.54925,-0.11022677303531245,0.04362703924025296,0.0958,-0.20100458084021994,0.12204396858300949,0.56775,-0.10822565131877349,0.06098959688560723
garch,250,0.000629940788348712,0.01,,,0.08,0.88,,,,garch,1.0,-0.1456325305291874,-0.2289460675106993,-0.1152550077824741,0.00965,-0.29743919944684966,-0.29916710376756955,0.2352,-0.1562957612723483,-0.35608651007453157,0.0163,-0.27510155477811954,-0.20159982553648043,0.26295,-0.15070151243495644,-0.307548499058558,0.0233,-0.2604446153321069,-0.13758064579962956,0.30105,-0.14348083307993292,-0.24489890583089172,0.0107,-0.29204752413271207,-0.27561712375367126,0.24595,-0.1541566201194234,-0.3375264388543537,0.01,-0.29557148636350034,-0.2910092301528064,0.24605,-0.15413415979261402,-0.3373315637921631
garch,250,0.000629940788348712,0.01,,,0.08,0.88,,,,garch,1.0,-0.1070261403637092,-0.2289460675106993,-0.1152550077824741,0.13135,-0.18549925054292796,0.1897687845882784,0.6158,-0.10285254111473086,0.10760891788017556,0.1247,-0.18830605798886155,0.17750909619768213,0.63745,-0.10057010471321777,0.1274122777985648,0.14445,-0.18071918781943283,0.2106473381073151,0.54615,-0.11057219689390035,0.04062999932646596,0.1287,-0.18663548210010134,0.18480590590891308,0.6249,-0.10192499019338017,0.11565673236734558,0.12195,-0.18955224124341447,0.17206596599630977,0.6254,-0.10187644128623638,0.11607796271627249
garch,250,0.000629940788348712,0.01,,,0.08,0.88,,,,garch,1.0,-0.11919345459239457,-0.2289460675106993,-0.1152550077824741,0.10325,-0.19719902379697274,0.1386660363242226,0.53165,-0.11195566707201186,0.02862644126222467,0.1492,-0.17922429795854294,0.2171767791985888,0.6135,-0.10311270131336274,0.10535166065866813,0.22175,-0.15928348698072678,0.3042750691785391,0.61775,-0.10262855164754434,0.10955234291216431,0.1011,-0.19829065019414588,0.13389798588753135,0.5398,-0.11121334791803551,0.03506710851181926,0.09845,-0.19961528781108798,0.12811217951249854,0.52105,-0.11312433944896774,0.018486557543145272
garch,250,0.000629940788348712,0.01,,,0.08,0.88,,,,garch,1.0,-0.14572593295503555,-0.2289460675106993,-0.1152550077824741,0.0652,-0.21794930332952817,0.04803211647501749,0.4742,-0.11837926814557129,-0.027107371932972635,0.10055,-0.19853767658350033,0.13281901391810494,0.4847,-0.11719854075213773,-0.016862893917214784,0.11365,-0.19266186883320963,0.15848360739279352,0.36635,-0.13277030227229134,-0.15196992154019565,0.0749,-0.21194937885315518,0.07423883206358113,0.50185,-0.11503017347001104,0.0019507552581784758,0.0733,-0.21279020216449926,0.07056624960568507,0.4743,-0.1183436311456795,-0.026798170618622413
garch,250,0.000629940788348712,0.01,,,0.08,0.88,,,,garch,1.0,-0.07141919303775665,-0.2289460675106993,-0.1152550077824741,0.0984,-0.19962970272267472,0.12804921747194692,0.57795,-0.10695649971706127,0.07200127981488649,0.12725,-0.18717482637232122,0.18245013593179968,0.63735,-0.10061594194997939,0.1270145750206679,0.1476,-0.17980971679447624,0.21461976285714873,0.6269,-0.1016859527137762,0.11773072016365124,0.0896,-0.20420301211280495,0.10807372962078954,0.5495,-0.1102045607501436,0.04381976219083205,0.09705,-0.20039830561772176,0.12469208230293544,0.5851,-0.10613068471667678,0.079166391477046
garch,250,0.000629940788348712,0.01,,,0.08,0.88,,,,garch,1.0,-0.1005645746771217,-0.2289460675106993,-0.1152550077824741,0.01465,-0.27925200804746514,-0.2197283451239664,0.27225,-0.1488213940533072,-0.29123581627085926,0.05705,-0.22350493194337537,0.023766014531215497,0.4315,-0.12376757837592392,-0.07385857462710832,0.07335,-0.21272042478056088,0.07087102611788751,0.42745,-0.12427441605300804,-0.07825610742707739,0.014,-0.28131417524377805,-0.22873556336857132,0.26175,-0.15089723045082248,-0.3092466293145156,0.01515,-0.27781254168847735,-0.2134409850717108,0.276,-0.1479467268775938,-0.28364684297987497
garch,250,0.000629940788348712,0.01,,,0.08,0.88,,,,garch,1.0,-0.13813202958292747,-0.2289460675106993,-0.1152550077824741,0.12985,-0.18620554501088282,0.18668380271619683,0.6252,-0.10191184630429007,0.11577077417206184,0.0759,-0.21152479328666893,0.07609335427094077,0.5453,-0.11067877158398122,0.03970531334421338,0.08375,-0.2070639486200259,0.09557761410184863,0.4541,-0.12073263698641636,-0.04752617096066162,0.1307,-0.18583770402162422,0.18829047363768542,0.63965,-0.10034216266478635,0.12938999705620974,0.12875,-0.18661774631260253,0.18488337300713253,0.61245,-0.10320397141860306,0.10455976356893318
garch,250,0.000629940788348712,0.01,,,0.08,0.88,,,,garch,1.0,-0.09797336982145274,-0.2289460675106993,-0.1152550077824741,0.315,-0.1410167198189638,0.38406140209255313,0.8598,-0.07639597295111139,0.3371570188490473,0.4647,-0.11948070119652564,0.4781273052836255,0.9286,-0.06709263937208705,0.4178765793958908,0.3084,-0.14216715239061384,0.3790364956411843,0.8461,-0.07813679087958403,0.3220529642663765,0.3292,-0.1387528902509297,0.39394944949449545,0.84795,-0.07785660237746947,0.3244839953122758,0.32215,-0.13988253145068563,0.3890153564478738,0.84655,-0.0780682883854466,0.3226473201686095
garch,250,0.000629940788348712,0.01,,,0.08,0.88,,,,garch,1.0,-0.057070989924649866,-0.2289460675106993,-0.1152550077824741,0.3642,-0.13311246510699032,0.4185859291915132,0.88615,-0.07308393207014774,0.36589365203044116,0.4657,-0.11937954121820722,0.47856915597544264,0.92035,-0.06830652586531327,0.40734439934938693,0.6293,-0.10143075419079799,0.5569666022498602,0.95215,-0.06260413539481104,0.4568206917918343,0.37845,-0.13120856650801477,0.4269018553818007,0.88925,-0.07269311977034618,0.36928450078678465,0.3632,-0.13328047950798994,0.41785206901725286,0.89665,-0.07174662002017963,0.3774967231307622
garch,250,0.000629940788348712,0.01,,,0.08,0.88,,,,garch,1.0,-0.2092314410616913,-0.2289460675106993,-0.1152550077824741,0.00325,-0.3372760536165897,-0.4731681451607717,0.11375,-0.19252614339484736,-0.6704362534789855,0.00315,-0.3386178020364498,-0.4790286888008035,0.10905,-0.1945681678045576,-0.6881536997661285,0.00545,-0.31701147099267,-0.38465567213927004,0.1481,-0.1796462690259824,-0.5586851494126553,0.00315,-0.3381553141063267,-0.47700861509894144,0.1222,-0.1893932865263512,-0.6432542947183828,0.0024,-0.3469274924811829,-0.5153240946799402,0.1179,-0.19099241080006074,-0.6571289566916624
garch,250,0.000629940788348712,0.01,,,0.08,0.88,,,,garch,1.0,-0.12207922760669505,-0.2289460675106993,-0.1152550077824741,0.03555,-0.24291216165638954,-0.06100167737118951,0.38225,-0.13072054660167187,-0.13418539564360243,0.05095,-0.22802311129274555,0.004031325927494294,0.4214,-0.12499657336243544,-0.08452184219489209,0.1226,-0.1892909122735278,0.17320740936211235,0.48655,-0.11697894210100164,-0.014957565416864072,0.0375,-0.24043123135099553,-0.050165368486879594,0.38385,-0.1304957233938489,-0.13223473673386305,0.03105,-0.2479212899773751,-0.08288075297816168,0.3853,-0.13024778912490687,-0.13008355672257904
garch,250,0.000629940788348712,0.01,,,0.08,0.88,,,,garch,1.0,-0.13005223906588023,-0.2289460675106993,-0.1152550077824741,0.14335,-0.18122862606173215,0.20842219291116312,0.67,-0.09725130859926552,0.15620752216847503,0.2351,-0.15634303962667626,0.3171184754271007,0.78,-0.08551567623263714,0.25803071052639487,0.13475,-0.18423798885887563,0.19527777497088622,0.647,-0.09970332363256418,0.13493282807512635,0.1424,-0.18156195809534714,0.20696625161791765,0.65525,-0.09890088701167546,0.1418950992712135,0.13415,-0.18453709912852564,0.19397130889832073,0.66325,-0.09803752965280842,0.14938594392497895
garch,250,0.000629940788348712,0.01,,,0.08,0.88,,,,garch,1.0,-0.12017844473913619,-0.2289460675106993,-0.1152550077824741,0.2936,-0.14473029310231014,0.36784110478094806,0.83045,-0.07991235598896528,0.3066474288059794,0.20675,-0.16266400644680698,0.289509497955429,0.7432,-0.08933221272008529,0.2249168653158573,0.12135,-0.18985375096836107,0.1707490194847366,0.459,-0.12017844473913589,-0.04271777037188702,0.3179,-0.1405495236931357,0.38610204044423074,0.8359,-0.07930120681611502,0.3119500111805666,0.32125,-0.14003199514408268,0.388362522813201,0.83335,-0.07959225922212335,0.3094247204222019
garch,250,0.000629940788348712,0.01,,,0.08,0.88,,,,garch,1.0,-0.1295492092715637,-0.2289460675106993,-0.1152550077824741,0.10585,-0.19603346667131705,0.14375700442133232,0.5771,-0.10706712994128004,0.07104140634520119,0.079,-0.20968335493063658,0.08413646405681333,0.49605,-0.11575828282360642,-0.004366621900561324,0.06855,-0.215946955238288,0.05677805438524866,0.39185,-0.12917883666842753,-0.12080888417649047,0.1067,-0.19558920480828706,0.14569746956170526,0.56865,-0.10811499197931287,0.06194972297114326,0.1067,-0.1956057241729754,0.14562531560480205,0.5846,-0.1061712709032339,0.07881424897722747
garch,250,0.000629940788348712,0.01,,,0.08,0.88,,,,garch,1.0,-0.09782156504218328,-0.2289460675106993,-0.1152550077824741,0.1174,-0.19129293457708746,0.16446289444064024,0.64415,-0.09995377296159644,0.13275982636482372,0.19445,-0.1658621466688875,0.2755405302555097,0.7467,-0.08894311385456564,0.22829284760943375,0.24425,-0.1544487216846082,0.32539255483219703,0.7107,-0.09285828627753905,0.1943231963265786,0.13035,-0.18598725637273825,0.18763725276020937,0.6599,-0.09838388373766495,0.14638083298428803,0.13575,-0.18395958125107836,0.19649381511005243,0.6612,-0.09825687923165993,0.1474827764785327
garch,250,0.000629940788348712,0.01,,,0.08,0.88,,,,garch,1.0,-0.1607377709725831,-0.2289460675106993,-0.1152550077824741,0.0179,-0.2715330187030532,-0.1860130276767636,0.3375,-0.1375611740671594,-0.19353750187397245,0.06835,-0.21603967738624394,0.05637305879408565,0.501,-0.11511704593246073,0.0011970139316961625,0.04235,-0.23590472088022643,-0.030394290870280803,0.3746,-0.13170148647936042,-0.14269643474343852,0.02005,-0.2667723804220528,-0.16521931703232157,0.32975,-0.13862182336633125,-0.2027401328015037,0.0229,-0.2612000477504427,-0.14088025442164928,0.32315,-0.1396932349209061,-0.21203614149725578
garch,250,0.000629940788348712,0.01,,,0.08,0.88,,,,garch,1.0,-0.10594038540669877,-0.2289460675106993,-0.1152550077824741,0.03915,-0.23824428508758466,-0.040613135128214586,0.39635,-0.1284923616122038,-0.11485274335943066,0.038,-0.23976778150436961,-0.047267525104638865,0.37815,-0.1312611081730672,-0.13887553086458598,0.0965,-0.20066738298591247,0.1235167951660287,0.4904,-0.11653112217868289,-0.01107209500707553,0.0369,-0.24121482010174386,-0.05358795948950385,0.3888,-0.12966194387946553,-0.12500052166221076,0.03875,-0.2386088004094225,-0.04220528006348765,0.3794,-0.13106342697570178,-0.13716036723596084
garch,250,0.000629940788348712,0.01,,,0.08,0.88,,,,garch,1.0,-0.11105750043456757,-0.2289460675106993,-0.1152550077824741,0.18925,-0.16706255806513606,0.2702973242493944,0.70815,-0.09313976291998413,0.19188098884370436,0.2119,-0.16152798117871703,0.2944714755968963,0.6999,-0.09394751183632055,0.18487262598053994,0.1411,-0.1819747852627125,0.20516308822728174,0.54125,-0.11105750043456729,0.03641930557871255,0.19125,-0.16660434804578916,0.2722987127175562,0.7026,-0.0936036081833391,0.18785647596327143,0.17645,-0.17080946160569035,0.2539314456767948,0.7025,-0.09365263967437948,0.1874310585173508
garch,250,0.000629940788348712,0.01,,,0.08,0.88,,,,garch,1.0,-0.10219376336114461,-0.2289460675106993,-0.1152550077824741,0.37645,-0.13147374069394732,0.4257436167240427,0.89815,-0.07156636870008092,0.3790606579529169,0.33215,-0.13823597290859027,0.39620726220977737,0.85545,-0.07692990382032348,0.33252441433593316,0.402,-0.1277259488627732,0.44211337520875216,0.8666,-0.07547258499234064,0.3451687137552982,0.40155,-0.12777277476224713,0.4419088471293531,0.89645,-0.07178981832131826,0.3771219168471155,0.3793,-0.13110188640854156,0.4273678170846293,0.89495,-0.07198879301816834,0.37539553028328293
garch,250,0.000629940788348712,0.01,,,0.08,0.88,,,,garch,1.0,-0.0715904948582878,-0.2289460675106993,-0.1152550077824741,0.37725,-0.13137223335615011,0.42618698462680205,0.87085,-0.07482045563280629,0.350826857137364,0.6072,-0.10380264796023167,0.5466065476080707,0.95825,-0.06138669272127252,0.4673837267259541,0.46875,-0.11899998735923856,0.4802269868484317,0.918,-0.06872362747032743,0.4037254537344479,0.37485,-0.1316426585221425,0.4250058105235179,0.88,-0.07384378624693808,0.3593008436882263,0.31745,-0.14059108919026056,0.38592048896541825,0.86725,-0.07541150100081569,0.34569870366810296
garch,250,0.000629940788348712,0.01,,,0.08,0.88,,,,garch,1.0,-0.1015924234605359,-0.2289460675106993,-0.1152550077824741,0.014,-0.2813586583264766,-0.22892985839701277,0.25255,-0.15269582314394425,-0.32485196159227947,0.0222,-0.2620406672953963,-0.1445519468603689,0.33835,-0.137394471403385,-0.1920911207840591,0.02355,-0.2597759181692183,-0.13465988297474576,0.3399,-0.13717545018347702,-0.19019080231528276,0.0127,-0.2857061925303582,-0.24791919615306943,0.2578,-0.15168280513763333,-0.3160625994135632,0.01445,-0.2803110744014624,-0.2243541784720224,0.23945,-0.15545752487186917,-0.34881362522026865
garch,250,0.000629940788348712,0.01,,,0.08,0.88,,,,garch,1.0,-0.25525008521732345,-0.2289460675106993,-0.1152550077824741,0.0091,-0.29953577555817296,-0.3083246146788471,0.21965,-0.15981166748093695,-0.3865919629501618,0.00365,-0.33281196561841003,-0.45366971897369146,0.1311,-0.18561780655167376,-0.6104966727519423,0.00185,-0.3527127518571853,-0.5405931872610219,0.1302,-0.18604193528484086,-0.6141765886300236,0.00985,-0.29659034719337124,-0.2954594521677501,0.2224,-0.1591461917943559,-0.3808180213281455,0.0107,-0.29283650475375356,-0.27906326558794675,0.21245,-0.16141806646140666,-0.4005297432807271
garch,250,0.000629940788348712,0.01,,,0.08,0.88,,,,garch,1.0,-0.12589279647926416,-0.2289460675106993,-0.1152550077824741,0.11105,-0.1935968179766058,0.15439989827491368,0.63425,-0.10095506437159406,0.12407220897393861,0.1198,-0.19038479219694734,0.16842951588128882,0.62895,-0.10148097800017966,0.11950916534829256,0.086,-0.20597992660722594,0.10031244979737455,0.5642,-0.10850871562235251,0.05853361419968991,0.11585,-0.191807532576015,0.1622152122483987,0.61355,-0.1030809128865608,0.10562747016502765,0.1145,-0.19226395152143552,0.16022164690620647,0.6193,-0.10247029794501941,0.11092541732836325
garch,250,0.000629940788348712,0.01,,,0.08,0.88,,,,garch,1.0,-0.07607116113588677,-0.2289460675106993,-0.1152550077824741,0.29605,-0.14429701798638875,0.36973358155782543,0.82885,-0.0801063111215318,0.3049645940528676,0.30475,-0.1428353470507819,0.37611792766824087,0.8305,-0.07990624457661105,0.3067004539410413,0.4882,-0.11673591709338352,0.49011608558016345,0.8625,-0.07607116113588672,0.33997522017039644,0.3128,-0.14137567394756975,0.3824935475645902,0.85265,-0.0772968640982563,0.3293405155623077,0.30395,-0.14297285486186417,0.3755173154254652,0.83925,-0.07893809731229791,0.31510049904919285
garch,250,0.000629940788348712,0.01,,,0.08,0.88,,,,garch,1.0,-0.08299893984106044,-0.2289460675106993,-0.1152550077824741,0.1039,-0.19676463740497718,0.1405633669781997,0.6262,-0.10176388968245216,0.11705450686779989,0.1246,-0.18831851807471844,0.17745467252492647,0.62865,-0.10150313839312425,0.11931689263606117,0.3708,-0.13213868457143327,0.4228392476526898,0.8028,-0.08299893984106094,0.2798669538272166,0.13355,-0.18480913134033045,0.19278311547459187,0.64445,-0.09991711697551656,0.1330778688237602,0.1168,-0.1915212341603572,0.16346571818095593,0.6397,-0.10032968220659212,0.12949828266075183
garch,250,0.000629940788348712,0.01,,,0.08,0.88,,,,garch,1.0,-0.11177617812931401,-0.2289460675106993,-0.1152550077824741,0.0912,-0.20333089819018477,0.11188298449073582,0.5705,-0.10788094633812209,0.06398039951781885,0.0925,-0.20237721335787248,0.11604852811715219,0.63465,-0.10089023519919083,0.12463469362124857,0.1394,-0.18255341995804675,0.20263570393269362,0.542,-0.11098383930691637,0.03705841991368309,0.0878,-0.20511213564423167,0.10410282266741182,0.5567,-0.10941913804576078,0.05063441362762839,0.0899,-0.20405519522697985,0.10871937026197764,0.5626,-0.10872215912587913,0.05668169029952014
garch,250,0.000629940788348712,0.01,,,0.08,0.88,,,,garch,1.0,-0.13196876400132973,-0.2289460675106993,-0.1152550077824741,0.0421,-0.23599159632291936,-0.030773748983003637,0.43765,-0.12295282092209932,-0.06678940280107946,0.0526,-0.22684243274355936,0.009188341996927373,0.44365,-0.12212794748218855,-0.05963246050606367,0.08805,-0.20493595122380298,0.10487236818677503,0.4565,-0.12048373463446435,-0.045366591461766706,0.0449,-0.23339315342632855,-0.019424163795350762,0.4122,-0.12635289411037787,-0.09628984060154067,0.03835,-0.23918843722056746,-0.044737041440510925,0.41145,-0.12645777620908255,-0.0971998409626758
garch,250,0.000629940788348712,0.01,,,0.08,0.88,,,,garch,1.0,-0.10930471291594387,-0.2289460675106993,-0.1152550077824741,0.15085,-0.17876859373068646,0.21916722276816525,0.6409,-0.10021988090341927,0.13045096406944245,0.132,-0.1853195278720467,0.19055378462272038,0.62605,-0.10181573127402682,0.11660470783023873,0.25575,-0.15206295888825058,0.33581318717717545,0.55765,-0.10930471291594339,0.051627213264008216,0.1451,-0.18053387978341837,0.2114567341280867,0.6575,-0.09864887109075231,0.1440816933791137,0.14835,-0.17951562871120125,0.21590429281860463,0.66085,-0.09828190607163592,0.147265633289204
garch,250,0.000629940788348712,0.01,,,0.08,0.88,,,,garch,1.0,-0.1564070020916283,-0.2289460675106993,-0.1152550077824741,0.01135,-0.28990715686432666,-0.2662683400350543,0.24355,-0.15461158442548972,-0.34147389688520113,0.0121,-0.28725157744560154,-0.2546691916085323,0.2268,-0.15815101387176095,-0.3721834470762987,0.01045,-0.2943913360687773,-0.2858545214148288,0.19555,-0.16554113602167692,-0.43630319590199546,0.0096,-0.29797302346642224,-0.30149876215933313,0.23615,-0.1560807775182933,-0.3542212223252935,0.0117,-0.2886148491829025,-0.26062374567501445,0.2382,-0.15578081749913888,-0.35161864544012644
garch,250,0.000629940788348712,0.01,,,0.08,0.88,,,,garch,1.0,-0.09290772056451203,-0.2289460675106993,-0.1152550077824741,0.13835,-0.18304708026521177,0.2004794742471064,0.65075,-0.09931825967532289,0.13827380183973742,0.16865,-0.17311750165705167,0.24385029391709728,0.67915,-0.09622908838555208,0.16507672649530758,0.26635,-0.15010841941138794,0.34435030466564814,0.71655,-0.09220549181109518,0.1999871104506045,0.14035,-0.18234014502982346,0.20356725488939795,0.65905,-0.09846904447162522,0.1456419433204133,0.11735,-0.1913852570508679,0.16405964456269193,0.63435,-0.10092894272531501,0.12429885115445322
garch,250,0.000629940788348712,0.01,,,0.08,0.88,,,,garch,1.0,-0.1504832333738961,-0.2289460675106993,-0.1152550077824741,0.0017,-0.3580216933219225,-0.5637817989828158,0.1016,-0.19803714831224714,-0.718252005899921,0.0031,-0.3399653089661351,-0.48491438469563386,0.12595,-0.18768822600595336,-0.6284604861611366,0.0106,-0.2933271667446413,-0.28120639910503514,0.17065,-0.17251341595457573,-0.4967975732574498,0.00195,-0.35219696748623586,-0.5383403231845277,0.1032,-0.19720701794119516,-0.7110494523013935,0.0021,-0.35026789506051614,-0.5299144417239101,0.10945,-0.19444939039112408,-0.6871231379214086
garch,250,0.000629940788348712,0.01,,,0.08,0.88,,,,garch,1.0,-0.12395708492372805,-0.2289460675106993,-0.1152550077824741,0.04085,-0.2370117637328276,-0.03522967793168741,0.39905,-0.12804380948490035,-0.11096092003709825,0.1141,-0.19240738289972448,0.1595951614642486,0.61245,-0.10320515982627058,0.10454945245369064,0.0969,-0.2004393294681732,0.1245128966506223,0.4299,-0.12395708492372805,-0.07550281162340258,0.04305,-0.23532883993128573,-0.02787893450184791,0.4338,-0.12351467510113924,-0.07166428147099665,0.0502,-0.22879160444465663,0.0006746700990417598,0.43475,-0.12339228542720326,-0.07060237816379313
garch,250,0.000629940788348712,0.01,,,0.08,0.88,,,,garch,1.0,-0.12799463914811549,-0.2289460675106993,-0.1152550077824741,0.0226,-0.26153117309749535,-0.14232655725905083,0.3306,-0.13849589917894256,-0.20164756259729746,0.02035,-0.26619593538802805,-0.16270149682998145,0.31395,-0.14114818871007645,-0.2246599208641042,0.07895,-0.20972316472635816,0.083962581202417,0.45675,-0.12046413860683614,-0.04519656824103863,0.0242,-0.25804460806046775,-0.12709779585276607,0.3319,-0.13830279003026705,-0.19997206794946423,0.02,-0.26696871701249136,-0.16607688402429174,0.3063,-0.1424680197963703,-0.2361113199112053
garch,250,0.000629940788348712,0.01,,,0.08,0.88,,,,garch,1.0,-0.10749026392781641,-0.2289460675106993,-0.1152550077824741,0.298,-0.14395685460723914,0.3712193610815716,0.82925,-0.08005963658820515,0.3053695615612186,0.31955,-0.14024776873154732,0.3874200581104406,0.83045,-0.0799098516649725,0.3066691573541871,0.25345,-0.15253870793983026,0.33373519100649457,0.66405,-0.09790277918324913,0.15055509459488828,0.3096,-0.1419349791216898,0.3800505915435442,0.8268,-0.08034740762187534,0.30287274134310443,0.31,-0.141886074083012,0.38026420097221697,0.8234,-0.08072947814916084,0.2995577398118338
garch,250,0.000629940788348712,0.01,,,0.08,0.88,,,,garch,1.0,-0.09017673003323938,-0.2289460675106993,-0.1152550077824741,0.24435,-0.15443916130508242,0.32543431304901077,0.78585,-0.08477252306050545,0.2644786140616085,0.3408,-0.13702874546627564,0.4014802396207487,0.8412,-0.07869360552614231,0.31722181065950517,0.377,-0.13138477516413766,0.4261322040047808,0.73495,-0.09017673003323937,0.2175894846718165,0.24075,-0.15524285737398014,0.32192389647957065,0.7844,-0.08492794926078856,0.26313007222144436,0.2353,-0.15626291916069646,0.31746842887618565,0.7637,-0.0871135776855465,0.244166658250895
garch,250,0.000629940788348712,0.01,,,0.08,0.88,,,,garch,1.0,-0.08011567801217569,-0.2289460675106993,-0.1152550077824741,0.419,-0.12531142922532484,0.45265961286070705,0.90095,-0.07122612983409116,0.38201271073167253,0.6266,-0.10171830848200063,0.5557106108527194,0.95925,-0.061063722457620956,0.47018594998605845,0.48705,-0.1168940551444169,0.4894253637313333,0.8625,-0.07607698180594402,0.3399247176354585,0.4344,-0.12342107433457625,0.4609163822881193,0.90835,-0.07015323010433794,0.3913216314492708,0.4065,-0.1271445434206395,0.44465286168456386,0.9049,-0.07061377541401662,0.38732575032844446
garch,250,0.000629940788348712,0.01,,,0.08,0.88,,,,garch,1.0,-0.13281362464714272,-0.2289460675106993,-0.1152550077824741,0.0238,-0.2588861049861628,-0.1307733205509824,0.3198,-0.14021484054191208,-0.21656180707172198,0.07215,-0.2137096380006058,0.066550300146044,0.4792,-0.11780125019774793,-0.022092249736162924,0.0775,-0.21041402356095765,0.08094501972118648,0.42545,-0.124531504958473,-0.08048671684189927,0.0237,-0.25915805496080957,-0.13196115477588793,0.3483,-0.13572353797247502,-0.17759341293553232,0.0301,-0.24928059651438655,-0.08881798768060069,0.34995,-0.13542326035757535,-0.1749880804586442
garch,250,0.000629940788348712,0.01,,,0.08,0.88,,,,garch,1.0,-0.070721147721722,-0.2289460675106993,-0.1152550077824741,0.2005,-0.1641303503607215,0.2831047410191869,0.7162,-0.09225075806379351,0.19959436176602005,0.2661,-0.15016107025918835,0.34412033413864646,0.7836,-0.08503985521072985,0.2621591300290453,0.38675,-0.13002300659844218,0.432080192456829,0.83035,-0.0799181796502089,0.3065969003182748,0.19545,-0.16558439069194336,0.27675372417477695,0.7288,-0.09074123917086568,0.21269157048580783,0.1792,-0.16996686079071757,0.25761179198775913,0.7204,-0.0917323840345001,0.20409198871748202
garch,250,0.000629940788348712,0.01,,,0.08,0.88,,,,garch,1.0,-0.10132673025690782,-0.2289460675106993,-0.1152550077824741,0.14455,-0.18071571376889148,0.21066251220739518,0.65645,-0.09877364676619534,0.14299908813840675,0.3965,-0.12846385837054558,0.4388903038723646,0.8519,-0.07741330071026428,0.3283302634765351,0.28635,-0.14591011180348648,0.36268784439082935,0.70905,-0.09302376786593872,0.19288740979041358,0.13625,-0.18372886349727371,0.19750155355392793,0.65225,-0.09916676879300643,0.13958819923757002,0.1405,-0.18226954001543813,0.20387564635972547,0.64325,-0.10004092483212208,0.13200366077859488
garch,250,0.000629940788348712,0.01,,,0.08,0.88,,,,garch,1.0,-0.1109189704032927,-0.2289460675106993,-0.1152550077824741,0.0177,-0.27210394648923647,-0.18850674941826764,0.28605,-0.14600679295033647,-0.26681517583948783,0.0242,-0.25799499575171225,-0.12688109718091325,0.34245,-0.13682939731167026,-0.1871883048232877,0.0743,-0.21232779674221972,0.0725859629264126,0.4355,-0.12330476233180182,-0.06984299167738008,0.0222,-0.2620673988347975,-0.1446687059717694,0.3112,-0.14171751191635815,-0.22959960389597908,0.01465,-0.27930579518317006,-0.21996327877576372,0.2885,-0.14557613999633395,-0.26307865312964335
garch,250,0.000629940788348712,0.01,,,0.08,0.88,,,,garch,1.0,-0.18391074604936306,-0.2289460675106993,-0.1152550077824741,0.0039,-0.33058671153011576,-0.44395016313030367,0.14055,-0.18219401413778114,-0.5807904371638584,0.0115,-0.2891023372727385,-0.2627530160972427,0.21135,-0.16169702489701132,-0.40295010176207957,0.01315,-0.2843483760495501,-0.2419884697790745,0.19,-0.16693472557926775,-0.44839455387770283,0.00335,-0.33612127589030594,-0.4681242597652307,0.1376,-0.18322788655001918,-0.5897607407726119,0.00395,-0.3303026577269658,-0.4427094613080867,0.1438,-0.18101760107303172,-0.570583392043791
garch,250,0.000629940788348712,0.01,,,0.08,0.88,,,,garch,1.0,-0.09458781246869381,-0.2289460675106993,-0.1152550077824741,0.3984,-0.12812487691509586,0.44037092094142116,0.8868,-0.0729891113919039,0.36671635535646757,0.33555,-0.13774494615331057,0.3983519889596996,0.84285,-0.07849856554571621,0.31891405800023853,0.4269,-0.1243429060212775,0.45688996813423494,0.8068,-0.08258341379445217,0.2834722292473789,0.3745,-0.13170847571563493,0.4247183314931591,0.8854,-0.07315511829394378,0.36527601098242357,0.38595,-0.13013962377185415,0.4315708271959187,0.88025,-0.0738222617395381,0.35948759919511586
garch,250,0.000629940788348712,0.01,,,0.08,0.88,,,,garch,1.0,-0.13901983302893606,-0.2289460675106993,-0.1152550077824741,0.0032,-0.3375461094599628,-0.47434770612161004,0.1213,-0.18989823711645243,-0.6476354543731045,0.00975,-0.2971443172548989,-0.29787910526575234,0.18805,-0.16740059524404172,-0.45243663130008455,0.02155,-0.2634669000313132,-0.1507815045523795,0.21075,-0.16179288362923844,-0.4037818116727503,0.00335,-0.33647801247420445,-0.46968242841069935,0.1352,-0.18410266439502285,-0.5973506742760192,0.0035,-0.33403181947345084,-0.4589978465467226,0.12875,-0.18656143269302022,-0.6186839624801892
garch,250,0.000629940788348712,0.01,,,0.08,0.88,,,,garch,1.0,-0.16670169349841335,-0.2289460675106993,-0.1152550077824741,0.15105,-0.1787233759355429,0.2193647269036815,0.68965,-0.09497835459250531,0.17592860891769513,0.0718,-0.21395893117933742,0.06546142720124021,0.50615,-0.11464188557845606,0.005319701207041857,0.0187,-0.2691299341551395,-0.17551673667669496,0.2553,-0.152166001940152,-0.3202550142319339,0.15075,-0.17880011267869936,0.21902955301757465,0.67415,-0.09677328832449972,0.16035502329630447,0.1533,-0.177810965774819,0.22334998933096156,0.6848,-0.0955331525021759,0.17111495335213672
garch,250,0.000629940788348712,0.01,,,0.08,0.88,,,,garch,1.0,-0.10476619606356039,-0.2289460675106993,-0.1152550077824741,0.0659,-0.21738441109560372,0.05049947588444717,0.4767,-0.11807547253340837,-0.024471515860355987,0.06285,-0.219146400199577,0.04280338779203671,0.50665,-0.11460263022605237,0.0056602968406630864,0.1864,-0.16789807828181372,0.2666479048653353,0.5984,-0.1047661960635604,0.09100525799893838,0.07725,-0.21055463011611986,0.0803308726572469,0.4993,-0.11534194636053335,-0.0007543149727891306,0.06605,-0.2172855434252767,0.05093131413963973,0.49425,-0.11599363715454386,-0.006408653179424555
garch,250,0.000629940788348712,0.01,,,0.08,0.88,,,,garch,1.0,-0.06193940695247987,-0.2289460675106993,-0.1152550077824741,0.1566,-0.17684810048383684,0.22755563174033452,0.64825,-0.09955317951664533,0.13623554037203775,0.25605,-0.15202718132982068,0.33596945786056787,0.77255,-0.08617474559581405,0.2523123528093853,0.6059,-0.1039587666182094,0.5459246461468437,0.94135,-0.06471108181352625,0.4385399553687216,0.17935,-0.16995533782319547,0.25766212247671394,0.67295,-0.09695253601901477,0.15879979634379449,0.1606,-0.17573981448354062,0.23239644867310155,0.6735,-0.09687115543479746,0.15950588786886644
garch,250,0.000629940788348712,0.01,,,0.08,0.88,,,,garch,1.0,-0.2907881128284087,-0.2289460675106993,-0.1152550077824741,0.00085,-0.38644887015561735,-0.687947184930606,0.0388,-0.23856215076510004,-1.0698636471861507,0.0004,-0.40606355266090954,-0.7736209976261464,0.0376,-0.24026615803484763,-1.0846483173062,0.00075,-0.3890267274993823,-0.6992068556984582,0.03175,-0.2467462142887142,-1.1408719589382987,0.0005,-0.3977155679210414,-0.7371583283580752,0.0368,-0.24139595418045007,-1.0944508948023097,0.00055,-0.39579408410620615,-0.7287655927425335,0.03155,-0.24692685265380485,-1.1424392519224922
garch,250,0.000629940788348712,0.01,,,0.08,0.88,,,,garch,1.0,-0.12404914502702158,-0.2289460675106993,-0.1152550077824741,0.02725,-0.25305547294398345,-0.10530604738234894,0.37465,-0.13166605011411153,-0.1423889742180289,0.01955,-0.2678002319138821,-0.16970880882838063,0.30675,-0.1424190825905791,-0.2356867205230071,0.03785,-0.23995215313492804,-0.048072831055350644,0.33415,-0.13797836746159325,-0.1971572438917878,0.02775,-0.25226072078040895,-0.10183469636848033,0.3854,-0.13023918964884315,-0.13000894412023603,0.03455,-0.2440513910716941,-0.06597765021794444,0.3861,-0.13011878581864036,-0.12896427081259088
garch,250,0.000629940788348712,0.01,,,0.08,0.88,,,,garch,1.0,-0.08648078035822011,-0.2289460675106993,-0.1152550077824741,0.076,-0.2114340325727929,0.07648978263008607,0.5218,-0.11303628296771977,0.019250571905229805,0.03975,-0.23771192814895217,-0.0382878847126004,0.4327,-0.12368117767862657,-0.07310892652973096,0.1452,-0.18049229472634523,0.2116383710416414,0.60755,-0.10375963238749462,0.09973861974548832,0.062,-0.2202125776029277,0.03814649451169739,0.5126,-0.11395031003307451,0.011320095972419744,0.06865,-0.2159149914492173,0.05691766713081023,0.49385,-0.11605502509204847,-0.006941280252952431
garch,250,0.000629940788348712,0.01,,,0.08,0.88,,,,garch,1.0,-0.14635870724044991,-0.2289460675106993,-0.1152550077824741,0.11335,-0.19274299016849886,0.15812928230579268,0.61985,-0.10241442566739911,0.1114101882610567,0.1167,-0.1915776722368476,0.1632192056415442,0.59725,-0.10488429944965344,0.08998054429351794,0.03915,-0.23818938835552478,-0.040373354936063796,0.36885,-0.13244918578466358,-0.14918378240571387,0.10735,-0.19536299636653173,0.14668551204793298,0.59905,-0.10469173503385118,0.09165131261419425,0.1028,-0.19750295956355035,0.13733849324876268,0.60725,-0.10379054845789831,0.09947037916316119
garch,250,0.000629940788348712,0.01,,,0.08,0.88,,,,garch,1.0,-0.19724387427769097,-0.2289460675106993,-0.1152550077824741,0.01155,-0.28901512040081717,-0.2623720666759681,0.23655,-0.15603573358931885,-0.353830402613065,0.0134,-0.28377920145104457,-0.23950240568243336,0.22405,-0.15868970730005766,-0.37685737351699106,0.0126,-0.2861690757385961,-0.24994099636685238,0.2347,-0.15648992519275673,-0.3577711563571026,0.01,-0.2954877666335545,-0.2906435556913226,0.2294,-0.15753546171068356,-0.36684266255924625,0.01265,-0.28598415726174187,-0.24913330187851784,0.2428,-0.1547710661064438,-0.3428576257488969
garch,250,0.000629940788348712,0.01,,,0.08,0.88,,,,garch,1.0,-0.12726874520945733,-0.2289460675106993,-0.1152550077824741,0.03785,-0.23999420525739681,-0.048256508036248376,0.3919,-0.12915983802714193,-0.12064404412614352,0.0189,-0.2686803638569571,-0.17355308513609174,0.31685,-0.14067124859850721,-0.2205217916778272,0.0322,-0.24637168104274992,-0.0761123076780355,0.35565,-0.13450391761929545,-0.16701148355436898,0.03155,-0.24708974725030386,-0.07924870663592709,0.39915,-0.12802928610673867,-0.11083490921604051,0.03245,-0.24616022061152829,-0.07518868215556718,0.39535,-0.12862509122362964,-0.11600436023039871
garch,250,0.000629940788348712,0.01,,,0.08,0.88,,,,garch,1.0,-0.08660413773798234,-0.2289460675106993,-0.1152550077824741,0.5621,-0.10881599602920565,0.5247090408132021,0.9374,-0.06539231277722853,0.4326293144620116,0.50025,-0.11522525298135777,0.49671442609088284,0.91895,-0.06853318109511536,0.40537784506109203,0.4993,-0.11534190452861502,0.4962049106904849,0.79645,-0.0837003118104411,0.2737815612453698,0.5688,-0.1080955591115898,0.5278557946554894,0.9419,-0.0646054233162155,0.4394566920844934,0.51355,-0.11385020043758601,0.5027204368458285,0.9403,-0.064922572516815,0.43670497476911146
garch,250,0.000629940788348712,0.01,,,0.08,0.88,,,,garch,1.0,-0.07215095126033592,-0.2289460675106993,-0.1152550077824741,0.14405,-0.18090142526395653,0.2098513539416767,0.66735,-0.09761043533751149,0.15309159041717307,0.1696,-0.17276729582382216,0.24537993728261673,0.73365,-0.09029541552898881,0.21655972034284737,0.1986,-0.16465933457769266,0.28079422211522514,0.69295,-0.09464989922868956,0.17877842316989367,0.1342,-0.18449615211109804,0.1941501589562091,0.666,-0.09774337777858906,0.15193812694833636,0.1389,-0.18278608023366286,0.20161948086258022,0.6531,-0.09907693216556138,0.14036765888252187
garch,250,0.000629940788348712,0.01,,,0.08,0.88,,,,garch,1.0,-0.11048493843732157,-0.2289460675106993,-0.1152550077824741,0.09145,-0.20297708646541082,0.11342837781686234,0.5477,-0.11041503776081757,0.041993576806582035,0.14435,-0.18077030012080725,0.2104240877063357,0.64825,-0.09955928237853431,0.13618258942434008,0.13365,-0.18476710935710008,0.19296666081209105,0.53955,-0.11124459868214133,0.034795963988842896,0.07015,-0.21506692657281254,0.06062187959283529,0.54305,-0.11089400495543791,0.037837859811409726,0.0784,-0.20990880400735534,0.08315173835625844,0.54825,-0.11031852967687297,0.04283092076066636
garch,250,0.000629940788348712,0.01,,,0.08,0.88,,,,garch,1.0,-0.17311087012143242,-0.2289460675106993,-0.1152550077824741,0.0183,-0.2703555466873869,-0.18087001723562016,0.2863,-0.14595532885708387,-0.266368652133119,0.0107,-0.2928676900927031,-0.2791994781872222,0.2382,-0.15578140154859205,-0.3516237128941521,0.0175,-0.27249637890898093,-0.19022083179588314,0.2623,-0.1508269020165081,-0.30863643080195197,0.0186,-0.2693324055556071,-0.17640109954288888,0.29195,-0.14497327069135418,-0.25784791030484916,0.0155,-0.2770424234847761,-0.2100772312755672,0.27615,-0.14792769682482534,-0.2834817303905428
garch,250,0.000629940788348712,0.01,,,0.08,0.88,,,,garch,1.0,-0.2006745674773061,-0.2289460675106993,-0.1152550077824741,0.00365,-0.3326393752616705,-0.45291587175274506,0.14865,-0.1793942027168267,-0.5564981181156602,0.00545,-0.3170011412473801,-0.3846105534551964,0.16095,-0.17553887248862224,-0.523047682404608,0.0053,-0.31809530850837736,-0.389389701980847,0.14255,-0.18151841821668238,-0.5749286882117101,0.0036,-0.3333972909965367,-0.4562263271063003,0.1374,-0.1832835782483206,-0.5902439449246303,0.0033,-0.3370396942698518,-0.4721357651364813,0.14145,-0.18184940512108522,-0.5778004671545177
garch,250,0.000629940788348712,0.01,,,0.08,0.88,,,,garch,1.0,-0.12378560599018026,-0.2289460675106993,-0.1152550077824741,0.0529,-0.22639478623880996,0.01114359071387022,0.434,-0.1234929516162801,-0.07147579955357629,0.06235,-0.21991617650460799,0.0394411273548925,0.4709,-0.11871431039216233,-0.03001433669777823,0.05565,-0.2243488708902861,0.020079823472828818,0.43115,-0.12379336214479382,-0.07408228524381803,0.05085,-0.2281184972359609,0.0036146953024197444,0.43705,-0.12306734740091596,-0.06778308178319184,0.0441,-0.23431920655115326,-0.023469016519372495,0.4351,-0.12336364078590992,-0.07035384543758476
garch,250,0.000629940788348712,0.01,,,0.08,0.88,,,,garch,1.0,-0.10122253143692811,-0.2289460675106993,-0.1152550077824741,0.124,-0.18863643891894105,0.17606604485519045,0.63255,-0.1011062975838296,0.1227600472280389,0.1387,-0.18288672788379348,0.20117986793878137,0.61565,-0.10287776064980325,0.10739010278868735,0.1846,-0.1684357181674338,0.26429957937774,0.6315,-0.10122253143692755,0.12175155436222491,0.12515,-0.18803622133986503,0.17868769975235513,0.63585,-0.10078852293707823,0.12551719117228397,0.12425,-0.1884999793825937,0.1766620784006934,0.65415,-0.09900856199872535,0.14096086665849172
garch,250,0.000629940788348712,0.01,,,0.08,0.88,,,,garch,1.0,-0.12229978923599101,-0.2289460675106993,-0.1152550077824741,0.05315,-0.22618862102355322,0.012044087575416454,0.4503,-0.12125507235307673,-0.05205903575076589,0.1023,-0.19777945143280484,0.13613082075077768,0.58195,-0.10644951045399567,0.07640012783737293,0.11925,-0.19055640051430553,0.16767995805212818,0.5966,-0.10497521124227444,0.08919175607190263,0.06415,-0.21845204532100215,0.0458362194371682,0.46855,-0.11902941760889893,-0.03274833691867372,0.0556,-0.2244255705080087,0.01974481174471069,0.44725,-0.12159999736768673,-0.055051747488385094
garch,250,0.000629940788348712,0.01,,,0.08,0.88,,,,garch,1.0,-0.1396025154485141,-0.2289460675106993,-0.1152550077824741,0.05075,-0.2282725151374204,0.0029419696114563083,0.4473,-0.12159682992947712,-0.055024265487641284,0.1229,-0.18916194940763337,0.17377069864371747,0.58715,-0.1058874969644677,0.08127638875081357,0.1433,-0.18128641769390494,0.208169768255867,0.5819,-0.10645117520490277,0.07638568377165181,0.057,-0.22353313708518782,0.023642818958917074,0.45035,-0.12123435693967127,-0.0518793002771928,0.04985,-0.22902968386831127,-0.00036522294757506047,0.4562,-0.12052767860121588,-0.04574786744792141
garch,250,0.000629940788348712,0.01,,,0.08,0.88,,,,garch,1.0,-0.15809243581988627,-0.2289460675106993,-0.1152550077824741,0.0376,-0.24025285500802582,-0.04938624899856875,0.41705,-0.12560636666864156,-0.08981266051106455,0.03845,-0.23893139486656945,-0.043614321330955,0.4237,-0.12476811457012607,-0.08253963945416128,0.0179,-0.2715185057369848,-0.18594963734983572,0.2886,-0.14551574734667438,-0.2625546615840998,0.0428,-0.2355398306453491,-0.028800508374496,0.4218,-0.12493104387815306,-0.08395328135278046,0.03465,-0.24384757615807798,-0.06508741910005637,0.40825,-0.12689630438580257,-0.10100469235401556
garch,250,0.000629940788348712,0.01,,,0.08,0.88,,,,garch,1.0,-0.07201431375568719,-0.2289460675106993,-0.1152550077824741,0.1758,-0.1710320530484049,0.2529592016669511,0.72555,-0.0910927764259202,0.20964148822198125,0.16365,-0.17469566151882301,0.23695714270934573,0.71345,-0.09255550421302365,0.1969502584416309,0.3321,-0.13823684028246996,0.3962034736586608,0.8404,-0.07877486941616038,0.31651673162145205,0.1779,-0.17033584090418932,0.25600014555293005,0.7278,-0.09087732814842392,0.21151080636825137,0.1734,-0.17165669247428578,0.25023087602819916,0.7213,-0.09162549142883483,0.20501943306651205
garch,250,0.000629940788348712,0.01,,,0.08,0.88,,,,garch,1.0,-0.06984034308696857,-0.2289460675106993,-0.1152550077824741,0.1341,-0.18462029269507846,0.19360793263483053,0.681,-0.09598711945231314,0.1671761487928239,0.35925,-0.1339049421451325,0.4151245155635847,0.86645,-0.07548202727098326,0.34508678865005293,0.4672,-0.119219674797759,0.4792674270669116,0.9104,-0.06984034308696907,0.39403636830443106,0.1462,-0.18014015640580983,0.2131764552042748,0.68215,-0.09585924731878699,0.16828562018141194,0.1371,-0.1834298126907602,0.19880775990097316,0.68055,-0.09604435382348682,0.16667955977448204
garch,250,0.000629940788348712,0.01,,,0.08,0.88,,,,garch,1.0,-0.09552921086901835,-0.2289460675106993,-0.1152550077824741,0.31865,-0.1404371626554271,0.3865928155814946,0.85745,-0.07668117794298139,0.3346824626683017,0.36145,-0.1336008090234445,0.41645292065476963,0.87935,-0.07389152455207143,0.35888664645678403,0.3717,-0.132022178552839,0.42334812740704,0.85475,-0.07701775707168118,0.3317621632802263,0.3138,-0.14116831119663556,0.3833992750714604,0.848,-0.07784364121133877,0.3245964517372075,0.3213,-0.14001112487489892,0.3884536808287576,0.8541,-0.07711328671443479,0.33093330868560505
garch,250,0.000629940788348712,0.01,,,0.08,0.88,,,,garch,1.0,-0.14958246318541665,-0.2289460675106993,-0.1152550077824741,0.009,-0.2997586491803135,-0.30929809120353163,0.17065,-0.17251313889979453,-0.49679516941585944,0.01985,-0.2672754938827229,-0.16741683658852272,0.2693,-0.14950729579009525,-0.29718698273195215,0.038,-0.23970039078438402,-0.046973173160889274,0.32785,-0.13903027951551442,-0.20628406687466835,0.0076,-0.3053924619775666,-0.3339056892221778,0.17075,-0.17243998758652915,-0.4961604784408396,0.00785,-0.30419748628990073,-0.3286862255263884,0.18025,-0.16970163050573506,-0.4724013626030071
garch,250,0.000629940788348712,0.01,,,0.08,0.88,,,,garch,1.0,-0.1521822799273361,-0.2289460675106993,-0.1152550077824741,0.045,-0.23319449497028735,-0.018556455263812385,0.4394,-0.12265906976845106,-0.0642406965947282,0.02365,-0.25936432764286677,-0.13286212103532175,0.3707,-0.13215278384532786,-0.1466120768890639,0.0547,-0.225241274056096,0.016181948416432827,0.36,-0.133816955825485,-0.1610511196011863,0.0431,-0.23524679141867322,-0.027520559651803042,0.4154,-0.12585814688115315,-0.0919972095155364,0.04155,-0.23644653138710248,-0.03276083296802059,0.44605,-0.12184250178483799,-0.057155815865257295
garch,250,0.000629940788348712,0.01,,,0.08,0.88,,,,garch,1.0,-0.288351433025391,-0.2289460675106993,-0.1152550077824741,0.00025,-0.43420987385710913,-0.8965596508305053,0.0156,-0.2766632625598673,-1.4004446130620731,0.0004,-0.4079397337050824,-0.7818158579466242,0.0242,-0.2581713314268045,-1.2400009890595183,0.0004,-0.40007021918763735,-0.7474430704905685,0.02155,-0.2631087498957644,-1.2828400688006651,0.00025,-0.4253835972712907,-0.8580078788704739,0.01825,-0.27074678101180727,-1.3491107780999823,0.00025,-0.42808227224559847,-0.8697952618277358,0.0189,-0.26893171907377295,-1.333362551858395
garch,250,0.000629940788348712,0.01,,,0.08,0.88,,,,garch,1.0,-0.05764980428550547,-0.2289460675106993,-0.1152550077824741,0.2757,-0.14798697163979374,0.35361645103217204,0.8282,-0.08018750428483555,0.3042601286689687,0.5242,-0.11280983615799964,0.507264582508159,0.9441,-0.06409153202834697,0.44391542492184144,0.52195,-0.11303217566803453,0.5062934389001802,0.92485,-0.06764354543808046,0.41309669107179164,0.2667,-0.14999143746281812,0.3448612632064161,0.822,-0.08086609524026492,0.298372393563262,0.2703,-0.1492423046807401,0.348133356019467,0.83025,-0.07995367748433699,0.30628890646350815
garch,250,0.000629940788348712,0.01,,,0.08,0.88,,,,garch,1.0,-0.2795167889251601,-0.2289460675106993,-0.1152550077824741,0.0066,-0.3122200263348599,-0.36372740414189025,0.17065,-0.17253009221126964,-0.4969422633408983,0.0041,-0.32881049063394296,-0.43619191283369274,0.1454,-0.18044527448589584,-0.5656176504404756,0.0015,-0.36383949293308987,-0.589193022134292,0.0929,-0.20223964671824565,-0.7547146159578725,0.0058,-0.3153620873713478,-0.3774514268807436,0.17845,-0.1701718737545625,-0.47648138704511156,0.00655,-0.31303957300026813,-0.3673070535952268,0.1802,-0.16972080222698166,-0.47256770436650586
garch,250,0.000629940788348712,0.01,,,0.08,0.88,,,,garch,1.0,-0.09535306842639038,-0.2289460675106993,-0.1152550077824741,0.19685,-0.1651755190943892,0.2785396102657666,0.70905,-0.09302580880719122,0.19286970174204526,0.2222,-0.1592023914280504,0.30462928165118874,0.76945,-0.08651379380254406,0.24937063068161525,0.35185,-0.1350936926200063,0.40993224260690564,0.7641,-0.08706738561257758,0.24456743973412656,0.2035,-0.1634337863079108,0.2861472219859243,0.7352,-0.09015490911246829,0.2177788119834094,0.17515,-0.17117492448679067,0.2523351619534099,0.71535,-0.092322491894657,0.19897196945315093
garch,250,0.000629940788348712,0.01,,,0.08,0.88,,,,garch,1.0,-0.15403917932974612,-0.2289460675106993,-0.1152550077824741,0.03245,-0.24614432716304122,-0.07511926210105443,0.37065,-0.13217237628318368,-0.1467820689634456,0.0534,-0.2260639597014948,0.012588588397875909,0.39615,-0.12852657620494246,-0.11514960328245667,0.02855,-0.2515672790882921,-0.09880585337651902,0.3389,-0.13726569327572974,-0.19097378861660724,0.03005,-0.24937764996332934,-0.08924190170541026,0.3823,-0.13071330284261024,-0.13412254580131786,0.03155,-0.24695608631713364,-0.07866489694387388,0.3632,-0.13328183180352698,-0.1564081628025717
garch,250,0.000629940788348712,0.01,,,0.08,0.88,,,,garch,1.0,-0.11144146088342356,-0.2289460675106993,-0.1152550077824741,0.0413,-0.23668575752255452,-0.03380573466933882,0.41395,-0.12611480901934702,-0.09422411612143654,0.0464,-0.23165660993706078,-0.011839218099847088,0.4359,-0.12323084662542817,-0.0692016685123758,0.1596,-0.1761001339008433,0.23082263078131424,0.53775,-0.11144146088342308,0.033087906308145024,0.04495,-0.23327516459620068,-0.018908807356121445,0.43735,-0.12296899512482845,-0.06692973685718971,0.04615,-0.23218708225479415,-0.014156236791197097,0.43505,-0.12336886812574249,-0.07039919999469381
regime_switching,250,0.000629940788348712,0.01,,,,,0.98,0.95,3.0,regime_switching,1.0,-0.11200326537432582,-0.24002938927821763,-0.11596189789694042,0.09715,-0.20712814959942202,0.13707171350029906,0.5992,-0.10301698249404848,0.11163076525702056,0.0537,-0.23644935977376724,0.014914963185198863,0.4904,-0.11740949665541825,-0.012483400019585438,0.1674,-0.17937371006960257,0.2527010521128693,0.5837,-0.10482161634467768,0.09606846519676242,0.1238,-0.19524657480592922,0.1865722135399875,0.59105,-0.10401778015269827,0.10300036443744064,0.1554,-0.18330643626682877,0.23631669930902247,0.59435,-0.10360794689949365,0.10653457059167981
regime_switching,250,0.000629940788348712,0.01,,,,,0.98,0.95,3.0,regime_switching,1.0,-0.15526625729451196,-0.24002938927821763,-0.11596189789694042,0.0017,-0.3738665840345769,-0.5575866986905875,0.09365,-0.208886068087677,-0.8013336438605179,0.00185,-0.37120740804940083,-0.5465081553789857,0.12025,-0.196659216702005,-0.6958951195916373,0.00445,-0.34071860109814356,-0.4194870141639916,0.11245,-0.200032824646538,-0.72498750257015,0.00185,-0.3717455342752366,-0.5487500734518265,0.08765,-0.2128692470059216,-0.8356826756587434,0.0016,-0.37657632298944693,-0.5688758952469691,0.0874,-0.2129783913614079,-0.8366238844304668
regime_switching,250,0.000629940788348712,0.01,,,,,0.98,0.95,3.0,regime_switching,1.0,-0.07851476556754236,-0.24002938927821763,-0.11596189789694042,0.4744,-0.11966574881065431,0.5014537629308803,0.91035,-0.06230970365373535,0.46267088773320814,0.37905,-0.13380034547638348,0.4425668211766529,0.85265,-0.07169902068826041,0.38170190391345654,0.39335,-0.13158830556027884,0.4517825256483277,0.8018,-0.07851476556754239,0.32292617668847284,0.455,-0.12239384895707327,0.4900880707770048,0.9099,-0.06240859230060668,0.46181811929232586,0.4732,-0.11986311782958486,0.5006314927100375,0.9111,-0.06214500148905459,0.4640912005054874
regime_switching,250,0.000629940788348712,0.01,,,,,0.98,0.95,3.0,regime_switching,1.0,-0.09323731109683867,-0.24002938927821763,-0.11596189789694042,0.24715,-0.15812883953708887,0.34121050754413235,0.75045,-0.08475227671862866,0.26913686085104344,0.29305,-0.14834467808455862,0.38197285536308817,0.79275,-0.07966944521638894,0.3129687711114034,0.20725,-0.16811999817304862,0.2995857770642367,0.68175,-0.09323731109683892,0.1959659785863256,0.22765,-0.1630294295091443,0.3207938827850068,0.75575,-0.08419938786782763,0.2739047101259182,0.26755,-0.15361506289193258,0.36001560744764616,0.7582,-0.08390784270600524,0.2764188562990129
regime_switching,250,0.000629940788348712,0.01,,,,,0.98,0.95,3.0,regime_switching,1.0,-0.09907881725651163,-0.24002938927821763,-0.11596189789694042,0.09155,-0.21038031190720347,0.12352269636718514,0.5551,-0.10844713505376588,0.06480372414957526,0.13915,-0.1887893666112021,0.21347395342335895,0.62165,-0.10038235086726079,0.13435056955971647,0.1153,-0.198584013576058,0.1726679213190863,0.52715,-0.11223398383507437,0.032147749644277,0.07665,-0.21938569828736965,0.08600484737691814,0.5145,-0.11398510882277377,0.01704688445099007,0.06675,-0.2262882505794455,0.057247734288257544,0.4992,-0.11607095257784522,-0.0009404354609798036
regime_switching,250,0.000629940788348712,0.01,,,,,0.98,0.95,3.0,regime_switching,1.0,-0.1760779119454389,-0.24002938927821763,-0.11596189789694042,0.00105,-0.39551632164125755,-0.6477828937139665,0.06815,-0.22527840186594666,-0.9426932979844795,0.00105,-0.3950839407014855,-0.645981527051858,0.0878,-0.2127493922817263,-0.8346491057847678,0.0029,-0.35870458980409914,-0.49441945789532177,0.0837,-0.21576117358896668,-0.8606212687267462,0.00115,-0.38955695252640543,-0.6229552293484807,0.0782,-0.21870795913960842,-0.886032939319277,0.00115,-0.38990789755025806,-0.6244173212402608,0.0775,-0.21907298110271267,-0.8891807143188605
regime_switching,250,0.000629940788348712,0.01,,,,,0.98,0.95,3.0,regime_switching,1.0,-0.09866276903622596,-0.24002938927821763,-0.11596189789694042,0.0553,-0.2352559587171536,0.019886858752663612,0.4778,-0.11920543554040919,-0.02797071885069887,0.05925,-0.2325341966367102,0.03122614553178632,0.48335,-0.1183412340173965,-0.020518257838196892,0.0908,-0.21093461701880883,0.121213374524255,0.57745,-0.10564051140279015,0.08900670548979164,0.0519,-0.23821943608660134,0.00754054825144086,0.469,-0.12044441046743672,-0.03865504662988588,0.05925,-0.23253399840606215,0.031226971391688972,0.49805,-0.11623282607904772,-0.0023363551909790993
regime_switching,250,0.000629940788348712,0.01,,,,,0.98,0.95,3.0,regime_switching,1.0,-0.1615518669437235,-0.24002938927821763,-0.11596189789694042,0.0452,-0.24455645520512387,-0.018860465131038305,0.42825,-0.12629929482227784,-0.08914477179844572,0.1189,-0.19717801693444395,0.17852552336457736,0.5526,-0.10875995655941634,0.06210610095330373,0.05515,-0.23533586996216632,0.019553935999941464,0.40775,-0.12925462340547061,-0.11463011342177175,0.0517,-0.23852446657264398,0.006269743509738692,0.44525,-0.12375466304200182,-0.06720108316946585,0.0549,-0.23561094966662835,0.018407910901559934,0.41835,-0.12765487976608964,-0.10083468864524102
regime_switching,250,0.000629940788348712,0.01,,,,,0.98,0.95,3.0,regime_switching,1.0,-0.18237254989466387,-0.24002938927821763,-0.11596189789694042,0.0157,-0.2892782756927268,-0.205178568185352,0.27655,-0.15172582741048174,-0.3084110398514349,0.01095,-0.3059809113617428,-0.27476436232181933,0.2847,-0.15018707069382814,-0.2951415371564967,0.00455,-0.33921500267257354,-0.413222787811996,0.15835,-0.18237254989466373,-0.5726937313215146,0.0195,-0.2803080386732904,-0.16780715693271156,0.31015,-0.1452258767405592,-0.25235857099912895,0.01635,-0.28721185826537404,-0.19656954979153535,0.3057,-0.14603131909992548,-0.25930432105991275
regime_switching,250,0.000629940788348712,0.01,,,,,0.98,0.95,3.0,regime_switching,1.0,-0.07336964913605523,-0.24002938927821763,-0.11596189789694042,0.0775,-0.21906476979816178,0.08734188568782214,0.4859,-0.11792311531150204,-0.016912601898811868,0.2154,-0.16568818956788403,0.30971707228803075,0.6383,-0.09824087498984678,0.15281763431332385,0.36125,-0.13659099259543034,0.43094054854629504,0.75115,-0.08463856582890464,0.27011744923210873,0.0759,-0.21992184061999848,0.08377119451365402,0.48465,-0.1181137136434283,-0.018556230844033652,0.0837,-0.2157600638059048,0.10110980803347504,0.49305,-0.11708263494574098,-0.009664700812301275
regime_switching,250,0.000629940788348712,0.01,,,,,0.98,0.95,3.0,regime_switching,1.0,-0.05499923576698478,-0.24002938927821763,-0.11596189789694042,0.46085,-0.12152882515701348,0.4936918953030804,0.8977,-0.06477877214215383,0.441378820828501,0.5929,-0.10382102857542463,0.5674653471076166,0.93705,-0.05702137103403908,0.5082749414405406,0.61795,-0.1007874325582326,0.5801037828688133,0.92595,-0.0593587214300579,0.4881187484287971,0.4337,-0.12544743352116233,0.4773663596012552,0.89565,-0.06510915138214345,0.43852978812050547,0.4429,-0.1240791541949443,0.4830668254080988,0.8978,-0.06476866418233201,0.4414659870443454
regime_switching,250,0.000629940788348712,0.01,,,,,0.98,0.95,3.0,regime_switching,1.0,-0.11187522244465814,-0.24002938927821763,-0.11596189789694042,0.40385,-0.12985485277237047,0.4590043612457142,0.87615,-0.0682540398901627,0.41140977227862763,0.50015,-0.1159470092837137,0.5169466137776998,0.90785,-0.06289931943549365,0.4575863229541605,0.27265,-0.15248720446272993,0.36471444217198634,0.83375,-0.07430444481345805,0.35923397114891026,0.4664,-0.12077549826085537,0.4968303730470908,0.9069,-0.06310009880906652,0.4558548975703564,0.51725,-0.11351082799917986,0.5270961262680643,0.92265,-0.06016835293414484,0.48113687318554704
regime_switching,250,0.000629940788348712,0.01,,,,,0.98,0.95,3.0,regime_switching,1.0,-0.21948992495912592,-0.24002938927821763,-0.11596189789694042,0.01335,-0.2968647736611153,-0.2367851059980821,0.2292,-0.1626840390009811,-0.40290942069234126,0.0038,-0.3464816399599761,-0.44349673596998523,0.1621,-0.18127726879513154,-0.5632485504526605,0.00135,-0.38460984167845935,-0.6023447913399421,0.09415,-0.20860246987830208,-0.7988880284082167,0.0121,-0.3015738892298663,-0.2564040184275624,0.2375,-0.16072532735897826,-0.3860184273787994,0.0091,-0.31384182900117386,-0.307514175430411,0.22135,-0.1643370082593253,-0.4171638377752113
regime_switching,250,0.000629940788348712,0.01,,,,,0.98,0.95,3.0,regime_switching,1.0,-0.15298024873420546,-0.24002938927821763,-0.11596189789694042,0.015,-0.2918919266704774,-0.2160674471914188,0.25475,-0.15625490726457816,-0.34746766048489147,0.01865,-0.2821505325298266,-0.17548327468677768,0.2935,-0.14821554951345312,-0.27814008050452654,0.04895,-0.24100582296010217,-0.004067975529249733,0.383,-0.13329769957938087,-0.14949567053350069,0.0208,-0.2785098395053043,-0.16031557778320235,0.26525,-0.15402933984948716,-0.32827543048992414,0.01855,-0.2824866537262483,-0.1768836081935723,0.2655,-0.1539938080199939,-0.3279690209697485
regime_switching,250,0.000629940788348712,0.01,,,,,0.98,0.95,3.0,regime_switching,1.0,-0.07484722524755294,-0.24002938927821763,-0.11596189789694042,0.1485,-0.18572447416503415,0.22624277500551712,0.6307,-0.09916991243718148,0.14480605926855894,0.2481,-0.15781800450252748,0.34250549494336746,0.7163,-0.089032095868586,0.23222974543145128,0.39325,-0.13163771364034027,0.4515766838544957,0.79455,-0.07943402808072927,0.314998896005262,0.32785,-0.14225342688726414,0.40734996112339206,0.7703,-0.08249204796614051,0.2886279936582772,0.32785,-0.1422596750538441,0.40732393028359054,0.76375,-0.08324258492293099,0.2821557215550946
regime_switching,250,0.000629940788348712,0.01,,,,,0.98,0.95,3.0,regime_switching,1.0,-0.09322047786962419,-0.24002938927821763,-0.11596189789694042,0.3362,-0.14078206202668642,0.41347989739912144,0.8042,-0.07811496330832621,0.3263738803434398,0.42625,-0.12655157375267959,0.47276633860033745,0.8542,-0.07150070102652525,0.383412117917641,0.29365,-0.14819591747373037,0.3825926153486282,0.7417,-0.08590555778707955,0.259191515963054,0.29695,-0.14759929648053438,0.3850782317766417,0.7923,-0.07974265112946145,0.31233747829539954,0.3116,-0.14507420619118044,0.39559815309522284,0.80105,-0.07863792225117265,0.3218641322940312
regime_switching,250,0.000629940788348712,0.01,,,,,0.98,0.95,3.0,regime_switching,1.0,-0.07665397554200262,-0.24002938927821763,-0.11596189789694042,0.6512,-0.096618576346731,0.5974718902661516,0.95295,-0.053148701201123846,0.5416709956889543,0.6245,-0.09999077550499098,0.5834227808283432,0.94245,-0.05574208262955914,0.5193069133871958,0.5866,-0.10446688199014775,0.5647746207067152,0.89765,-0.06478774650478056,0.44130143021322576,0.6332,-0.09882321374873262,0.5882870258267132,0.9508,-0.05363848912642663,0.5374472986454817,0.65425,-0.096244349111835,0.5990309794927722,0.9514,-0.05351269215636482,0.5385321116085604
regime_switching,250,0.000629940788348712,0.01,,,,,0.98,0.95,3.0,regime_switching,1.0,-0.21248847368168766,-0.24002938927821763,-0.11596189789694042,0.02415,-0.2723504628754402,-0.1346546508092776,0.31155,-0.14507925023836948,-0.25109413410348563,0.02345,-0.2739522855852537,-0.14132809490139603,0.3327,-0.14135155505220104,-0.21894827193864433,0.00475,-0.33716548893379034,-0.40468419283016394,0.2034,-0.16905616168419277,-0.4578595620644219,0.0199,-0.27986474529737426,-0.1659603273538456,0.31075,-0.14517807158553186,-0.2519463221838343,0.02255,-0.27592178151958024,-0.1495333231871861,0.302,-0.14669350443837442,-0.26501469102158287
regime_switching,250,0.000629940788348712,0.01,,,,,0.98,0.95,3.0,regime_switching,1.0,-0.1268770334921854,-0.24002938927821763,-0.11596189789694042,0.0202,-0.27938378690415944,-0.1639565794183903,0.29075,-0.1488913083394094,-0.2839675017369459,0.0155,-0.2896287830233393,-0.2066388365785953,0.2861,-0.14993661317979828,-0.29298171122597905,0.0699,-0.22393606407407252,0.06704731138357131,0.4237,-0.12692248332991785,-0.09451885172419737,0.02455,-0.2719387070361819,-0.13293921154370908,0.30485,-0.1462002796446867,-0.26076135606732004,0.0238,-0.2734691087443077,-0.1393151045655086,0.29655,-0.14764015799429686,-0.27317817896969976
regime_switching,250,0.000629940788348712,0.01,,,,,0.98,0.95,3.0,regime_switching,1.0,-0.12571377474259274,-0.24002938927821763,-0.11596189789694042,0.09045,-0.21110773520553264,0.12049213706560721,0.5156,-0.11377731864510074,0.018838767659539304,0.2041,-0.16887455360465886,0.2964421810492686,0.67815,-0.09366493025306644,0.19227839530265461,0.0669,-0.22616603829266818,0.057756889801025404,0.47685,-0.119284004050504,-0.028648256141134056,0.08605,-0.2139870229560178,0.10849657369254136,0.531,-0.11179418424998336,0.035940371126566596,0.09165,-0.21035661471665598,0.12362142257158346,0.53525,-0.11123115646670596,0.04079565371065968
regime_switching,250,0.000629940788348712,0.01,,,,,0.98,0.95,3.0,regime_switching,1.0,-0.1259023337378324,-0.24002938927821763,-0.11596189789694042,0.0457,-0.24428670515103162,-0.017736644190180197,0.462,-0.12139566656042891,-0.046858224658565706,0.06825,-0.22520582182527338,0.06175730187673926,0.48785,-0.11771001405568002,-0.01507491848997861,0.1002,-0.2058386418450458,0.14244400461120782,0.4736,-0.1197855061771107,-0.03297297085951855,0.0494,-0.24065697195245866,-0.0026146076367073935,0.45885,-0.12181805906651264,-0.05050073580872918,0.05225,-0.2377529976758419,0.009483803667629884,0.4541,-0.12249862251903412,-0.05636958984496037
regime_switching,250,0.000629940788348712,0.01,,,,,0.98,0.95,3.0,regime_switching,1.0,-0.144083833104355,-0.24002938927821763,-0.11596189789694042,0.13165,-0.19202512080386244,0.19999329506568683,0.5755,-0.10589491985811983,0.08681280852929366,0.12125,-0.19626409731263886,0.18233305553617227,0.5657,-0.10712022177541441,0.07624639025297711,0.12385,-0.1952163990520909,0.1866979304529416,0.52115,-0.11304049945488706,0.02519274429821519,0.11765,-0.1977499792954561,0.17614263865728352,0.55085,-0.10898284079568527,0.06018405379547769,0.13225,-0.19175963366276674,0.20109935604386134,0.57145,-0.10641665208812001,0.08231363906533866
regime_switching,250,0.000629940788348712,0.01,,,,,0.98,0.95,3.0,regime_switching,1.0,-0.08968363565842032,-0.24002938927821763,-0.11596189789694042,0.24595,-0.15847113537621102,0.3397844495095248,0.7544,-0.08435305161149304,0.2725795874222352,0.2663,-0.15382662248280748,0.35913421708327836,0.75515,-0.0842653555760279,0.273335836130264,0.4243,-0.1268475755209777,0.4715331489097408,0.7112,-0.08968363565842029,0.22661117759451113,0.281,-0.15088731965124533,0.3713798126763881,0.7535,-0.08442231397771897,0.27198230186997996,0.28585,-0.15002376189275776,0.37497752944384033,0.75895,-0.0838087579915586,0.2772733155329822
regime_switching,250,0.000629940788348712,0.01,,,,,0.98,0.95,3.0,regime_switching,1.0,-0.11238003134524936,-0.24002938927821763,-0.11596189789694042,0.13295,-0.19155646015083586,0.20194580869093862,0.63535,-0.09855436988495397,0.15011420412812795,0.08615,-0.2139536172151193,0.10863574723707667,0.55975,-0.10786592520086487,0.0698158002145734,0.17295,-0.17768055904627328,0.25975498425184895,0.526,-0.11238003134524904,0.030888305699124655,0.1397,-0.18851951444231926,0.2145981997904155,0.6342,-0.09868414239186933,0.14899510803476554,0.13525,-0.19039806349472585,0.20677187044776504,0.60805,-0.10207509472801808,0.11975315531023861
regime_switching,250,0.000629940788348712,0.01,,,,,0.98,0.95,3.0,regime_switching,1.0,-0.11456728405292921,-0.24002938927821763,-0.11596189789694042,0.05815,-0.23351886983077777,0.027123842905309916,0.45555,-0.12233726926467864,-0.05497815647519192,0.13335,-0.1914120712780055,0.20254735533180848,0.58595,-0.10457145935587689,0.09822569954129787,0.0668,-0.22619767745825248,0.05762507608571564,0.4431,-0.1240276526000667,-0.06955521468176228,0.05175,-0.23837160885511988,0.0069065726829651624,0.44615,-0.12364290159052989,-0.06623730581243037,0.0481,-0.24180918666980758,-0.007414914469190248,0.44805,-0.12338748070384227,-0.06403467812764878
regime_switching,250,0.000629940788348712,0.01,,,,,0.98,0.95,3.0,regime_switching,1.0,-0.08327281262791349,-0.24002938927821763,-0.11596189789694042,0.21495,-0.16584690012278464,0.3090558592783328,0.75565,-0.08421818546394116,0.2737426086386673,0.2844,-0.15025548680480116,0.37401212719563975,0.79375,-0.07953148915180927,0.31415843829589774,0.4599,-0.12168354107316884,0.4930473245835506,0.8248,-0.0755338614032667,0.34863206990285367,0.2051,-0.16864272109349338,0.29740803157225093,0.75845,-0.08387330887912936,0.2767166595214694,0.21695,-0.16537770149894984,0.31101061417416326,0.761,-0.08361328543644278,0.2789589774500503
regime_switching,250,0.000629940788348712,0.01,,,,,0.98,0.95,3.0,regime_switching,1.0,-0.14194462924194706,-0.24002938927821763,-0.11596189789694042,0.03255,-0.25974895274972204,-0.08215478750665613,0.3496,-0.13854491799568586,-0.19474517499546096,0.02395,-0.2730705032136458,-0.13765445154355774,0.3175,-0.14403719803195467,-0.24210797377571203,0.02315,-0.27453605200183673,-0.14376015715151652,0.24895,-0.15766604935158096,-0.35963667558894685,0.03115,-0.26170460513676014,-0.09030234140794655,0.3515,-0.1382024287687978,-0.19179171154669566,0.0304,-0.2629961194388655,-0.09568299211071694,0.3388,-0.14031892409353963,-0.21004335594995344
regime_switching,250,0.000629940788348712,0.01,,,,,0.98,0.95,3.0,regime_switching,1.0,-0.13912080872275784,-0.24002938927821763,-0.11596189789694042,0.0676,-0.22565389036367903,0.05989057822363571,0.4829,-0.11841772209852303,-0.02117785450325406,0.055,-0.23546153643585324,0.019030389803932693,0.42405,-0.12688782277105815,-0.0942199556256659,0.0878,-0.21274993157594818,0.11365048998499877,0.4813,-0.11872784248428409,-0.02385218453221473,0.06065,-0.23103182752846893,0.037485250355403926,0.4589,-0.12181115971471068,-0.050441239095351094,0.06515,-0.22775273290213718,0.05114647174246897,0.45995,-0.12167156789367575,-0.04923746592876331
regime_switching,250,0.000629940788348712,0.01,,,,,0.98,0.95,3.0,regime_switching,1.0,-0.1249325341629437,-0.24002938927821763,-0.11596189789694042,0.1095,-0.20155898046430928,0.16027374368443426,0.56515,-0.1072081961430712,0.07548774134111667,0.17705,-0.17654586427287702,0.2644823002559781,0.6376,-0.09834025152202511,0.15196065858266922,0.21885,-0.16496333124144993,0.3127369455152792,0.60225,-0.10271194943613329,0.11426122460140174,0.108,-0.2024041545318263,0.15675261625058745,0.56795,-0.10685531554490546,0.07853081501070559,0.0952,-0.20806075309880528,0.13318634137071253,0.57685,-0.1057000257187305,0.08849348246550799
regime_switching,250,0.000629940788348712,0.01,,,,,0.98,0.95,3.0,regime_switching,1.0,-0.08483358986280447,-0.24002938927821763,-0.11596189789694042,0.317,-0.14411664713776093,0.39958749396843407,0.817,-0.07649148362505884,0.34037399342118724,0.37665,-0.1341591702841997,0.44107190087170506,0.8434,-0.07280669531085314,0.3721498472234465,0.5145,-0.11398673569539503,0.5251134203267367,0.83465,-0.07421458054132209,0.3600089176939886,0.3244,-0.14289189944141367,0.40468998454273475,0.8161,-0.0765919062429021,0.33950799674758575,0.33255,-0.1413899008753452,0.4109475456296711,0.8148,-0.0767636976247003,0.3380265499541668
regime_switching,250,0.000629940788348712,0.01,,,,,0.98,0.95,3.0,regime_switching,1.0,-0.11856306450075758,-0.24002938927821763,-0.11596189789694042,0.3371,-0.14060355460166093,0.4142235872679424,0.8359,-0.07397660046006865,0.36206114420605323,0.25705,-0.1555886469045202,0.35179334758804187,0.7949,-0.07938262019732853,0.31544221302863834,0.1627,-0.181118575892549,0.24543166802539002,0.59375,-0.1037044282833226,0.10570256123706666,0.3621,-0.13642313586161334,0.431639865968723,0.83155,-0.07467768767924009,0.3560153030126423,0.3108,-0.145170287643432,0.39519786272852864,0.833,-0.07440799040901272,0.3583410434077077
regime_switching,250,0.000629940788348712,0.01,,,,,0.98,0.95,3.0,regime_switching,1.0,-0.12677295592329338,-0.24002938927821763,-0.11596189789694042,0.0647,-0.22797439651600238,0.05022298643705805,0.4821,-0.11853178765455578,-0.022161501357103694,0.04725,-0.24241780956107317,-0.009950532682842154,0.4375,-0.12493415446118553,-0.07737245359867324,0.0667,-0.22642519201661918,0.05667721482984673,0.42475,-0.1267729559232933,-0.0932293988147819,0.07545,-0.2201477279434791,0.08283011257298055,0.4858,-0.11795363675912793,-0.01717580427976127,0.0717,-0.22250338857422503,0.07301606172766721,0.47195,-0.12007258239451057,-0.03544857899120857
regime_switching,250,0.000629940788348712,0.01,,,,,0.98,0.95,3.0,regime_switching,1.0,-0.13613363911792975,-0.24002938927821763,-0.11596189789694042,0.0239,-0.27318367791283715,-0.13812595505207262,0.34085,-0.1398968155923544,-0.20640329392233484,0.0509,-0.23919599781432307,0.003472039263194425,0.3992,-0.13069770237849432,-0.12707453697118815,0.09945,-0.20622742357748264,0.14082427907007333,0.4811,-0.11877359545196592,-0.024246736264392277,0.0224,-0.276073950044677,-0.15016728107690258,0.3247,-0.1428199306788616,-0.23161084174209434,0.0195,-0.280469824654881,-0.16848118265130008,0.32535,-0.1427300469604833,-0.23083572750191375
regime_switching,250,0.000629940788348712,0.01,,,,,0.98,0.95,3.0,regime_switching,1.0,-0.21026177401003096,-0.24002938927821763,-0.11596189789694042,0.00895,-0.3146635833760101,-0.3109377327594001,0.1707,-0.17846672257933516,-0.5390117427876617,0.00585,-0.328486346776567,-0.3685255283294459,0.14635,-0.18634550284057666,-0.6069545792203981,0.0038,-0.3466015447236992,-0.44399627798058505,0.1194,-0.19691395848015,-0.6980918909688305,0.00795,-0.3194600126543338,-0.33092040776743514,0.1786,-0.17610995876030006,-0.5186881376917047,0.00825,-0.3179841287723021,-0.3247716445411077,0.16895,-0.1789852337573024,-0.5434831354379275
regime_switching,250,0.000629940788348712,0.01,,,,,0.98,0.95,3.0,regime_switching,1.0,-0.19677355101803182,-0.24002938927821763,-0.11596189789694042,0.0009,-0.4062226662937134,-0.6923872010642057,0.0589,-0.2326887864825382,-1.0065969141807014,0.00095,-0.4003438658211477,-0.6678951982713662,0.07445,-0.22081734158573574,-0.9042232456559497,0.00285,-0.3601207491455015,-0.5003193993385794,0.0903,-0.2111878266403165,-0.8211829098210072,0.00065,-0.4210317190466587,-0.754084032429219,0.058,-0.23363412917266302,-1.014749097848521,0.00085,-0.41061128456662416,-0.7106708716018327,0.05935,-0.2321744511067521,-1.0021615316532162
regime_switching,250,0.000629940788348712,0.01,,,,,0.98,0.95,3.0,regime_switching,1.0,-0.11149025647310254,-0.24002938927821763,-0.11596189789694042,0.17325,-0.17757027918376087,0.26021442741772144,0.69415,-0.09177898154658137,0.20854191582696663,0.16365,-0.18075497785956612,0.24694647433338524,0.69665,-0.09142107813847644,0.21162830380953493,0.161,-0.18160986772815668,0.24338486935175668,0.54195,-0.11021250966681971,0.04957997699580943,0.1521,-0.18447339222263093,0.23145497817016,0.6946,-0.09170921295136883,0.20914356685612234,0.1664,-0.1797141306616387,0.2512828066510957,0.69255,-0.09200094028519376,0.20662784971872086
regime_switching,250,0.000629940788348712,0.01,,,,,0.98,0.95,3.0,regime_switching,1.0,-0.09491705104734513,-0.24002938927821763,-0.11596189789694042,0.0149,-0.29213484458700983,-0.2170794812480103,0.2562,-0.15579913328833528,-0.34353728348599183,0.0232,-0.27452005569012894,-0.14369351401354125,0.2845,-0.15021452578593214,-0.295378296752553,0.04895,-0.24103884187690222,-0.004205537504053477,0.40395,-0.12984089887976544,-0.11968587298527827,0.01515,-0.29165283189590696,-0.21507134094255723,0.2465,-0.15831547644867963,-0.36523702457319546,0.0137,-0.2961298462354942,-0.23372328332782052,0.26085,-0.15495874821388783,-0.33629020414623895
regime_switching,250,0.000629940788348712,0.01,,,,,0.98,0.95,3.0,regime_switching,1.0,-0.1329379936568997,-0.24002938927821763,-0.11596189789694042,0.10635,-0.20321425380282684,0.1533776159081854,0.58485,-0.10470675151196071,0.09705900463083632,0.04765,-0.24213016005030408,-0.008752139804228109,0.48125,-0.1187288850454161,-0.023861175081273656,0.0663,-0.22692029018315285,0.05461455838589016,0.457,-0.12214550186351363,-0.05332444603544521,0.1082,-0.20223645129810394,0.15745129416759862,0.58645,-0.10449419710091025,0.09889197231164615,0.102,-0.20488238980911008,0.14642790024503508,0.57735,-0.10565497093651417,0.0888820133798292
regime_switching,250,0.000629940788348712,0.01,,,,,0.98,0.95,3.0,regime_switching,1.0,-0.18997257563738756,-0.24002938927821763,-0.11596189789694042,0.0163,-0.2875410267808826,-0.19794091734156077,0.25115,-0.15708057344200438,-0.35458781108953247,0.0016,-0.3778485060839002,-0.5741760091133535,0.12765,-0.19370463757424217,-0.6704162409138437,0.00185,-0.3705144243476358,-0.5436210768264432,0.11595,-0.19839837307970726,-0.7108927732110003,0.0031,-0.3561559684034993,-0.48380150228470375,0.15365,-0.18390162449472108,-0.5858797400691146,0.0029,-0.35959429835721635,-0.4981261229657642,0.1427,-0.18767930497127572,-0.6184566514949004
regime_switching,250,0.000629940788348712,0.01,,,,,0.98,0.95,3.0,regime_switching,1.0,-0.0420502954340324,-0.24002938927821763,-0.11596189789694042,0.42185,-0.12718658712169748,0.4701207735262963,0.89395,-0.06540907758787351,0.43594336782927656,0.3957,-0.13117027020954936,0.4535241263414201,0.8603,-0.07061232185344962,0.3910730754320236,0.5816,-0.10507158155345868,0.562255347691318,0.9252,-0.059583756378412504,0.4861781545575706,0.45665,-0.12218607251693249,0.49095369994335636,0.9014,-0.06406109937290236,0.4475676878811021,0.4568,-0.12216439517084617,0.49104401115962665,0.9101,-0.06236028120472209,0.46223473109983115
regime_switching,250,0.000629940788348712,0.01,,,,,0.98,0.95,3.0,regime_switching,1.0,-0.05976462959997513,-0.24002938927821763,-0.11596189789694042,0.1649,-0.18029045454411807,0.24888175116279726,0.69585,-0.09155488938434435,0.21047437956118545,0.4581,-0.1219226996529591,0.4920509525121579,0.84545,-0.07255902036473466,0.37428567761782827,0.57555,-0.10589382278075817,0.5588297620587751,0.90235,-0.06396466018111022,0.4483993333917495,0.1644,-0.18043557666556276,0.2482771496934477,0.69035,-0.09223415553189093,0.2046167128631958,0.1692,-0.17887462902570403,0.25478030184724265,0.7005,-0.09085674454844103,0.21649484704718489
regime_switching,250,0.000629940788348712,0.01,,,,,0.98,0.95,3.0,regime_switching,1.0,-0.10896635421990145,-0.24002938927821763,-0.11596189789694042,0.06195,-0.22991121857526786,0.042153882628188546,0.4613,-0.1214628504518012,-0.04743758643679395,0.04635,-0.24351270877018688,-0.014512054138219493,0.4364,-0.12509293530502866,-0.07874170372930017,0.11395,-0.19930782639015898,0.16965240385983882,0.5509,-0.108966354219901,0.06032622614763181,0.0599,-0.23162985345143638,0.03499378077009292,0.4398,-0.12452543258524762,-0.07384783143095784,0.0582,-0.23346476823490545,0.027349238620538837,0.4626,-0.12130751609741787,-0.046098057184509836
regime_switching,250,0.000629940788348712,0.01,,,,,0.98,0.95,3.0,regime_switching,1.0,-0.13692892871098983,-0.24002938927821763,-0.11596189789694042,0.09995,-0.20607191133441385,0.14147216741214852,0.51415,-0.11407711560258757,0.01625346194340424,0.1409,-0.18815816347685596,0.2161036444634612,0.59245,-0.10386828546053042,0.10428953523301275,0.1964,-0.1709598685126567,0.2877544327936549,0.5523,-0.10879916342629467,0.06176799966667959,0.10185,-0.20503429187067798,0.14579505248408098,0.5214,-0.11301589519084623,0.025404919715201684,0.1064,-0.203166047264524,0.15357845189101152,0.5085,-0.11485906074309288,0.009510340670930317
regime_switching,250,0.000629940788348712,0.01,,,,,0.98,0.95,3.0,regime_switching,1.0,-0.24520167232674228,-0.24002938927821763,-0.11596189789694042,0.00585,-0.3285797454467716,-0.3689146418062807,0.1755,-0.17706301848772832,-0.5269068694019712,0.00365,-0.3494698340158903,-0.4559460200551545,0.1367,-0.18974325595818403,-0.6362551786347599,0.00345,-0.35120849564579165,-0.4631895565034602,0.13285,-0.19158096828828092,-0.6521027316968021,0.0043,-0.34174507339362575,-0.42376345838846285,0.1502,-0.1851453164497578,-0.5966047452440215,0.00625,-0.32735540647186623,-0.36381385402947125,0.1728,-0.1777092094303081,-0.5324793113359078
regime_switching,250,0.000629940788348712,0.01,,,,,0.98,0.95,3.0,regime_switching,1.0,-0.055245827114710225,-0.24002938927821763,-0.11596189789694042,0.44195,-0.12420871902369297,0.48252703805481556,0.86385,-0.07016578677150874,0.39492378062087563,0.4259,-0.12662888943489137,0.472444229368446,0.866,-0.06982462348421305,0.3978658098001402,0.51225,-0.11429420569767991,0.5238324521785883,0.78595,-0.08049148559380903,0.3058798876735809,0.4439,-0.1239058968432627,0.48378864264973986,0.8586,-0.0708453718953744,0.38906336322351953,0.4288,-0.1261874760897765,0.47428322644477156,0.86025,-0.07061803179463703,0.391023835627476
regime_switching,250,0.000629940788348712,0.01,,,,,0.98,0.95,3.0,regime_switching,1.0,-0.106250169831821,-0.24002938927821763,-0.11596189789694042,0.1129,-0.19991540272593042,0.16712114576016004,0.59765,-0.10319834327743137,0.11006679651666697,0.08435,-0.21518047442596988,0.10352446809521901,0.53705,-0.11097550504766182,0.043000269396333855,0.18055,-0.17560474999439532,0.2684031296232139,0.57275,-0.10625016983182128,0.08374930249719009,0.1345,-0.191025015612371,0.20415988980851732,0.60205,-0.10273696724089926,0.11404548300679454,0.11225,-0.20015907186681572,0.16610598198534884,0.58305,-0.10487082516862378,0.09564411181139583
regime_switching,250,0.000629940788348712,0.01,,,,,0.98,0.95,3.0,regime_switching,1.0,-0.07202183235200613,-0.24002938927821763,-0.11596189789694042,0.74915,-0.08490421234611738,0.646275763974448,0.9672,-0.049121224216356195,0.5764020328469267,0.55275,-0.1087461827573305,0.5469463840059894,0.9349,-0.057553447395956484,0.5036865691254352,0.6396,-0.09805090638557548,0.5915045791666584,0.9284,-0.05885934653563027,0.4924251189132768,0.7425,-0.08577096433382993,0.6426647395481518,0.96955,-0.04844535538446928,0.5822304027179303,0.76545,-0.08304365630730863,0.6540271316065681,0.96555,-0.0496570090020735,0.5717816808568836
regime_switching,250,0.000629940788348712,0.01,,,,,0.98,0.95,3.0,regime_switching,1.0,-0.1947910546854203,-0.24002938927821763,-0.11596189789694042,0.001,-0.3980197107600686,-0.6582124045598627,0.0632,-0.2290595054175825,-0.9752997283741945,0.0017,-0.3750370574351438,-0.5624630740548152,0.0757,-0.22000329457134224,-0.8972032931615798,0.0064,-0.3268253255350558,-0.36160545388978654,0.10565,-0.20343577277863062,-0.7543329013072159,0.0011,-0.39196215574182225,-0.6329756823548788,0.05935,-0.2322054684572167,-1.0024290104633007,0.00085,-0.40734704033154334,-0.6970715192687847,0.05645,-0.234652268020915,-1.0235290408014799
regime_switching,250,0.000629940788348712,0.01,,,,,0.98,0.95,3.0,regime_switching,1.0,-0.11337487358081995,-0.24002938927821763,-0.11596189789694042,0.0278,-0.2672883372821336,-0.11356504337191876,0.3492,-0.13861622246452088,-0.19536007066488498,0.0426,-0.24665919660851,-0.027620814893661905,0.41605,-0.12799363883440562,-0.10375598498877839,0.11365,-0.19948218719931604,0.1689259894416654,0.55705,-0.1082342021917041,0.06663995541107999,0.0319,-0.2609346566025155,-0.08709461531840437,0.36255,-0.1363718558367295,-0.17600572524199426,0.03245,-0.2599795244916743,-0.08311538546778738,0.36055,-0.13674307069980202,-0.17920690485189011
regime_switching,250,0.000629940788348712,0.01,,,,,0.98,0.95,3.0,regime_switching,1.0,-0.11003661062832934,-0.24002938927821763,-0.11596189789694042,0.2935,-0.14822815439151255,0.3824583113041147,0.7994,-0.0788285126378008,0.32022057186526404,0.2149,-0.16585801004268694,0.30900957361333276,0.76565,-0.08302352223920204,0.28404481346978233,0.23825,-0.16059137051899228,0.33095121809083505,0.62665,-0.09971710357310329,0.14008734436439177,0.32255,-0.14325634956486813,0.403171628292484,0.7923,-0.07973966757495879,0.31236320704386583,0.29075,-0.14889305976610293,0.37968821145680104,0.7983,-0.07898332719082427,0.31888552513154245
regime_switching,250,0.000629940788348712,0.01,,,,,0.98,0.95,3.0,regime_switching,1.0,-0.0919134623358533,-0.24002938927821763,-0.11596189789694042,0.29095,-0.14884034456029713,0.37990783125404465,0.78595,-0.08048327062121485,0.3059507296720576,0.16885,-0.1790579473654043,0.25401656895498503,0.6461,-0.09731714008585635,0.16078348275788268,0.34715,-0.1389879196943765,0.42095457513631446,0.6932,-0.09191346233585342,0.2073822177562127,0.27125,-0.15276712009058216,0.36354826985994587,0.77165,-0.08229269331913025,0.29034713288095043,0.28905,-0.14926572565714857,0.37813562703300907,0.77875,-0.08144668046468997,0.29764274350636605
regime_switching,250,0.000629940788348712,0.01,,,,,0.98,0.95,3.0,regime_switching,1.0,-0.09302864563710296,-0.24002938927821763,-0.11596189789694042,0.3846,-0.13301328363608306,0.44584584397743227,0.87065,-0.06913722870650864,0.40379357392069054,0.3331,-0.1412614829798635,0.41148255467947065,0.85785,-0.07094517091211143,0.38820274418789696,0.3902,-0.13204739252192246,0.4498698975196468,0.80475,-0.07806850707854737,0.32677449667191794,0.35495,-0.137553049620621,0.4269324684187588,0.8585,-0.0708542140507181,0.3889871127006836,0.38755,-0.13252219979744892,0.4478917761031226,0.87285,-0.06881056993085191,0.4066105231219449
regime_switching,250,0.000629940788348712,0.01,,,,,0.98,0.95,3.0,regime_switching,1.0,-0.10910668346190093,-0.24002938927821763,-0.11596189789694042,0.23085,-0.16227196632058002,0.3239495929705054,0.71365,-0.08933783172079865,0.22959322552484912,0.21115,-0.16690408304635088,0.30465146977109264,0.73515,-0.08674456400302735,0.25195632724017314,0.3326,-0.14138252779258104,0.41097826304634383,0.5498,-0.10910668346190044,0.05911609381499132,0.2481,-0.15781914904004257,0.34250072662096104,0.72555,-0.08795824848998537,0.2414900921321839,0.25675,-0.15568303761886526,0.3514001011000643,0.73665,-0.08651848463808265,0.2539059276610427
regime_switching,250,0.000629940788348712,0.01,,,,,0.98,0.95,3.0,regime_switching,1.0,-0.09719444300455936,-0.24002938927821763,-0.11596189789694042,0.1554,-0.18331341558652572,0.23628762237091108,0.6577,-0.09584808047645377,0.17345195090168788,0.074,-0.22107170974381493,0.07898065979090953,0.5128,-0.11423369878085178,0.014903163430668859,0.1467,-0.1862502735491294,0.224052212484501,0.64685,-0.09719444300455976,0.16184156376140016,0.1491,-0.1855351857252582,0.22703138026900235,0.65595,-0.09605059810437248,0.17170553564295607,0.18045,-0.1756205138455339,0.2683374549523497,0.6637,-0.0951900125299037,0.1791268144429428
regime_switching,250,0.000629940788348712,0.01,,,,,0.98,0.95,3.0,regime_switching,1.0,-0.16564284231309656,-0.24002938927821763,-0.11596189789694042,0.0094,-0.3125239265552537,-0.3020235875908003,0.211,-0.1669196063614201,-0.43943492982296345,0.0289,-0.26533767018329535,-0.10543825896145968,0.36035,-0.13677098231519844,-0.17944760128668996,0.01535,-0.29094601097882705,-0.21212661438550787,0.23365,-0.16158642261786355,-0.39344410145366293,0.009,-0.3141599302722973,-0.3088394351083197,0.21435,-0.1660759418993148,-0.4321595706109653,0.01055,-0.3076880147225006,-0.28187642208204766,0.20785,-0.16790953888150184,-0.4479716348789772
regime_switching,250,0.000629940788348712,0.01,,,,,0.98,0.95,3.0,regime_switching,1.0,-0.07209780748027662,-0.24002938927821763,-0.11596189789694042,0.53185,-0.1116900142973377,0.5346819211047611,0.91755,-0.06111573113307896,0.4729671362623373,0.7223,-0.0883210747584426,0.6320405804304663,0.9616,-0.0509531311258431,0.5606045429583516,0.63245,-0.09898229903285069,0.5876242516364507,0.9103,-0.062339365682514,0.4624150965697606,0.54815,-0.10940393225390745,0.5442060966663647,0.9218,-0.06032445790197505,0.479790698531102,0.5352,-0.11125100171348497,0.5365109162339528,0.91055,-0.062240076503121536,0.46327131901172774
regime_switching,250,0.000629940788348712,0.01,,,,,0.98,0.95,3.0,regime_switching,1.0,-0.20506085515704342,-0.24002938927821763,-0.11596189789694042,0.02415,-0.27285001977211687,-0.13673588302079506,0.3317,-0.14154880708266585,-0.22064927920087551,0.0188,-0.2819210598198422,-0.1745272554648216,0.2833,-0.1504657076804167,-0.29754436939399764,0.0161,-0.2877708760032272,-0.19889850517293325,0.19015,-0.1728300626655916,-0.490403880929855,0.0238,-0.2733705729886973,-0.13890458918692658,0.32535,-0.14272633684231015,-0.2308037332155107,0.0262,-0.2699745089003413,-0.12475605471550963,0.2983,-0.14733751120892957,-0.27056829769959273
regime_switching,250,0.000629940788348712,0.01,,,,,0.98,0.95,3.0,regime_switching,1.0,-0.09250058302251422,-0.24002938927821763,-0.11596189789694042,0.1007,-0.20557217237171374,0.14355415813921266,0.53765,-0.11086274766251508,0.0439726352095163,0.1363,-0.1899638302657015,0.20858095403677937,0.60355,-0.10259429282252266,0.11527583901996873,0.1265,-0.1939632351202029,0.19191880751160662,0.51405,-0.11409219224275317,0.016123448202347648,0.0918,-0.21024226219725833,0.12409783306340494,0.558,-0.1081159063939508,0.0676600818482864,0.0947,-0.20840135964228854,0.13176732120610904,0.51895,-0.11335998742336337,0.022437632711819398
regime_switching,250,0.000629940788348712,0.01,,,,,0.98,0.95,3.0,regime_switching,1.0,-0.14075452107912542,-0.24002938927821763,-0.11596189789694042,0.04465,-0.2451473728654844,-0.021322320581895652,0.4111,-0.12881982253766106,-0.11088059848889283,0.0417,-0.2472349711109461,-0.030019581578722886,0.4167,-0.12786046498259568,-0.10260755732223313,0.0373,-0.2529780587013193,-0.05394618326547039,0.37375,-0.13463244925694168,-0.16100591399939368,0.0462,-0.24382903443957027,-0.01582991638139979,0.42295,-0.12702471100315993,-0.09540041433308928,0.05055,-0.2395430592484934,0.0020261270138071546,0.40765,-0.1292753406183569,-0.1148087687668637
regime_switching,250,0.000629940788348712,0.01,,,,,0.98,0.95,3.0,regime_switching,1.0,-0.08192781540125821,-0.24002938927821763,-0.11596189789694042,0.1414,-0.18804358619906772,0.21658099133391226,0.6614,-0.09544812193489217,0.17690100226092872,0.329,-0.14205596810172427,0.40817260532597754,0.803,-0.07835162996762335,0.32433298015476336,0.33995,-0.14010159449557624,0.4163148316259525,0.7793,-0.08134570221195557,0.2985135317097822,0.14215,-0.1878973583671392,0.21719019936617964,0.6644,-0.09512889265682516,0.17965388302483903,0.15635,-0.18303022865068783,0.23746742346397498,0.66595,-0.09493971926058706,0.18128522400553101
regime_switching,250,0.000629940788348712,0.01,,,,,0.98,0.95,3.0,regime_switching,1.0,-0.05223626645864864,-0.24002938927821763,-0.11596189789694042,0.6244,-0.09999991483345401,0.583384704955674,0.93965,-0.056456935499355446,0.5131423638001269,0.66285,-0.09526532121492814,0.603109762927796,0.94735,-0.05450138254375077,0.530006118111415,0.80105,-0.07863496654536786,0.6723944231086544,0.95615,-0.05223626645864863,0.5495393969399077,0.6228,-0.1002444042906124,0.5823661236148907,0.94455,-0.05523411404517087,0.5236873917477666,0.6271,-0.09962584752139138,0.5849431279187431,0.94315,-0.05558499390466663,0.5206615714924996
regime_switching,250,0.000629940788348712,0.01,,,,,0.98,0.95,3.0,regime_switching,1.0,-0.10791268974324719,-0.24002938927821763,-0.11596189789694042,0.3085,-0.14551654748978615,0.39375529001943094,0.80215,-0.07847106733106218,0.3233030094005335,0.1974,-0.1706139324053122,0.28919565675537384,0.7263,-0.087860165348187,0.24233591428219345,0.2311,-0.1622265167728951,0.3241389428989521,0.5634,-0.10742285849233878,0.0736365958083111,0.2127,-0.1664498229428202,0.3065439884534784,0.7215,-0.08843255390092994,0.23739990889487525,0.2227,-0.16407851972309842,0.3164232087725086,0.7341,-0.08685526011735183,0.25100173684167126
regime_switching,250,0.000629940788348712,0.01,,,,,0.98,0.95,3.0,regime_switching,1.0,-0.2620573533377646,-0.24002938927821763,-0.11596189789694042,0.0007,-0.4170392707201683,-0.7374508678884268,0.04805,-0.241831548341085,-1.085439723968726,0.00075,-0.41569989751083275,-0.7318708294882831,0.04785,-0.24197356260632014,-1.0866643871366342,0.0006,-0.4291770532043224,-0.7880187692635592,0.05585,-0.23489286003410143,-1.0256037913665341,0.00085,-0.41221895498229894,-0.7173686781517271,0.06155,-0.2303396297397591,-0.9863389088756581,0.00075,-0.41563069571153805,-0.7315825239624356,0.05395,-0.23622787754861369,-1.0371163445303218
regime_switching,250,0.000629940788348712,0.01,,,,,0.98,0.95,3.0,regime_switching,1.0,-0.061999948536334136,-0.24002938927821763,-0.11596189789694042,0.44925,-0.1232306843305991,0.48660168364731937,0.87885,-0.0678760960890723,0.4146689790348527,0.5027,-0.11560534657834463,0.5183700340780075,0.87995,-0.06775685815425711,0.4156972300119207,0.50815,-0.11492293802932754,0.5212130548892053,0.87695,-0.0680831704264558,0.4128832688909265,0.47375,-0.11974317220759757,0.5011312049425602,0.886,-0.06673115880867894,0.42454237108135845,0.443,-0.12406356737462873,0.4831317625408492,0.88045,-0.06765833027995405,0.4165468873225542
regime_switching,250,0.000629940788348712,0.01,,,,,0.98,0.95,3.0,regime_switching,1.0,-0.13271602246010672,-0.24002938927821763,-0.11596189789694042,0.1374,-0.18940839903000103,0.2108949674889265,0.60895,-0.10195103494724768,0.12082298758291027,0.08365,-0.21582565841285786,0.1008365306354434,0.53965,-0.11061597188705635,0.046100711585758854,0.0855,-0.21443359963408604,0.1066360653630775,0.4527,-0.12273636353441181,-0.058419754767140016,0.1181,-0.1975299811997039,0.17705918515358438,0.59625,-0.10339260281714699,0.10839159506482227,0.10585,-0.20336673533174054,0.15274235399558286,0.57885,-0.10539984248554357,0.09108211923871523
regime_switching,250,0.000629940788348712,0.01,,,,,0.98,0.95,3.0,regime_switching,1.0,-0.10948577038522021,-0.24002938927821763,-0.11596189789694042,0.4956,-0.11668624737210608,0.5138668322117202,0.9048,-0.06347875987317035,0.45258950548061705,0.37315,-0.13473006486727745,0.43869346469439174,0.8652,-0.06989846764635362,0.3972290130291336,0.2288,-0.16278193598049862,0.3218249795577392,0.7326,-0.08701870505392498,0.2495922658038791,0.48795,-0.11768566974651654,0.5097030821917091,0.90445,-0.06359383894472975,0.45159711855313095,0.45445,-0.12247136670819776,0.4897651196943995,0.9023,-0.06399886710272204,0.4481043492440924
regime_switching,250,0.000629940788348712,0.01,,,,,0.98,0.95,3.0,regime_switching,1.0,-0.1075964045715258,-0.24002938927821763,-0.11596189789694042,0.10605,-0.2032823929973665,0.15309373736004364,0.55675,-0.10827054676243736,0.06632653719878442,0.1102,-0.2011930776861047,0.1617981519217125,0.55755,-0.10817478650441632,0.06715232790898944,0.10335,-0.20424440367032937,0.14908585034314256,0.47455,-0.11962470587741172,-0.03158630590650195,0.1012,-0.20539921116161286,0.14427474160868273,0.55045,-0.10901519163786755,0.05990507558997235,0.103,-0.20435133972479969,0.1486403380048748,0.5527,-0.10875496903678622,0.062149110965390206
regime_switching,250,0.000629940788348712,0.01,,,,,0.98,0.95,3.0,regime_switching,1.0,-0.06060770165514146,-0.24002938927821763,-0.11596189789694042,0.27545,-0.15193120315217687,0.3670308306451853,0.77745,-0.0815790270831491,0.29650144950498,0.241,-0.15993726268017466,0.33367633371432,0.7523,-0.08452265499067318,0.27111700891795026,0.4191,-0.12757427388231313,0.4685056098091304,0.84215,-0.07300872777383105,0.37040761579534875,0.2716,-0.1527158066552972,0.3637620496618246,0.7847,-0.08066378011527336,0.30439410204408507,0.27705,-0.15163009850704978,0.3682852797192447,0.7877,-0.08029358136605165,0.30758651917363844
regime_switching,250,0.000629940788348712,0.01,,,,,0.98,0.95,3.0,regime_switching,1.0,-0.06885223413283008,-0.24002938927821763,-0.11596189789694042,0.41095,-0.1288503531557216,0.46318926385147197,0.87665,-0.0681611654420761,0.41221067714281967,0.492,-0.11721554456307522,0.5116616972798657,0.91315,-0.061830103875190945,0.4668067270670094,0.42045,-0.12738243429315754,0.46930484356018254,0.8371,-0.07378450057119909,0.36371772186089885,0.3939,-0.13144964325268554,0.4523602145222204,0.8771,-0.0680382897541183,0.4132702983648438,0.3919,-0.131779464855955,0.4509861261063759,0.8802,-0.06768236580043539,0.4163396164782747
regime_switching,250,0.000629940788348712,0.01,,,,,0.98,0.95,3.0,regime_switching,1.0,-0.13654876259319493,-0.24002938927821763,-0.11596189789694042,0.0094,-0.3124082604633634,-0.3015417045504022,0.174,-0.17742060319044356,-0.5299905090215387,0.00685,-0.324622089956982,-0.352426429668215,0.15185,-0.18457397251269028,-0.591677748123163,0.0251,-0.27128739756433295,-0.1302257543549562,0.1851,-0.1743311320301691,-0.503348385907788,0.0094,-0.31228422769031705,-0.3010249646069339,0.15195,-0.18452693848185137,-0.5912721491144204,0.00885,-0.31516400715286125,-0.31302257652939003,0.16755,-0.1793524451267582,-0.5466497908317719
regime_switching,250,0.000629940788348712,0.01,,,,,0.98,0.95,3.0,regime_switching,1.0,-0.17250404745971704,-0.24002938927821763,-0.11596189789694042,0.02415,-0.2727963000685572,-0.1365120783287063,0.2978,-0.14742032436247376,-0.2712824387670129,0.0199,-0.2799454204384184,-0.16629643261698338,0.3174,-0.14406677888843256,-0.24236306494802262,0.021,-0.2782510495303174,-0.15923741824713428,0.2495,-0.15752135746939758,-0.3583889219318622,0.0109,-0.30612893145926373,-0.27538103721303164,0.2287,-0.16278925423472304,-0.4038167465955051,0.00975,-0.3112379590190863,-0.2966660455829888,0.21595,-0.1655975309629212,-0.42803398328383513
regime_switching,250,0.000629940788348712,0.01,,,,,0.98,0.95,3.0,regime_switching,1.0,-0.07319080243959074,-0.24002938927821763,-0.11596189789694042,0.0393,-0.25010341236117206,-0.04196995673424663,0.4115,-0.1287157714608655,-0.10998331171899157,0.2343,-0.1614490102688124,0.32737815667365155,0.70245,-0.0906427171000978,0.2183405174977793,0.1958,-0.17114736517838472,0.28697329234126356,0.6962,-0.09152104955422187,0.21076619808723746,0.0469,-0.24276388627007173,-0.011392342413055725,0.40775,-0.12925086394622815,-0.11459769364156247,0.03995,-0.24912799075073838,-0.03790619765304899,0.4209,-0.127281878920595,-0.09761810757629256
regime_switching,250,0.000629940788348712,0.01,,,,,0.98,0.95,3.0,regime_switching,1.0,-0.09778055276424302,-0.24002938927821763,-0.11596189789694042,0.1998,-0.16999389910690463,0.2917788125108921,0.72355,-0.08816974790002494,0.23966622227600468,0.23915,-0.16037537323432902,0.33185109658201806,0.74095,-0.08599460289070028,0.25842363353584613,0.34085,-0.13990743203266895,0.4171237428325808,0.7149,-0.08921545198757388,0.2306485698702265,0.1774,-0.17637589061250866,0.2651904371257151,0.69645,-0.09147130906854924,0.2111951362693017,0.18635,-0.1740205077272203,0.2750033308399854,0.7279,-0.0876608908844157,0.24405436204292605
regime_switching,250,0.000629940788348712,0.01,,,,,0.98,0.95,3.0,regime_switching,1.0,-0.16221419988000157,-0.24002938927821763,-0.11596189789694042,0.0369,-0.25341905885578403,-0.05578345892488383,0.37455,-0.13451809497752187,-0.16001977733300835,0.0379,-0.25217692289381965,-0.05060852611478275,0.3954,-0.13124930595159195,-0.13183130262526416,0.0238,-0.2734223804567423,-0.13912042720659884,0.3121,-0.14499574665615023,-0.25037403910906364,0.03535,-0.2556349621729447,-0.06501525892997488,0.3719,-0.13488896874953699,-0.16321801553660106,0.03615,-0.25447858516378313,-0.060197611338407696,0.3773,-0.13407620210394955,-0.1562091043310448
regime_switching,250,0.000629940788348712,0.01,,,,,0.98,0.95,3.0,regime_switching,1.0,-0.08258216037469894,-0.24002938927821763,-0.11596189789694042,0.2968,-0.14761393947108095,0.385017226786417,0.7914,-0.07983246890676268,0.31156293269956037,0.1934,-0.1718892776369195,0.2838823689307356,0.7307,-0.08728089619626958,0.2473312546691905,0.5293,-0.11199125885991737,0.5334268891126973,0.87065,-0.06911881139506237,0.4039523960146738,0.28005,-0.15102141024924864,0.3708211702601134,0.79225,-0.07975543034666278,0.31222727643226095,0.29895,-0.1472261430153844,0.38663284751045696,0.7826,-0.08091799879703462,0.3022018416001659
regime_switching,250,0.000629940788348712,0.01,,,,,0.98,0.95,3.0,regime_switching,1.0,-0.05646986226291772,-0.24002938927821763,-0.11596189789694042,0.2051,-0.16864763881858866,0.2973875435598868,0.7168,-0.08898882461802271,0.23260289602098153,0.3535,-0.13789172184641418,0.42552150692437024,0.80215,-0.07847224785126125,0.32329282915839813,0.59765,-0.10320377211604238,0.5700369341171839,0.9217,-0.06034410742601004,0.4796212504245139,0.2068,-0.1682607634529505,0.29899932687859426,0.7015,-0.09072201615459408,0.21765668034148553,0.20785,-0.16792171683282986,0.3004118481583432,0.71875,-0.08872529222830094,0.23487547343219273
regime_switching,250,0.000629940788348712,0.01,,,,,0.98,0.95,3.0,regime_switching,1.0,-0.15192866495022936,-0.24002938927821763,-0.11596189789694042,0.084,-0.2154725190733676,0.10230776438957735,0.49015,-0.11748111738438655,-0.013101022965287385,0.11365,-0.19945750713887067,0.1690288104358761,0.51365,-0.11412730067284559,0.0158206898763015,0.06185,-0.23007936051259856,0.04145337700328858,0.3468,-0.1390204024197229,-0.19884552547833798,0.08695,-0.21326814839904787,0.11149151759975047,0.49445,-0.1168570834375011,-0.00771965237544034,0.0813,-0.21733369885390058,0.09455379815181927,0.48125,-0.11873724589800164,-0.0239332750790934
regime_switching,250,0.000629940788348712,0.01,,,,,0.98,0.95,3.0,regime_switching,1.0,-0.1274776923313482,-0.24002938927821763,-0.11596189789694042,0.01095,-0.3058832038644848,-0.27435729759715444,0.21195,-0.1666602379679588,-0.43719826072591417,0.0132,-0.29772901437527444,-0.24038566806574374,0.21405,-0.16618989770214943,-0.4331422710056752,0.07225,-0.22221699070577441,0.07420924006850216,0.40505,-0.12964732843352728,-0.11801661394632916,0.0119,-0.30210243476908694,-0.2586060218606004,0.20895,-0.1675945555572177,-0.4452553691917418,0.0132,-0.2976179196816297,-0.2399228301858541,0.2107,-0.16700548297756657,-0.4401754887281204
regime_switching,250,0.000629940788348712,0.01,,,,,0.98,0.95,3.0,regime_switching,1.0,-0.12607879464221497,-0.24002938927821763,-0.11596189789694042,0.25345,-0.15647511928517194,0.34810016491854706,0.75795,-0.08394811057276608,0.27607160545635573,0.1279,-0.19364669244583907,0.19323757383149634,0.65145,-0.09659717461880254,0.16699212094086294,0.11225,-0.20016656871439842,0.16607474894507307,0.42975,-0.1260787946422149,-0.08724328360222014,0.276,-0.1518546266419748,0.3673498603708049,0.75345,-0.08442925310270727,0.2719224621716468,0.2495,-0.15751950611785764,0.34374908592848574,0.75445,-0.08432570918560861,0.27281537543864665
regime_switching,250,0.000629940788348712,0.01,,,,,0.98,0.95,3.0,regime_switching,1.0,-0.06712461071657455,-0.24002938927821763,-0.11596189789694042,0.19425,-0.17166442657431874,0.2848191336464102,0.71535,-0.08915910206646782,0.2311345046654309,0.28935,-0.149202608734966,0.3783985820085326,0.7746,-0.08190218789591625,0.29371466506433247,0.4421,-0.12420223400456024,0.48255405565941906,0.86365,-0.0701788115712485,0.3948114609712668,0.21385,-0.16622657666024163,0.3074740674044348,0.7153,-0.08916932903736377,0.23104631215494753,0.19815,-0.17040039050508532,0.2900853057307306,0.7057,-0.09029747703299884,0.2213177028781513
regime_switching,250,0.000629940788348712,0.01,,,,,0.98,0.95,3.0,regime_switching,1.0,-0.09110132361799195,-0.24002938927821763,-0.11596189789694042,0.4402,-0.12444806782762752,0.481529873479868,0.87375,-0.06869746840751909,0.4075858566184124,0.4757,-0.11943711130895497,0.502406302544412,0.8859,-0.06678516370338224,0.42407665867338035,0.36315,-0.13627426357865297,0.432260091197842,0.82505,-0.07547191326344599,0.3491662810613824,0.4316,-0.12581344808057085,0.4758414856659877,0.87465,-0.06849999981537389,0.40928873140510047,0.42185,-0.1271828729511326,0.4701362473421321,0.87475,-0.06848547157037453,0.40941401604827066
regime_switching,250,0.000629940788348712,0.01,,,,,0.98,0.95,3.0,regime_switching,1.0,-0.05545098284229871,-0.24002938927821763,-0.11596189789694042,0.25945,-0.15517187874990296,0.3535296689438162,0.7812,-0.08110978188680909,0.30054799586934733,0.5291,-0.11203226170522451,0.5332560648422593,0.88835,-0.06639830686160952,0.4274127272337322,0.593,-0.10379518529775968,0.567573014246806,0.9008,-0.06416844035520831,0.4466420305380207,0.29525,-0.14789289938699954,0.38385503611985966,0.78095,-0.08113874520946532,0.3002982300136525,0.29895,-0.14722143424497153,0.386652464984913,0.79415,-0.07949954082927932,0.3144339453642483
regime_switching,250,0.000629940788348712,0.01,,,,,0.98,0.95,3.0,regime_switching,1.0,-0.1608247694424728,-0.24002938927821763,-0.11596189789694042,0.02605,-0.27030639252093847,-0.1261387338182443,0.33155,-0.14157867999261542,-0.22090688890278057,0.01335,-0.29707273502703196,-0.23765150559415665,0.2805,-0.15094323987836378,-0.301662378900633,0.04015,-0.24881505226282843,-0.03660244693797626,0.3677,-0.13554369534774177,-0.16886406488624747,0.0288,-0.2657056646866832,-0.10697138165320359,0.33875,-0.140373494439574,-0.21051394454003386,0.02745,-0.2678388693459443,-0.11585864610725967,0.3333,-0.14120325690704658,-0.21766941959279656
regime_switching,250,0.000629940788348712,0.01,,,,,0.98,0.95,3.0,regime_switching,1.0,-0.11672758259807038,-0.24002938927821763,-0.11596189789694042,0.4195,-0.12751465772837645,0.46875398003627616,0.8634,-0.07021230979933449,0.3945225882579575,0.36925,-0.1352818752742941,0.43639453618119595,0.85205,-0.07180025935544773,0.3808288700202264,0.2948,-0.14798985959379532,0.3834510847242104,0.6133,-0.10139764137158999,0.12559518936378752,0.44215,-0.1241957261266598,0.48258116849722615,0.8661,-0.06980482925907941,0.39803650573986366,0.4207,-0.127324187922859,0.4695475070543226,0.8661,-0.06979695935383376,0.3981043720424025
regime_switching,250,0.000629940788348712,0.01,,,,,0.98,0.95,3.0,regime_switching,1.0,-0.11684222231397287,-0.24002938927821763,-0.11596189789694042,0.29885,-0.14723400558206692,0.3866000908271768,0.7633,-0.08333674754947677,0.2813437080553719,0.21205,-0.16662249715467842,0.3058246006636021,0.69035,-0.09223135294969462,0.20464088099296207,0.34285,-0.1395334153152809,0.4186819550103176,0.79735,-0.07910561402241956,0.3178309819254286,0.28675,-0.14977828133105023,0.3760002398812818,0.7736,-0.08201924906101567,0.29270518550921637,0.26345,-0.15444755805341448,0.3565473023205729,0.7609,-0.0836160011408571,0.27893555851276514
regime_switching,250,0.000629940788348712,0.01,,,,,0.98,0.95,3.0,regime_switching,1.0,-0.23597432280388012,-0.24002938927821763,-0.11596189789694042,0.00315,-0.35389995995855217,-0.47440261804085737,0.0881,-0.21257521744096392,-0.8331471051800764,0.00115,-0.3898061344624353,-0.6239933602906088,0.0775,-0.2190367010410301,-0.8888678524017951,0.00105,-0.39409693713365224,-0.6418695157235733,0.0886,-0.21227049301009393,-0.8305193072878687,0.00305,-0.3566424871134734,-0.4858284153699602,0.0914,-0.21052074225926382,-0.8154302928567218,0.0029,-0.3594731308316017,-0.4976213200915037,0.0849,-0.21485313326766436,-0.8527907628643006
regime_switching,250,0.000629940788348712,0.01,,,,,0.98,0.95,3.0,regime_switching,1.0,-0.1280021778550617,-0.24002938927821763,-0.11596189789694042,0.08265,-0.21643169689439687,0.098311679477169,0.5179,-0.11344534821616042,0.021701522020763617,0.04975,-0.24029871854715115,-0.0011220678840346,0.45665,-0.12219196547544947,-0.053725126024118205,0.05385,-0.23635545994101126,0.015306164583654053,0.416,-0.12800217785506193,-0.1038296214229104,0.07655,-0.21945589729052858,0.08571238734371125,0.5437,-0.10996752796161627,0.05169258216739059,0.0786,-0.21843455314975294,0.08996746687312591,0.52045,-0.11314672921992315,0.024276669561921208
regime_switching,250,0.000629940788348712,0.01,,,,,0.98,0.95,3.0,regime_switching,1.0,-0.10337796405188619,-0.24002938927821763,-0.11596189789694042,0.19445,-0.17160539574317646,0.2850650653271922,0.6626,-0.09528859785794963,0.17827666167868264,0.21615,-0.1655144821824918,0.31044076444054,0.70845,-0.08995710231154845,0.2242529318423486,0.3881,-0.13240793399777145,0.4483678253070183,0.60245,-0.10269262382291375,0.11442787945588438,0.30915,-0.14542044902638185,0.3941556512572497,0.7625,-0.08342699005074636,0.28056549984296586,0.3888,-0.1323067169192938,0.4487895114962888,0.8019,-0.07850639599753775,0.3229983518611496
regime_switching,250,0.000629940788348712,0.01,,,,,0.98,0.95,3.0,regime_switching,1.0,-0.21738583357532282,-0.24002938927821763,-0.11596189789694042,0.0393,-0.25007071300114775,-0.0418337260829808,0.3946,-0.13137930106240514,-0.13295231834827964,0.01335,-0.2969803628045882,-0.23726666845933117,0.2673,-0.1536608090709244,-0.3250973971423646,0.0118,-0.3025081810232216,-0.2602964242540521,0.18165,-0.17521460125619978,-0.5109670023848645,0.01445,-0.29287233642468613,-0.22015198766022082,0.29995,-0.1470793442966697,-0.2683419896023475,0.01815,-0.2830288813237748,-0.17914261322273556,0.2899,-0.14904915369276053,-0.2853286846445543
regime_switching,250,0.000629940788348712,0.01,,,,,0.98,0.95,3.0,regime_switching,1.0,-0.09000447190765168,-0.24002938927821763,-0.11596189789694042,0.10995,-0.20136402607151077,0.16108595419492527,0.5498,-0.10910730874980254,0.0591107016308909,0.22135,-0.16433893248832918,0.3153382884383203,0.72975,-0.08743369353984262,0.24601360338593162,0.34725,-0.13896181760043613,0.42106332054461154,0.795,-0.07937469968219808,0.3155105157666419,0.10285,-0.20441418535681427,0.1483785132666477,0.5438,-0.10995432013260352,0.05180648017399692,0.0922,-0.2097585795080514,0.1261129308423119,0.56365,-0.10737381258111012,0.07405954431224339
regime_switching,250,0.000629940788348712,0.01,,,,,0.98,0.95,3.0,regime_switching,1.0,-0.08818602986363705,-0.24002938927821763,-0.11596189789694042,0.04815,-0.2417741426787436,-0.007268915718081592,0.4266,-0.12649904457910963,-0.09086731825943341,0.14085,-0.18816403352993044,0.21607918890369773,0.5575,-0.1081857848102829,0.06705748377426896,0.30515,-0.14613620079406486,0.39117371737892204,0.71875,-0.08872042185797609,0.23491747317877487,0.053,-0.23711782620632305,0.01213002741310062,0.4377,-0.1248495121016035,-0.07664253833239111,0.04485,-0.24481123977338015,-0.019921937515825997,0.4243,-0.1268465672705505,-0.093864187901475
regime_switching,250,0.000629940788348712,0.01,,,,,0.98,0.95,3.0,regime_switching,1.0,-0.1809969475145251,-0.24002938927821763,-0.11596189789694042,0.00795,-0.3197588586969227,-0.3321654471498522,0.18655,-0.1739758807027808,-0.500284868202136,0.00795,-0.31951805627078345,-0.3311622265573098,0.24575,-0.15854268300012525,-0.36719634531187073,0.007,-0.32429446512658316,-0.35106149335194137,0.1946,-0.1715406612326781,-0.4792846990580697,0.00855,-0.31693514522497374,-0.32040141491846563,0.1851,-0.17433055784473578,-0.5033434344069612,0.0082,-0.3180636845689099,-0.32510308644014774,0.18405,-0.17464505499347338,-0.5060555075485814
regime_switching,250,0.000629940788348712,0.01,,,,,0.98,0.95,3.0,regime_switching,1.0,-0.033069576086648476,-0.24002938927821763,-0.11596189789694042,0.6034,-0.10260688984355149,0.5725236390756299,0.93835,-0.05675468758225911,0.5105746921053407,0.8433,-0.07281303713396406,0.6966494921604512,0.98085,-0.04457994595972932,0.6155638466753179,0.9336,-0.05777449032290812,0.7593024316870556,0.9955,-0.03621101639561799,0.6877334964989962,0.62515,-0.09988786317987239,0.5838515296804236,0.9437,-0.055433080885756165,0.5219715967824055,0.59585,-0.10345120587798087,0.5690060863419072,0.9368,-0.057087995273720285,0.5077004058310906
regime_switching,250,0.000629940788348712,0.01,,,,,0.98,0.95,3.0,regime_switching,1.0,-0.05519013444412922,-0.24002938927821763,-0.11596189789694042,0.4386,-0.12469845267370241,0.48048673102623835,0.87015,-0.06919042597699895,0.4033348260780363,0.3776,-0.13403856915845916,0.4415743440354494,0.8388,-0.07347508425065774,0.3663859803678124,0.8081,-0.07767187804386715,0.6764068005279229,0.94455,-0.05519013444412902,0.5240666508133688,0.4527,-0.12273902420668197,0.48865001666768654,0.87175,-0.06894393685699488,0.40546043047460406,0.427,-0.1264320382932401,0.4732643420314962,0.8753,-0.06837296140477175,0.4103842499582293
regime_switching,250,0.000629940788348712,0.01,,,,,0.98,0.95,3.0,regime_switching,1.0,-0.08781409374505189,-0.24002938927821763,-0.11596189789694042,0.2449,-0.15876733124906195,0.33855045114898397,0.7948,-0.07941161800603172,0.3151921497817522,0.1614,-0.18150907757230128,0.24380477691457006,0.72035,-0.08858275042621783,0.23610468582581706,0.3003,-0.14699947985074563,0.3875771617268134,0.7848,-0.08065505501622494,0.30446934312936097,0.2495,-0.15750859408340445,0.343794547171736,0.79655,-0.0791727989187632,0.31725161148080766,0.24645,-0.15832347327039334,0.3403996329512763,0.78125,-0.0811042679999275,0.3005955449952378
regime_switching,250,0.000629940788348712,0.01,,,,,0.98,0.95,3.0,regime_switching,1.0,-0.18272703170353757,-0.24002938927821763,-0.11596189789694042,0.00935,-0.3126690169256731,-0.3026280567804096,0.2066,-0.16829773924462493,-0.4513192893255101,0.02445,-0.2720114994862505,-0.1332424762826124,0.3003,-0.14699438610552465,-0.26760935075557263,0.0197,-0.28016093488859706,-0.16719429954414053,0.2225,-0.16409373462757829,-0.4150659622129882,0.0107,-0.30691196151734595,-0.27864326297812164,0.22465,-0.16367255782658918,-0.41143393472268774,0.0121,-0.30144666516689145,-0.2558739830708196,0.20945,-0.1674184151675681,-0.44373641863260105
regime_switching,250,0.000629940788348712,0.01,,,,,0.98,0.95,3.0,regime_switching,1.0,-0.19673298946212636,-0.24002938927821763,-0.11596189789694042,0.00735,-0.3230241113871808,-0.34576900086499046,0.1732,-0.17759330013493133,-0.5314797649549078,0.01655,-0.2866312739960568,-0.1941507448649258,0.248,-0.1578534403676388,-0.36125264617459885,0.0132,-0.29758821231275584,-0.23979906463796352,0.2162,-0.16550748019904798,-0.42725742852312176,0.00675,-0.32504789065813344,-0.3542003820264319,0.1699,-0.17863224437339698,-0.5404391236520981,0.00585,-0.3285295569458645,-0.3687055486570709,0.18805,-0.17345552965605987,-0.4957976094028415
regime_switching,250,0.000629940788348712,0.01,,,,,0.98,0.95,3.0,regime_switching,1.0,-0.13301497533320966,-0.24002938927821763,-0.11596189789694042,0.02805,-0.2668898729919379,-0.11190497877985404,0.29305,-0.1483355329603211,-0.27917476042132655,0.01335,-0.2972539317212189,-0.23840639937917102,0.25635,-0.15575434366177954,-0.3431510391473941,0.05715,-0.23416213329789762,0.024443906631447042,0.3843,-0.13311113095106852,-0.14788679182682277,0.02755,-0.2677658827930798,-0.1155545727057316,0.30215,-0.14666315275196806,-0.2647529525802775,0.0271,-0.26835118400799896,-0.1179930291659143,0.3066,-0.145882841350969,-0.2580239198966923
regime_switching,250,0.000629940788348712,0.01,,,,,0.98,0.95,3.0,regime_switching,1.0,-0.12179321373367849,-0.24002938927821763,-0.11596189789694042,0.00895,-0.31448066997550456,-0.3101756869072003,0.21065,-0.16703165975316817,-0.44040122473344917,0.01135,-0.30436550454961053,-0.26803432473354766,0.2306,-0.16231511466391246,-0.39972799348427224,0.0586,-0.2331895261952756,0.028495940032634684,0.36865,-0.13541738540961878,-0.16777482833170917,0.01305,-0.29809390322403617,-0.24190585211428453,0.21455,-0.1659389379396759,-0.4309781139245574,0.01115,-0.3051215794895181,-0.27118425125788354,0.20095,-0.16968538197498273,-0.4632856572060276
regime_switching,250,0.000629940788348712,0.01,,,,,0.98,0.95,3.0,regime_switching,1.0,-0.19545808162697953,-0.24002938927821763,-0.11596189789694042,0.00155,-0.3802216594886641,-0.5840629375928207,0.08155,-0.21719256986776642,-0.8729649463032538,0.00095,-0.4004487294580319,-0.6683320765936396,0.0695,-0.22443688237101228,-0.9354364359444819,0.00525,-0.3334469347996421,-0.3891921143587312,0.12325,-0.19545808162697947,-0.6855371046159509,0.00145,-0.38344443844740095,-0.5974895390953614,0.0802,-0.21789611132102138,-0.8790319516387497,0.00155,-0.3780237426618892,-0.5749060721215375,0.083,-0.21622047935861782,-0.8645821022244813
regime_switching,250,0.000629940788348712,0.01,,,,,0.98,0.95,3.0,regime_switching,1.0,-0.07967744116903097,-0.24002938927821763,-0.11596189789694042,0.2775,-0.15152461133793985,0.3687247557743525,0.7793,-0.08134967186711924,0.2984792993003817,0.13305,-0.1914683824283381,0.20231275426690581,0.67675,-0.09382534058300436,0.19089509326252685,0.46265,-0.12130468103275542,0.49462571480298445,0.79275,-0.07967744116903101,0.31289981783634424,0.3121,-0.1449747315564871,0.39601257999099787,0.7883,-0.08023309988785576,0.3081080825430966,0.2925,-0.14847855730268505,0.38141509358846126,0.7889,-0.08015119372277102,0.30881440217540834
regime_switching,250,0.000629940788348712,0.01,,,,,0.98,0.95,3.0,regime_switching,1.0,-0.13759419160571645,-0.24002938927821763,-0.11596189789694042,0.03915,-0.25028741022333933,-0.04273652062344606,0.369,-0.13531465287890032,-0.16688891207316564,0.0324,-0.26001769405414854,-0.08327440583853883,0.37555,-0.13430481521880172,-0.15818055460047165,0.0412,-0.24773116597448347,-0.03208680703402836,0.32595,-0.14258064705406862,-0.22954737409338757,0.03885,-0.25067422578336696,-0.04434805478262047,0.37685,-0.1341342982646798,-0.15671009786240175,0.03365,-0.25844142516333624,-0.07670742295551672,0.3846,-0.133008913106258,-0.14700531397362862
regime_switching,250,0.000629940788348712,0.01,,,,,0.98,0.95,3.0,regime_switching,1.0,-0.15384523417878573,-0.24002938927821763,-0.11596189789694042,0.23955,-0.16023506603126078,0.33243563834788326,0.7205,-0.08854011274066698,0.2364723728534021,0.0922,-0.20977854075989685,0.1260297691432155,0.54235,-0.11017746948335794,0.049882146795521706,0.08895,-0.21202678432204478,0.11666323461630393,0.4793,-0.11899701843630975,-0.026173429328198404,0.13185,-0.19196001370703628,0.20026454142023511,0.6018,-0.102770142660831,0.11375939403676731,0.1208,-0.19648710261370014,0.18140398055193024,0.57595,-0.10583208641221807,0.08735465414445943
regime_switching,250,0.000629940788348712,0.01,,,,,0.98,0.95,3.0,regime_switching,1.0,-0.07856467112673303,-0.24002938927821763,-0.11596189789694042,0.2803,-0.150991849747072,0.37094432393835897,0.80155,-0.07856942514573162,0.3224548186029247,0.6032,-0.10262208337786898,0.5724603404338963,0.92435,-0.05978065272978643,0.484480214501873,0.5865,-0.1044844976065235,0.5647012312920745,0.91955,-0.06075341474451372,0.47609157967984017,0.4122,-0.12853647808954638,0.46449691649817104,0.8839,-0.06711032613300871,0.4212726132453255,0.4186,-0.12762451901416952,0.46829628072652313,0.88225,-0.06738920136347301,0.4188677265064749
regime_switching,250,0.000629940788348712,0.01,,,,,0.98,0.95,3.0,regime_switching,1.0,-0.1649475215195534,-0.24002938927821763,-0.11596189789694042,0.0657,-0.22741146631999784,0.05256824173140887,0.46845,-0.12050778127745745,-0.03920152621645713,0.0616,-0.23024050075270097,0.040782041544797545,0.52825,-0.11211392420229752,0.033183086551952935,0.031,-0.2621777351282131,-0.09227347499652779,0.2754,-0.1519431270855617,-0.3102849284219125,0.03365,-0.25846405419796603,-0.07680169905519703,0.39595,-0.13111622289413377,-0.13068365792582626,0.0362,-0.2543803860792283,-0.059788498584131565,0.43785,-0.1248193149365135,-0.07638213240908663
regime_switching,250,0.000629940788348712,0.01,,,,,0.98,0.95,3.0,regime_switching,1.0,-0.06339603757798576,-0.24002938927821763,-0.11596189789694042,0.16075,-0.1817184778485758,0.24293238259275718,0.65225,-0.09650622896725657,0.16777639278528209,0.2851,-0.15012343784823073,0.37456226381419094,0.77725,-0.08159408762406956,0.2963715745961212,0.45655,-0.12221270265778317,0.4908427546089923,0.8483,-0.072206819501014,0.37732288958234506,0.15525,-0.1833607380065525,0.23609046976318634,0.67515,-0.09400552718698568,0.18934125008430067,0.1597,-0.1820332199256607,0.2416211178429224,0.6552,-0.09614130896357521,0.17092328853551955
regime_switching,250,0.000629940788348712,0.01,,,,,0.98,0.95,3.0,regime_switching,1.0,-0.05267195119988552,-0.24002938927821763,-0.11596189789694042,0.5778,-0.10556747158094561,0.5601893922307049,0.9373,-0.056997858044691,0.5084777062259961,0.7305,-0.08729838813649186,0.6363012529465529,0.9668,-0.049250230395040465,0.5752895452020719,0.75725,-0.08401192333588975,0.6499931796330504,0.9548,-0.052671951199885755,0.5457822599049108,0.5706,-0.10654524629832098,0.5561158297377302,0.93685,-0.05707376412650207,0.5078231284449517,0.5612,-0.10764963412244627,0.5515147772272595,0.93415,-0.057671554561807,0.5026680693596286
regime_switching,250,0.000629940788348712,0.01,,,,,0.98,0.95,3.0,regime_switching,1.0,-0.07005068080832873,-0.24002938927821763,-0.11596189789694042,0.39125,-0.13189366697013716,0.4505103422262203,0.87665,-0.06816562745365845,0.412172198886916,0.43665,-0.12505535886342847,0.47899980398451525,0.89815,-0.06468962466803392,0.44214758604998033,0.46545,-0.12087071901777596,0.4964336684718431,0.86445,-0.07005068080832866,0.3959163994488495,0.3838,-0.1331788034475951,0.44515626253905183,0.88,-0.06775154493889414,0.4157430486425169,0.42205,-0.127152034489688,0.47026472519868673,0.87685,-0.06810602562179466,0.4126861766067077
regime_switching,250,0.000629940788348712,0.01,,,,,0.98,0.95,3.0,regime_switching,1.0,-0.051178776774190485,-0.24002938927821763,-0.11596189789694042,0.3298,-0.1419451608606417,0.40863424563350725,0.8181,-0.0762958780429373,0.34206080249959137,0.43135,-0.12583942891475228,0.4757332454448233,0.85645,-0.07114142812740495,0.3865103157363728,0.49555,-0.11670986781382862,0.5137684257549378,0.84985,-0.07204220612150303,0.3787424367137422,0.32255,-0.14327429158255206,0.4030968790389118,0.8034,-0.07825330461493557,0.3251808910157529,0.3434,-0.1394743620261185,0.41892798025472616,0.80935,-0.07752610116104428,0.33145194613885537
regime_switching,250,0.000629940788348712,0.01,,,,,0.98,0.95,3.0,regime_switching,1.0,-0.11656204046644625,-0.24002938927821763,-0.11596189789694042,0.06515,-0.22772466032450886,0.05126342649418808,0.45215,-0.12278541680064056,-0.058842766697078844,0.13875,-0.1889434112095343,0.2128321795189407,0.53745,-0.11090503754999317,0.043607947426330174,0.19015,-0.17285122412810494,0.2798747493051636,0.52155,-0.11297471697667798,0.025760020958929618,0.05685,-0.2343590283122299,0.023623611187941717,0.45125,-0.12296114941946416,-0.060358200835452305,0.05885,-0.2329648261015,0.02943207578855735,0.4586,-0.12187898450930118,-0.05102612771670478
regime_switching,250,0.000629940788348712,0.01,,,,,0.98,0.95,3.0,regime_switching,1.0,-0.19934673700007427,-0.24002938927821763,-0.11596189789694042,0.0086,-0.3166005544468606,-0.31900745737385294,0.2067,-0.1682870625198769,-0.45122721835270213,0.0054,-0.33129315725004227,-0.38021914002389506,0.1672,-0.179465758779479,-0.5476269536307244,0.0064,-0.32658230563046814,-0.360592994934996,0.14785,-0.1859241266201887,-0.603320832032486,0.008,-0.31923703259467684,-0.32999143794283364,0.2041,-0.16887385310976988,-0.456287420027001,0.0086,-0.31657649120954806,-0.31890720616134566,0.2029,-0.1691791083735401,-0.45891979556850454
regime_switching,250,0.000629940788348712,0.01,,,,,0.98,0.95,3.0,regime_switching,1.0,-0.0898239291832247,-0.24002938927821763,-0.11596189789694042,0.0924,-0.20963293327587293,0.12663639270902874,0.57675,-0.10570912242831576,0.08841503678852061,0.1544,-0.1836563011012919,0.23485910765528703,0.66965,-0.09457916850542124,0.1843944414442302,0.2731,-0.15240068456108474,0.36507489762248496,0.70965,-0.0898239291832248,0.22540135326989383,0.09735,-0.20699357475582927,0.13763237335948308,0.57255,-0.10629212759682241,0.0833874787795547,0.10215,-0.20482699419821127,0.14665868702937593,0.563,-0.10746130821438182,0.073305023776977
regime_switching,250,0.000629940788348712,0.01,,,,,0.98,0.95,3.0,regime_switching,1.0,-0.0902880706398017,-0.24002938927821763,-0.11596189789694042,0.0774,-0.21915099866322696,0.08698264274126266,0.52285,-0.11280740483614886,0.02720284091585905,0.1948,-0.1714597734805687,0.28567175046289855,0.68705,-0.0926575493270178,0.20096556707474772,0.3214,-0.14345899784426727,0.4023273638463321,0.70575,-0.0902880706398018,0.2213988191186374,0.08195,-0.21688914626663147,0.09640587380224652,0.54125,-0.11033795182684486,0.048498223744956,0.08705,-0.21317518962234075,0.11187879841143213,0.539,-0.11070163369677118,0.04536200506863239
regime_switching,250,0.000629940788348712,0.01,,,,,0.98,0.95,3.0,regime_switching,1.0,-0.13646510316452748,-0.24002938927821763,-0.11596189789694042,0.021,-0.27819716019722013,-0.15901290685184516,0.2763,-0.15176990076833152,-0.308791107430951,0.0397,-0.24980654791370652,-0.040733172987230344,0.36705,-0.13567851210733683,-0.17002666020453797,0.06265,-0.22945128299087467,0.04407004625205247,0.36195,-0.1364651031645276,-0.17680984564265342,0.0236,-0.2737390339630552,-0.14043965526973365,0.27225,-0.1525989130619433,-0.31594011334277683,0.02635,-0.26970679034519823,-0.12364069731720055,0.2697,-0.15316037119790848,-0.3207818600384387
regime_switching,250,0.000629940788348712,0.01,,,,,0.98,0.95,3.0,regime_switching,1.0,-0.10893064777008818,-0.24002938927821763,-0.11596189789694042,0.2669,-0.15372542706569572,0.35955581302790857,0.72805,-0.08760342153650998,0.2445499502399802,0.27235,-0.1525719234519936,0.36436148960430936,0.7481,-0.08502839682338947,0.26675573299984,0.34005,-0.1400765121412701,0.41641932863934566,0.65265,-0.09647759313173432,0.1680233345484093,0.26865,-0.15338976444502445,0.36095423603636034,0.7357,-0.08667622360737709,0.2525456621587082,0.25175,-0.15695222891973795,0.3461124515139481,0.70185,-0.09068322329036449,0.21799121146708045
regime_switching,250,0.000629940788348712,0.01,,,,,0.98,0.95,3.0,regime_switching,1.0,-0.21721650443511203,-0.24002938927821763,-0.11596189789694042,0.0081,-0.31854808503347914,-0.327121174583545,0.1735,-0.1775248538226977,-0.5308895166623655,0.0017,-0.37509676439606926,-0.5627118225980873,0.10995,-0.20137579214331636,-0.7365686125824397,0.00105,-0.3959388253532578,-0.6495431102994053,0.0802,-0.21785786811358226,-0.8787021604906857,0.0009,-0.40544608630801793,-0.6891518473101064,0.0862,-0.21390107750357468,-0.8445806888541647,0.00075,-0.4151152568992349,-0.7294351252049205,0.08055,-0.21770856176899644,-0.8774146139146671
regime_switching,250,0.000629940788348712,0.01,,,,,0.98,0.95,3.0,regime_switching,1.0,-0.17853294785916637,-0.24002938927821763,-0.11596189789694042,0.01615,-0.28765024352885166,-0.19839593140586959,0.2948,-0.14799603471705286,-0.27624708978618434,0.00715,-0.32371702866725216,-0.34865580269436236,0.1976,-0.1705581929240329,-0.47081236179502867,0.0031,-0.35590155322194017,-0.482741568822705,0.12855,-0.19334191803186457,-0.6672883208904928,0.01635,-0.2872628243269631,-0.19678188238023336,0.27905,-0.1512577698462551,-0.3043747350589538,0.01555,-0.2893944046778535,-0.2056623797114151,0.2854,-0.15007338577932922,-0.2941611727733615
regime_switching,250,0.000629940788348712,0.01,,,,,0.98,0.95,3.0,regime_switching,1.0,-0.21900775577928874,-0.24002938927821763,-0.11596189789694042,0.0152,-0.2914794965721494,-0.21434919885704512,0.2572,-0.1555489039081942,-0.3413794248731269,0.01585,-0.28831860022196326,-0.20118040998626924,0.25515,-0.15609078785933586,-0.34605237315156273,0.00785,-0.32047242756339617,-0.33513828672011975,0.15865,-0.18232912309033358,-0.5723192393106238,0.01785,-0.28390482962003916,-0.18279195090966793,0.25585,-0.15596821004924488,-0.3449953206859337,0.01375,-0.2960781615362503,-0.23350795678218644,0.25955,-0.15515907270420579,-0.33801770683419935
regime_switching,250,0.000629940788348712,0.01,,,,,0.98,0.95,3.0,regime_switching,1.0,-0.44472980204195206,-0.24002938927821763,-0.11596189789694042,0.0,-0.5272224230777275,-1.1964911241207425,0.0028,-0.3616922166896285,-2.119060857481632,0.0,-0.5373330892521961,-1.2386137417088303,0.0028,-0.36216860118331384,-2.1231689697350964,0.0,-0.5793032598019029,-1.4134680404924647,0.00205,-0.36966245778918694,-2.1877924084833404,0.0,-0.5242640473429172,-1.184166067827818,0.00315,-0.3543982302017553,-2.0561610031315802,0.0,-0.529918852729333,-1.2077248720368368,0.0031,-0.35635882471209385,-2.0730682334020005
regime_switching,250,0.000629940788348712,0.01,,,,,0.98,0.95,3.0,regime_switching,1.0,-0.1939552411540093,-0.24002938927821763,-0.11596189789694042,0.0195,-0.28050430827785827,-0.16862484682126255,0.29495,-0.14795148198128538,-0.2758628882805564,0.00875,-0.3155840907952802,-0.3147727107262156,0.23715,-0.1608209549993049,-0.38684307445737365,0.00145,-0.38376182841397793,-0.5988118353672113,0.13455,-0.19097594299155024,-0.6468852826234144,0.01895,-0.281453668673855,-0.17258003080457196,0.29725,-0.14755044187480412,-0.27240451002222815,0.022,-0.2766929232776701,-0.1527460204340054,0.278,-0.15143007217839044,-0.3058605880439443
regime_switching,250,0.000629940788348712,0.01,,,,,0.98,0.95,3.0,regime_switching,1.0,-0.0918176010087016,-0.24002938927821763,-0.11596189789694042,0.1319,-0.19191396079454534,0.20045640506088935,0.59395,-0.1036618631774536,0.1060696223721546,0.27805,-0.15142268593580452,0.36914939295083254,0.701,-0.09077341165054945,0.21721347014151926,0.3601,-0.13681684889704823,0.42999959584755654,0.69385,-0.09181760100870186,0.20820888003830776,0.11925,-0.19696825626776038,0.1793994191292349,0.60665,-0.10224687540680069,0.1182718008145121,0.1393,-0.18868949224073214,0.21389004568093745,0.5848,-0.10472076006459793,0.09693820156628426
regime_switching,250,0.000629940788348712,0.01,,,,,0.98,0.95,3.0,regime_switching,1.0,-0.06855526838058411,-0.24002938927821763,-0.11596189789694042,0.13525,-0.19041161938607157,0.20671539448294055,0.616,-0.10102490218816187,0.12880951398409846,0.2474,-0.15804283463455124,0.34156881742775225,0.7131,-0.089424787206168,0.2288433629670059,0.3589,-0.1369915515619495,0.4292717572048527,0.7812,-0.0811081123929244,0.30056239278691227,0.13735,-0.18945617351306754,0.21069593151583102,0.5997,-0.10299017411552687,0.11186194790414689,0.12455,-0.19484128336214543,0.18826072112234035,0.614,-0.10129597960921324,0.12647187182777322
regime_switching,250,0.000629940788348712,0.01,,,,,0.98,0.95,3.0,regime_switching,1.0,-0.12468796691000686,-0.24002938927821763,-0.11596189789694042,0.05955,-0.23181778726163083,0.0342108191054419,0.47745,-0.11922523835688122,-0.028141488878019635,0.03255,-0.2597350667196894,-0.0820969361323956,0.4115,-0.12868639158703693,-0.1097299537250178,0.08025,-0.21777336255931307,0.09272209034830997,0.4386,-0.12468796691000658,-0.0752494497875616,0.05415,-0.2359863352160184,0.016843995955482517,0.485,-0.11805627006471706,-0.018060864868199918,0.06515,-0.22765657628359962,0.05154707526367409,0.49875,-0.1161307384108829,-0.0014559999189779568
regime_switching,250,0.000629940788348712,0.01,,,,,0.98,0.95,3.0,regime_switching,1.0,-0.1416472162132859,-0.24002938927821763,-0.11596189789694042,0.0139,-0.29511831233565594,-0.2295090747974401,0.25265,-0.156669790165164,-0.3510454123853869,0.01465,-0.2924108812588207,-0.21822949322213114,0.25515,-0.15610440458219227,-0.3461697972633042,0.04825,-0.24169891783341438,-0.006955517239856015,0.331,-0.1416472162132857,-0.22149791252272147,0.013,-0.29871422091733496,-0.24449019270342706,0.24655,-0.1582613974566742,-0.36477067318548795,0.01205,-0.30197351349700846,-0.25806891566512097,0.24185,-0.15964668365122978,-0.3767167194272176
regime_switching,250,0.000629940788348712,0.01,,,,,0.98,0.95,3.0,regime_switching,1.0,-0.14128938007512926,-0.24002938927821763,-0.11596189789694042,0.0363,-0.25399949918312253,-0.05820166416668327,0.3665,-0.13576361866897035,-0.17076057852751297,0.05975,-0.23175227182740668,0.0344837666574944,0.3814,-0.13344620346392289,-0.1507762970775229,0.1106,-0.20098452429972183,0.16266701796769964,0.33295,-0.14128938007512926,-0.21841210464404692,0.0449,-0.24478890525536742,-0.019828888418463836,0.36665,-0.13574120214982877,-0.17056726917721662,0.0397,-0.24971572898460714,-0.04035480711556575,0.37685,-0.1341388507713699,-0.15674935650487534
regime_switching,250,0.000629940788348712,0.01,,,,,0.98,0.95,3.0,regime_switching,1.0,-0.3374962471080749,-0.24002938927821763,-0.11596189789694042,0.00375,-0.3472444106749127,-0.44667455814097135,0.1133,-0.1997530012966475,-0.7225744397023866,0.0016,-0.37678483056990686,-0.5697445704583127,0.0983,-0.20665834886299422,-0.7821228576877817,0.00015,-0.4722255188456925,-0.9673654141507513,0.0381,-0.25181845260067526,-1.1715620144857886,0.00455,-0.3399795084027767,-0.4164078383281102,0.1316,-0.192045419102687,-0.6561079336021629,0.00435,-0.34146439400414613,-0.4225941041259551,0.12835,-0.19350757649724937,-0.668716880343116
regime_switching,250,0.000629940788348712,0.01,,,,,0.98,0.95,3.0,regime_switching,1.0,-0.07717568401530618,-0.24002938927821763,-0.11596189789694042,0.44525,-0.12375624112313335,0.48441213180071163,0.88165,-0.06750389067465565,0.4178787006862476,0.35505,-0.13753302996312441,0.4270158734449383,0.84545,-0.07256887245586985,0.37420071789128134,0.29195,-0.1486027311696079,0.3808977658258225,0.7443,-0.0855386260307794,0.2623557601066455,0.46305,-0.12123162566508283,0.4949300748977723,0.8814,-0.06753100383467117,0.4176448897491446,0.4344,-0.12537464622538105,0.47766960286659094,0.8798,-0.06777190600934624,0.41556746449960996
regime_switching,250,0.000629940788348712,0.01,,,,,0.98,0.95,3.0,regime_switching,1.0,-0.0886451301731616,-0.24002938927821763,-0.11596189789694042,0.1602,-0.18185566966515657,0.2423608200145525,0.66535,-0.09501360427061091,0.18064807498189642,0.274,-0.15216905857834626,0.36603988771571894,0.76515,-0.08307876545252546,0.2835684223937021,0.3402,-0.1400586953906085,0.41649355601089866,0.7198,-0.08864513017316164,0.23556675269368382,0.1654,-0.18004921697462364,0.24988678463065653,0.66255,-0.0953095293855005,0.1780961581863246,0.1612,-0.18157790807339094,0.24351801827515246,0.67375,-0.09417181424288547,0.1879072699674215
regime_switching,250,0.000629940788348712,0.01,,,,,0.98,0.95,3.0,regime_switching,1.0,-0.23128272540210584,-0.24002938927821763,-0.11596189789694042,0.00915,-0.3136632974893578,-0.306770385212251,0.2144,-0.16603440062714375,-0.4318013385284932,0.01115,-0.3051545334728272,-0.27132154270960196,0.20235,-0.16930413457615368,-0.459997961801388,0.00345,-0.3513003154771618,-0.46357209229062457,0.11995,-0.1967480537359625,-0.6966612077254866,0.01035,-0.30886813435401755,-0.2867929851540349,0.19675,-0.170855836115313,-0.4733790944604824,0.01025,-0.30918273172182076,-0.28810364702235536,0.1996,-0.17004195697242191,-0.4663605896097391
regime_switching,250,0.000629940788348712,0.01,,,,,0.98,0.95,3.0,regime_switching,1.0,-0.1354390953301767,-0.24002938927821763,-0.11596189789694042,0.1089,-0.2017907922128825,0.1593079796616606,0.58475,-0.10472758926395287,0.09687930981408989,0.1621,-0.18128440439916244,0.24474080051490688,0.6303,-0.09920806302081774,0.14447706686391446,0.14155,-0.18800960211826476,0.216722574332999,0.36845,-0.13543909533017678,-0.16796204431343875,0.1188,-0.19726553403976896,0.1781609134074876,0.5737,-0.106129213408075,0.08479237290169295,0.1186,-0.19733284163628265,0.17788049942686596,0.59275,-0.1038449347650208,0.1044909004739506
regime_switching,250,0.000629940788348712,0.01,,,,,0.98,0.95,3.0,regime_switching,1.0,-0.08362146886280733,-0.24002938927821763,-0.11596189789694042,0.19305,-0.17195197752710603,0.28362115137577254,0.65755,-0.09586425498347985,0.17331246968139552,0.1906,-0.17260140074770033,0.2809155526049422,0.66485,-0.09508868293780579,0.18000063242915723,0.48025,-0.11887833663945896,0.5047342452649942,0.7609,-0.0836214688628071,0.2788884074911869,0.1788,-0.17602084428795445,0.26666961567806596,0.6751,-0.09401843264512436,0.1892299595796373,0.2071,-0.16815124891744804,0.29945558157237057,0.6758,-0.09391704344110377,0.1901042916305899
regime_switching,250,0.000629940788348712,0.01,,,,,0.98,0.95,3.0,regime_switching,1.0,-0.12272138266962154,-0.24002938927821763,-0.11596189789694042,0.0589,-0.23271711505324974,0.03046407878200382,0.48465,-0.11812002631368752,-0.01861066829610802,0.0416,-0.24734894451635264,-0.030494412622326567,0.42075,-0.1273106632153843,-0.09786632958120396,0.12885,-0.19311790893664119,0.19544056868470147,0.45275,-0.12272138266962136,-0.0582905669471566,0.07745,-0.21913545396442713,0.08704740438918658,0.49035,-0.11744086204313592,-0.012753880136645478,0.06105,-0.2307469909393608,0.038671924162160067,0.4902,-0.1174695848852868,-0.01300157220336564
regime_switching,250,0.000629940788348712,0.01,,,,,0.98,0.95,3.0,regime_switching,1.0,-0.07499278502888516,-0.24002938927821763,-0.11596189789694042,0.2237,-0.16387853476583875,0.3172563774018213,0.7157,-0.08911175954407194,0.23154276395796125,0.1829,-0.17494834540909088,0.27113781385200053,0.672,-0.09434822473131266,0.18638599020547786,0.44775,-0.12342585877905425,0.48578855635052437,0.8291,-0.07501642406033433,0.3530942023128651,0.22305,-0.16401484865070157,0.31668847242454856,0.71315,-0.08942020612603799,0.22888286801317279,0.215,-0.16581565362604178,0.309186037073797,0.71565,-0.08911918893720738,0.23147869642138086
regime_switching,250,0.000629940788348712,0.01,,,,,0.98,0.95,3.0,regime_switching,1.0,-0.07166251645006186,-0.24002938927821763,-0.11596189789694042,0.13445,-0.19103624822663784,0.20411309297959312,0.6088,-0.10197273284160972,0.12063587530934841,0.2629,-0.15451266145603007,0.35627607135668404,0.74445,-0.08551506225551456,0.2625589628455812,0.29105,-0.148820277599962,0.3799914333512523,0.7652,-0.08307531072753196,0.28359821429135257,0.1347,-0.19076266067882536,0.2052529015198522,0.62335,-0.1001752041193581,0.13613690413736187,0.12585,-0.19413801150324753,0.1911906617475808,0.60815,-0.1020485356977534,0.11998218769713762
regime_switching,250,0.000629940788348712,0.01,,,,,0.98,0.95,3.0,regime_switching,1.0,-0.09088123761189094,-0.24002938927821763,-0.11596189789694042,0.1603,-0.18184374717313098,0.24241049098218456,0.6758,-0.09391528112987953,0.19011948896054226,0.30925,-0.14537146077552182,0.39435974397692597,0.75655,-0.08408285185820043,0.2749096609911651,0.3958,-0.13115320218997642,0.4535952343820823,0.8137,-0.07687972090698716,0.33702602060451803,0.17705,-0.17654220751386213,0.2644975348863119,0.66945,-0.09461204647126778,0.18411091757610792,0.21395,-0.16621195647189765,0.307534977397115,0.6728,-0.0942744760219492,0.18702196383734268
regime_switching,250,0.000629940788348712,0.01,,,,,0.98,0.95,3.0,regime_switching,1.0,-0.06456355477915131,-0.24002938927821763,-0.11596189789694042,0.3574,-0.13720184521884468,0.4283956409195614,0.83835,-0.07360148827526444,0.36529593245639375,0.34755,-0.13893230837096912,0.42118626061272463,0.817,-0.07648873193315696,0.34039772269737,0.5691,-0.10670794290063336,0.5554380102307039,0.8989,-0.06456355477915153,0.44323475253456507,0.43065,-0.12596210137330238,0.47522217278443374,0.85025,-0.07198391506288296,0.37924511095137736,0.41405,-0.12825016982465598,0.4656897215365513,0.8438,-0.07275680894525637,0.37258004340427403
regime_switching,250,0.000629940788348712,0.01,,,,,0.98,0.95,3.0,regime_switching,1.0,-0.1256959334522074,-0.24002938927821763,-0.11596189789694042,0.21455,-0.16594886029395972,0.30863107724859185,0.73175,-0.08709476216941985,0.2489363855805107,0.13905,-0.18882730838074874,0.21331588207359328,0.64685,-0.09718689068033438,0.16190669139696273,0.09265,-0.20948810312489963,0.12723977778370152,0.52825,-0.11210929667977397,0.033222992095131076,0.2117,-0.1667551340300715,0.3052720146832273,0.74735,-0.08511835263529186,0.26597999705955444,0.21205,-0.1666237717218136,0.3058192906174489,0.7497,-0.08482351728554907,0.26852251624119816
regime_switching,250,0.000629940788348712,0.01,,,,,0.98,0.95,3.0,regime_switching,1.0,-0.11451377274276608,-0.24002938927821763,-0.11596189789694042,0.15335,-0.1840147455727236,0.23336577189123936,0.59765,-0.10319200587571485,0.1101214472410122,0.30445,-0.1462648246903784,0.3906378500974182,0.7611,-0.08359179318749596,0.27914431633581016,0.21385,-0.16622524608792735,0.30747961077692876,0.5831,-0.10486558088828457,0.09568933597928478,0.245,-0.1587167895017066,0.33876101597817987,0.72005,-0.0886125892978635,0.23584736965398106,0.2427,-0.15943919663956166,0.3357513547861592,0.7238,-0.08814580405013339,0.2398727025969186
regime_switching,250,0.000629940788348712,0.01,,,,,0.98,0.95,3.0,regime_switching,1.0,-0.11980238075905371,-0.24002938927821763,-0.11596189789694042,0.09165,-0.21032954860801997,0.12373418421596957,0.53415,-0.11134775849214618,0.03979013355658423,0.16515,-0.18018352271462235,0.24932724589915964,0.6167,-0.10096239857848868,0.1293485152492273,0.1755,-0.17704246176652322,0.26241339738062813,0.47355,-0.11980238075905361,-0.03311848919139259,0.10315,-0.20431332625699544,0.14879870806080234,0.54975,-0.10911807913101154,0.059017823009513255,0.0924,-0.20963865025203843,0.12661257489162442,0.5243,-0.11259110921963661,0.029068070964995356
regime_switching,250,0.000629940788348712,0.01,,,,,0.98,0.95,3.0,regime_switching,1.0,-0.18044429665730308,-0.24002938927821763,-0.11596189789694042,0.1046,-0.20376335661804762,0.15108996764614568,0.54,-0.11050404315017684,0.0470659315322191,0.0915,-0.210479240635142,0.12311054380438428,0.54475,-0.10981936933466514,0.05297023137491563,0.03205,-0.2607167562313783,-0.08618680827114043,0.30715,-0.14581617186962836,-0.2574489941447882,0.12515,-0.19443409489776164,0.18995713198939385,0.5575,-0.10818387118232287,0.06707398598745055,0.0952,-0.2080599926145305,0.133189509667216,0.55125,-0.10891337510807281,0.06078309269422178
regime_switching,250,0.000629940788348712,0.01,,,,,0.98,0.95,3.0,regime_switching,1.0,-0.12471587723295914,-0.24002938927821763,-0.11596189789694042,0.02865,-0.2660664469008955,-0.10847445681952868,0.3461,-0.13909037928396942,-0.19944897252013008,0.0366,-0.25381539553487986,-0.057434659556138364,0.4028,-0.1300857809662275,-0.12179761909243234,0.09195,-0.21007821773557536,0.12478126796350723,0.46035,-0.12161548556235635,-0.04875383870002268,0.0324,-0.26005021062046413,-0.08340987494260715,0.35615,-0.13737725683036706,-0.18467582302300062,0.0232,-0.27452893377274334,-0.1437305014951205,0.32995,-0.14188695743967908,-0.22356532630898476
regime_switching,250,0.000629940788348712,0.01,,,,,0.98,0.95,3.0,regime_switching,1.0,-0.09689759452745252,-0.24002938927821763,-0.11596189789694042,0.31005,-0.14523239701952212,0.39493910534770593,0.7871,-0.08034264151634332,0.30716344787883026,0.2316,-0.16209566195254416,0.32468410455913227,0.76035,-0.0837006748689145,0.2782053727397395,0.40975,-0.12902730997409392,0.4624520340526359,0.64895,-0.09689759452745224,0.1644014431915501,0.29205,-0.14858152113365589,0.3809861301549398,0.7968,-0.07914792499845344,0.3174661122846136,0.32155,-0.14341414285561188,0.4025142367488141,0.77535,-0.08182293757643677,0.29439808195312733
regime_switching,250,0.000629940788348712,0.01,,,,,0.98,0.95,3.0,regime_switching,1.0,-0.10291601090309367,-0.24002938927821763,-0.11596189789694042,0.176,-0.1769389266068879,0.262844741058778,0.67045,-0.09448341012218879,0.1852202159871542,0.11485,-0.1987649019788665,0.1719143119242016,0.6019,-0.10276469261704044,0.11380639261034535,0.1622,-0.181236468931918,0.24494050717328145,0.6003,-0.10291601090309395,0.1125014960124301,0.1346,-0.1908907575480895,0.2047192299155151,0.60235,-0.10269961421387207,0.11436759766432099,0.12425,-0.19500130344954048,0.18759405239533056,0.59425,-0.10361394636439197,0.10648283407298595
regime_switching,250,0.000629940788348712,0.01,,,,,0.98,0.95,3.0,regime_switching,1.0,-0.06391807073901232,-0.24002938927821763,-0.11596189789694042,0.20785,-0.16789880248013858,0.30050731293771954,0.7223,-0.0883083042758422,0.23847137829423057,0.20235,-0.16928418270087187,0.2947356021280591,0.73205,-0.08706716984920475,0.24917432856622848,0.50965,-0.11464841914148628,0.5223567435377777,0.8743,-0.0685885994942204,0.40852469010831816,0.35925,-0.1369306818419389,0.42952534998444375,0.81955,-0.07616536530480639,0.3431862819932687,0.3189,-0.1438338568185208,0.40076564269468173,0.8126,-0.07701918921950389,0.3358233125163779
regime_switching,250,0.000629940788348712,0.01,,,,,0.98,0.95,3.0,regime_switching,1.0,-0.19824863340998722,-0.24002938927821763,-0.11596189789694042,0.01065,-0.30711105099988667,-0.2794727009196145,0.24325,-0.15924683999569378,-0.3732686587901681,0.00495,-0.3356935437144783,-0.39855183868912203,0.18265,-0.17501808788397277,-0.5092723649583396,0.01215,-0.3008735649154907,-0.2534863577340887,0.19525,-0.17129338473798886,-0.4771523047184305,0.0146,-0.2925544123021872,-0.2188274660112055,0.25515,-0.1560927959809345,-0.34606969023273393,0.0146,-0.29248505070645914,-0.2185384947484087,0.24655,-0.15827859108172349,-0.36491894279267023
regime_switching,250,0.000629940788348712,0.01,,,,,0.98,0.95,3.0,regime_switching,1.0,-0.074309002965256,-0.24002938927821763,-0.11596189789694042,0.17235,-0.17787212406407915,0.2589568944080098,0.67435,-0.09408657309577584,0.18864234889123652,0.19015,-0.1728281653077911,0.2799708159592645,0.72755,-0.0877250230717255,0.24350131670240568,0.36755,-0.13556544329660689,0.43521314742223827,0.8034,-0.0782479571798621,0.325227004740782,0.1581,-0.18242944857015542,0.23997036730072344,0.6755,-0.09398313941821293,0.18953431150515332,0.1674,-0.17936654763459214,0.25273089193803383,0.67985,-0.09345796002084439,0.19406320769341068
regime_switching,250,0.000629940788348712,0.01,,,,,0.98,0.95,3.0,regime_switching,1.0,-0.07003216201074362,-0.24002938927821763,-0.11596189789694042,0.18405,-0.17464624650224284,0.27239640517598995,0.7118,-0.08958087545748054,0.22749733246782194,0.2337,-0.16155625309560076,0.3269313662738974,0.72445,-0.08807376852015078,0.24049390258837294,0.37785,-0.134009522203109,0.4416953581972464,0.83815,-0.07364634268940472,0.364909129420623,0.1769,-0.1766176028172377,0.26418342625318864,0.69385,-0.09181043931708566,0.20827063904489598,0.1803,-0.17569979103350064,0.26800717378051014,0.6987,-0.0911251399936446,0.2141803329691029
regime_switching,250,0.000629940788348712,0.01,,,,,0.98,0.95,3.0,regime_switching,1.0,-0.07037953394276254,-0.24002938927821763,-0.11596189789694042,0.31995,-0.14368957121688022,0.4013667590916131,0.83245,-0.07451009043967712,0.3574605815274172,0.29825,-0.1473401755513233,0.3861577701198015,0.81975,-0.07614909234226376,0.343326612246893,0.38565,-0.1328197072943393,0.4466523133115661,0.854,-0.07152806110269314,0.38317617769361845,0.3157,-0.1443617867467579,0.3985662039933434,0.8353,-0.07412536402841402,0.3607782782729898,0.31575,-0.14436029547965692,0.39857241684546735,0.83485,-0.07418873914972857,0.36023176150788067
regime_switching,250,0.000629940788348712,0.01,,,,,0.98,0.95,3.0,regime_switching,1.0,-0.21676496880907178,-0.24002938927821763,-0.11596189789694042,0.0136,-0.29656830681800495,-0.23554997873303407,0.2564,-0.155737044010286,-0.343001855218817,0.0115,-0.30371095607770837,-0.26530737336367405,0.24205,-0.15955762858214587,-0.3759487510626169,0.0098,-0.31113484082145604,-0.29623643903380603,0.20055,-0.16982584058567946,-0.46449690515250014,0.014,-0.2946318190704911,-0.22748226771924113,0.25545,-0.15604511423913014,-0.3456585056741064,0.0115,-0.30334216914480633,-0.26377094928656,0.24715,-0.15810165321681668,-0.36339311518795087
regime_switching,250,0.000629940788348712,0.01,,,,,0.98,0.95,3.0,regime_switching,1.0,-0.11056089065875016,-0.24002938927821763,-0.11596189789694042,0.40395,-0.12984297213867552,0.4590538578249901,0.8361,-0.07396631805287818,0.36214981477265273,0.1518,-0.18460035407369818,0.23092603522926,0.6741,-0.0941281205192124,0.18828406376318962,0.2924,-0.14851672874707425,0.3812560653773577,0.5398,-0.11056089065874987,0.046575705780450595,0.38725,-0.13255916925951228,0.44773775553849704,0.83745,-0.07373802711221289,0.36411848676582914,0.3918,-0.13181625556580762,0.45083285025143466,0.83335,-0.0743699971658672,0.3586686789831386
iid_gaussian,1000,0.000629940788348712,0.01,,,,,,,,iid_gaussian,1.0,-0.19969942872265142,-0.31860438081010134,-0.1877699922255217,0.1528,-0.2608042735915042,0.18141654886110273,0.7376,-0.1558461367494837,0.1700157469128282,0.1844,-0.24994501140223283,0.21550039341358507,0.7501,-0.15411544430345597,0.17923283440116908,0.1235,-0.27293628164950506,0.1433379511119025,0.69375,-0.1618728672119479,0.13791940185240026,0.16585,-0.2558350929574531,0.1970132604361796,0.7333,-0.15640270099993836,0.16705167238815014,0.17625,-0.2523953375580826,0.2078095821647899,0.72115,-0.15804273135146274,0.1583174208068079
iid_gaussian,1000,0.000629940788348712,0.01,,,,,,,,iid_gaussian,1.0,-0.1727919384754366,-0.31860438081010134,-0.1877699922255217,0.0465,-0.32124584899266834,-0.008290746586254252,0.51045,-0.1864241796776474,0.007167346240595841,0.04675,-0.320941975955618,-0.007336983689844375,0.50765,-0.18677125672951994,0.005318930272959876,0.0687,-0.30378784986724644,0.04650447964708319,0.54895,-0.18092070719758924,0.036476994788954976,0.05105,-0.3175544124404141,0.00329552395675643,0.51645,-0.1854788660167289,0.012201769737738802,0.04785,-0.32002327671336384,-0.004453472672455827,0.49715,-0.18820032463311848,-0.0022918060681384883
iid_gaussian,1000,0.000629940788348712,0.01,,,,,,,,iid_gaussian,1.0,-0.236312478633563,-0.31860438081010134,-0.1877699922255217,0.00345,-0.43750788803588125,-0.3732011057834459,0.1604,-0.2580515342058938,-0.37429591995700895,0.00225,-0.44660807983352013,-0.4017637758085731,0.14965,-0.2621303371966095,-0.39601825664335694,0.00045,-0.5041205923510661,-0.5822776544040633,0.07715,-0.2968498704581135,-0.5809228457632415,0.00345,-0.4373191765996411,-0.37260879931308183,0.1715,-0.2540852323453836,-0.3531727265569345,0.00265,-0.4416196948399746,-0.3861067877255411,0.1683,-0.25509280881699964,-0.3585387409007274
iid_gaussian,1000,0.000629940788348712,0.01,,,,,,,,iid_gaussian,1.0,-0.15437094550093397,-0.31860438081010134,-0.1877699922255217,0.07405,-0.29931004928992394,0.06055890214415304,0.56555,-0.1786241973327537,0.04870743607308364,0.0926,-0.2877799427061589,0.09674831848063883,0.6246,-0.17109303649909083,0.08881587270026071,0.1063,-0.2805780177712992,0.11935291957415707,0.6217,-0.17153401186221545,0.08646738582065863,0.0661,-0.3058132265480402,0.04014745255397185,0.56055,-0.17938680614910857,0.04464603729835857,0.0774,-0.2965331801881791,0.06927463007822673,0.5559,-0.18000073750032522,0.04137644483611206
iid_gaussian,1000,0.000629940788348712,0.01,,,,,,,,iid_gaussian,1.0,-0.15825236320178618,-0.31860438081010134,-0.1877699922255217,0.0996,-0.2839797663309753,0.10867588948741863,0.6599,-0.16641337896471756,0.11373815915779412,0.07155,-0.30093863596649373,0.05544727539115972,0.57985,-0.17675641316905344,0.05865462806879375,0.1194,-0.27485225665796537,0.13732430182186878,0.6981,-0.16136771430403318,0.1406096768102221,0.1209,-0.2740176848996691,0.13994376284802992,0.6537,-0.1672038986516727,0.1095281164476379,0.11235,-0.27762764639486087,0.12861321715367105,0.6469,-0.16810232319507024,0.10474340866366741
iid_gaussian,1000,0.000629940788348712,0.01,,,,,,,,iid_gaussian,1.0,-0.14631843330851263,-0.31860438081010134,-0.1877699922255217,0.081,-0.29470216584612846,0.07502161427660778,0.5912,-0.17539247324327797,0.06591851464411672,0.1153,-0.27663931949481385,0.13171526772037714,0.6295,-0.17041983590930282,0.09240111324806592,0.23,-0.23687005327321886,0.2565386179846624,0.77065,-0.15119440673973844,0.1947893007411645,0.0814,-0.2943982303404201,0.07597557324269462,0.6088,-0.17323509015739535,0.07740801336706223,0.0996,-0.28404535861171987,0.10847001573082507,0.58315,-0.17632773518667158,0.06093762322313659
iid_gaussian,1000,0.000629940788348712,0.01,,,,,,,,iid_gaussian,1.0,-0.2259455627099922,-0.31860438081010134,-0.1877699922255217,0.07575,-0.29795039369478576,0.06482643792530282,0.5504,-0.18072582346130672,0.03751488020383239,0.0471,-0.32071036876742337,-0.006610040803479312,0.49805,-0.18808471398121768,-0.0016761025122585644,0.0444,-0.323134219794151,-0.01421775486115998,0.4409,-0.19641350960317688,-0.04603247449290967,0.08375,-0.2926869362637153,0.08134679278573294,0.57085,-0.17789457973190048,0.05259313469939506,0.052,-0.31681592075879117,0.005613419522866357,0.55265,-0.18050037601969376,0.03871553766214545
iid_gaussian,1000,0.000629940788348712,0.01,,,,,,,,iid_gaussian,1.0,-0.14807376407407183,-0.31860438081010134,-0.1877699922255217,0.074,-0.2993285984787601,0.06050068201300173,0.5701,-0.17800708289939937,0.051993980563180546,0.11115,-0.27802113203462053,0.1273781881852709,0.6146,-0.17251569632268365,0.08123926364398439,0.18545,-0.2495449703801493,0.21675599768703027,0.71285,-0.1593079632697056,0.15157921997265525,0.0731,-0.29989190597946497,0.05873263507255294,0.5697,-0.17809336692759192,0.05153446076893717,0.08545,-0.29150213592572394,0.08506551233057662,0.5728,-0.17766495842832375,0.05381602074660193
iid_gaussian,1000,0.000629940788348712,0.01,,,,,,,,iid_gaussian,1.0,-0.17361910919092818,-0.31860438081010134,-0.1877699922255217,0.02935,-0.3419510032343367,-0.07327778219769898,0.3934,-0.20382134827596143,-0.08548413865385474,0.02185,-0.3547423515872302,-0.11342584394239166,0.4091,-0.20125280022464623,-0.07180491323092218,0.0417,-0.3261600881794526,-0.02371501405642846,0.45415,-0.1942833338718314,-0.03468787301480425,0.0231,-0.3521877013814595,-0.10540759196708885,0.40525,-0.20187666046113645,-0.07512738360595916,0.0228,-0.35265321788414067,-0.10686870339781533,0.4078,-0.20147123446680504,-0.07296822074118964
iid_gaussian,1000,0.000629940788348712,0.01,,,,,,,,iid_gaussian,1.0,-0.16637799539238604,-0.31860438081010134,-0.1877699922255217,0.06425,-0.30756498694753487,0.03464922181702929,0.53665,-0.18267019147519076,0.027159828308486164,0.06225,-0.3087342190703736,0.030979366054639114,0.5334,-0.18314881507608644,0.02461083954184221,0.0949,-0.2865392902150341,0.10064234055268399,0.6175,-0.1721278916513975,0.08330458125245711,0.0764,-0.29747490344444333,0.06631885384605515,0.5473,-0.18115168951407568,0.03524686044347864,0.0591,-0.3106481786129093,0.02497204268491908,0.5361,-0.1827616763149604,0.026672610736150286
iid_gaussian,1000,0.000629940788348712,0.01,,,,,,,,iid_gaussian,1.0,-0.11017780912610525,-0.31860438081010134,-0.1877699922255217,0.0777,-0.2962184300869496,0.07026253269409534,0.56505,-0.17868457066547067,0.048385907952421765,0.2038,-0.2437880643302424,0.2348251341981764,0.76995,-0.1512807611329151,0.19432940620661635,0.2197,-0.2394729046811067,0.2483690774363821,0.80735,-0.1457615641678072,0.2237227980883131,0.06815,-0.30424931418169154,0.045056086774167385,0.5658,-0.17859412422575766,0.04886759535433836,0.0721,-0.30054937661454095,0.05666903935737708,0.5431,-0.18173326964539596,0.032149559727708374
iid_gaussian,1000,0.000629940788348712,0.01,,,,,,,,iid_gaussian,1.0,-0.220839274524321,-0.31860438081010134,-0.1877699922255217,0.1605,-0.25794200467951733,0.190400320222655,0.7013,-0.16087557280688292,0.1432306573583769,0.14895,-0.2623612310926861,0.176529743798275,0.7317,-0.15665353910678012,0.1657157927629303,0.096,-0.2860042117441547,0.10232178535353353,0.5498,-0.18079267894060325,0.037158830344618324,0.15855,-0.2587318428158533,0.18792126411448817,0.71805,-0.15850434792597423,0.15585900575848077,0.14785,-0.26274283306233237,0.17533201397210005,0.70955,-0.1597584808459161,0.14917991446664333
iid_gaussian,1000,0.000629940788348712,0.01,,,,,,,,iid_gaussian,1.0,-0.13753844311504734,-0.31860438081010134,-0.1877699922255217,0.3524,-0.21123953358801198,0.33698484292368325,0.90275,-0.13063823082982684,0.3042645990370847,0.3975,-0.20322399820091622,0.3621431140269085,0.9071,-0.12978847545789862,0.3087901111375891,0.4539,-0.19432159614047223,0.39008498362018984,0.92,-0.12689321714985546,0.324209285808299,0.34065,-0.21349184215456446,0.3299155472635745,0.90055,-0.1310701188520808,0.3019645082870395,0.34315,-0.21305774566470612,0.3312780410521238,0.8972,-0.13162508415882032,0.2990089492002981
iid_gaussian,1000,0.000629940788348712,0.01,,,,,,,,iid_gaussian,1.0,-0.14928577957234185,-0.31860438081010134,-0.1877699922255217,0.22025,-0.23935379167107584,0.24874293610627232,0.79445,-0.14764514686525348,0.2136914684007451,0.2443,-0.2338542387865028,0.26600432112109723,0.82205,-0.14383979448827552,0.2339574988344447,0.2859,-0.22411254537684216,0.29658046506767716,0.84195,-0.14079527445521772,0.2501715913897726,0.21785,-0.23998578969061274,0.24675929100406144,0.80665,-0.14589960692662207,0.2229876286548017,0.25305,-0.23168297590377931,0.2728192396015108,0.8047,-0.14612819161977258,0.22177026324704277
iid_gaussian,1000,0.000629940788348712,0.01,,,,,,,,iid_gaussian,1.0,-0.27384696993991536,-0.31860438081010134,-0.1877699922255217,0.00945,-0.3938606829236206,-0.2362061121763874,0.28475,-0.22431345978044953,-0.19461825141387437,0.0126,-0.3825350027425144,-0.2006583266992735,0.2674,-0.22820004124722915,-0.21531688073538824,0.0073,-0.4044514829178763,-0.2694473374455659,0.2459,-0.23349248020994307,-0.243502635551618,0.0107,-0.3900837253135301,-0.22435141764743272,0.28075,-0.22513400838440706,-0.19898821806420053,0.01085,-0.3899204780070721,-0.2238390351558834,0.2824,-0.22481372407289557,-0.19728249124536565
iid_gaussian,1000,0.000629940788348712,0.01,,,,,,,,iid_gaussian,1.0,-0.44200305031645626,-0.31860438081010134,-0.1877699922255217,0.0166,-0.36802080301890144,-0.15510277066232153,0.34605,-0.21247068348267342,-0.13154759695300447,0.02305,-0.352208500238093,-0.10547287310534767,0.34345,-0.2130002269315991,-0.13436776775159331,0.0038,-0.4316328958040101,-0.35476133349615635,0.17345,-0.2534301613254773,-0.3496840380176096,0.01475,-0.37495650674981046,-0.17687178624608063,0.34745,-0.21212153865864464,-0.12968816872440103,0.0184,-0.36344851632895586,-0.14075178566230417,0.34955,-0.21177595124406515,-0.1278476860653592
iid_gaussian,1000,0.000629940788348712,0.01,,,,,,,,iid_gaussian,1.0,-0.1464238321677953,-0.31860438081010134,-0.1877699922255217,0.17635,-0.2523328138998451,0.20800582447030536,0.74775,-0.15452228414669306,0.1770661418513369,0.1434,-0.2644451921365082,0.16998883862138042,0.70135,-0.1608667245179894,0.14327778037728237,0.1573,-0.25925123865969285,0.1862910421994006,0.69735,-0.1614637399052227,0.1400982766655484,0.1879,-0.2487545575562879,0.2192368575604936,0.74365,-0.15514265002694372,0.1737622812456147,0.1668,-0.25548499526466695,0.19811210814158772,0.74835,-0.15447899656214914,0.17729667700783797
iid_gaussian,1000,0.000629940788348712,0.01,,,,,,,,iid_gaussian,1.0,-0.11927252830634376,-0.31860438081010134,-0.1877699922255217,0.16045,-0.25803496330154385,0.19010855203732696,0.73985,-0.1555789230207584,0.17143883760776923,0.19935,-0.2452521542882944,0.23022981145236443,0.7602,-0.15271670590353695,0.18668204597827276,0.3954,-0.20349907477373527,0.3612797342701091,0.9061,-0.12996413248233962,0.30785462074128533,0.1603,-0.25810174985032136,0.18989892984504042,0.72225,-0.15787512235600637,0.15921005010007144,0.1513,-0.26148537819240025,0.17927877348223245,0.7243,-0.15762573935918128,0.16053818029739056
iid_gaussian,1000,0.000629940788348712,0.01,,,,,,,,iid_gaussian,1.0,-0.26141164101050735,-0.31860438081010134,-0.1877699922255217,0.0154,-0.37307495315331285,-0.17096617505607292,0.33455,-0.21473812281314925,-0.14362321832147376,0.01465,-0.3754536066940494,-0.17843202827092353,0.31595,-0.2183577667690858,-0.16290022799184312,0.0145,-0.376192763979524,-0.18075201296038435,0.3062,-0.22009288263594257,-0.17214087313589146,0.01295,-0.381590175799292,-0.197692808959624,0.3093,-0.21960337151954723,-0.1695339011134002,0.01255,-0.3828514840918485,-0.2016516631641689,0.33355,-0.21495815299357324,-0.1447950252636593
iid_gaussian,1000,0.000629940788348712,0.01,,,,,,,,iid_gaussian,1.0,-0.14944404103390596,-0.31860438081010134,-0.1877699922255217,0.04065,-0.3274295124616424,-0.02769934182669369,0.4439,-0.19594886524390703,-0.043557934478487194,0.05755,-0.31170668253609135,0.0216497282820516,0.5126,-0.18610680357942128,0.008857584890895961,0.1109,-0.2782360911452952,0.12670349843327164,0.5773,-0.17712703297981924,0.05668083126360099,0.0467,-0.3210964818834921,-0.00782192971438185,0.4583,-0.193620672987715,-0.031158763404358563,0.04815,-0.3197568409660135,-0.00361721377773221,0.46485,-0.19260204596975633,-0.02573389755712973
iid_gaussian,1000,0.000629940788348712,0.01,,,,,,,,iid_gaussian,1.0,-0.23802170353856134,-0.31860438081010134,-0.1877699922255217,0.0018,-0.45207908188244744,-0.41893554863547655,0.14905,-0.26233031942408547,-0.3970832949122821,0.00125,-0.4615154633386561,-0.44855341337486027,0.14155,-0.26504875987546794,-0.41156079698363274,0.0087,-0.39748960726033084,-0.24759617632893655,0.25485,-0.23126438474090494,-0.23163654639312206,0.00145,-0.45719106665173953,-0.43498047794967515,0.1402,-0.26560278335998533,-0.41451134024110897,0.00115,-0.46432827978067504,-0.45738196882305243,0.14705,-0.2630689951613993,-0.4010172341352579
iid_gaussian,1000,0.000629940788348712,0.01,,,,,,,,iid_gaussian,1.0,-0.15285184118795445,-0.31860438081010134,-0.1877699922255217,0.21135,-0.241758749563626,0.24119452171713188,0.79195,-0.14800796681753164,0.21175921102576264,0.24585,-0.23349830871226165,0.2671214748568247,0.8433,-0.1406162517848793,0.25112500608727867,0.3355,-0.21453399486761876,0.3266445542207153,0.8922,-0.1326999457017169,0.29328459713447064,0.217,-0.24016246846410247,0.24620475131744288,0.79635,-0.1473020586477944,0.21551864117416158,0.21605,-0.24054290240339365,0.2450106875750553,0.8008,-0.1466919202760481,0.21876803349992507
iid_gaussian,1000,0.000629940788348712,0.01,,,,,,,,iid_gaussian,1.0,-0.12218356714036324,-0.31860438081010134,-0.1877699922255217,0.13835,-0.26645913573064867,0.16366769642923695,0.6992,-0.16116957852584513,0.1416648815095443,0.1786,-0.2515670213287695,0.21040940903222638,0.75575,-0.15331602996282284,0.1834902470535219,0.2935,-0.22265393292919244,0.3011585956129665,0.8381,-0.1414144918822417,0.2468738470607412,0.14525,-0.26380853327081905,0.17198711266918335,0.72695,-0.15729150470377434,0.16231820196882732,0.17175,-0.2539997799779823,0.20277373671966398,0.728,-0.15715361787209686,0.16305254098670335
iid_gaussian,1000,0.000629940788348712,0.01,,,,,,,,iid_gaussian,1.0,-0.16215493286396465,-0.31860438081010134,-0.1877699922255217,0.12295,-0.27324859096091536,0.1423577093756897,0.68365,-0.16345369315954933,0.12950045306902508,0.15735,-0.25921170144482414,0.1864151372126838,0.7021,-0.16074099899774724,0.14394735232939251,0.11755,-0.2757346614562775,0.134554707768992,0.6528,-0.16734491159799947,0.10877712879164758,0.1261,-0.2716285750301351,0.147442435224911,0.69455,-0.16177492214067982,0.13844102445091672,0.14535,-0.2637726173246029,0.17209984164712405,0.6881,-0.1628262457240096,0.13284202766304287
iid_gaussian,1000,0.000629940788348712,0.01,,,,,,,,iid_gaussian,1.0,-0.3604690659181918,-0.31860438081010134,-0.1877699922255217,0.00085,-0.47195573431389337,-0.48132217489876405,0.0985,-0.284601821428208,-0.5156938446606854,0.0003,-0.5128597177275941,-0.609707049299097,0.0749,-0.29844136497107776,-0.5893986117474717,5e-05,-0.5511254407108274,-0.729811245248747,0.04275,-0.32477724713109984,-0.7296546870014521,0.00105,-0.46873460607598477,-0.4712120557920576,0.1051,-0.28110987532615744,-0.49709691092988695,0.00085,-0.47336744026992816,-0.4857530805644216,0.0988,-0.28450282293610385,-0.5151666118961165
iid_gaussian,1000,0.000629940788348712,0.01,,,,,,,,iid_gaussian,1.0,-0.21916288920221472,-0.31860438081010134,-0.1877699922255217,0.03175,-0.3388554771923034,-0.06356188929577962,0.46685,-0.1924013540392625,-0.024665079647967852,0.035,-0.3345717672386708,-0.05011665686444711,0.46065,-0.1932790247348843,-0.029339259399584813,0.0524,-0.3164697747257077,0.006699864198245087,0.4879,-0.18945670710228119,-0.008982877704620888,0.0338,-0.3356985414155059,-0.05365325034746859,0.4506,-0.1948957807641232,-0.03794955974670884,0.03885,-0.32974195532091144,-0.03495738031753072,0.4622,-0.19302754260927266,-0.027999949946402248
iid_gaussian,1000,0.000629940788348712,0.01,,,,,,,,iid_gaussian,1.0,-0.1599022132788933,-0.31860438081010134,-0.1877699922255217,0.1005,-0.2835890274791515,0.10990229714330309,0.6317,-0.1701421464440087,0.09387999420238043,0.1633,-0.25677090586618323,0.19407603494558628,0.73,-0.1568263827622174,0.16479528542632843,0.21665,-0.24025860514462444,0.2459030081955262,0.7764,-0.15034391463031818,0.19931873645844767,0.1177,-0.2756215269965794,0.13490980162994415,0.63835,-0.16922349698774253,0.09877241308879567,0.11075,-0.27830330851575635,0.12649252402579406,0.64345,-0.16853639512555102,0.10243168715089533
iid_gaussian,1000,0.000629940788348712,0.01,,,,,,,,iid_gaussian,1.0,-0.17299723276629014,-0.31860438081010134,-0.1877699922255217,0.07075,-0.3013113442947662,0.054277459937509036,0.5357,-0.1828138368822023,0.026394821049823623,0.03565,-0.3332037589670097,-0.0458229046310888,0.44355,-0.19601884865374467,-0.04393064264664634,0.05085,-0.31776357602275623,0.0026390245645939612,0.45375,-0.19435091973370208,-0.035047812646635944,0.0663,-0.3055695503320217,0.04091227636273092,0.5416,-0.18188648506575006,0.03133358578779322,0.07435,-0.29900617464394535,0.061512670090488046,0.5352,-0.18288747005197664,0.026002675484381444
iid_gaussian,1000,0.000629940788348712,0.01,,,,,,,,iid_gaussian,1.0,-0.14622924682972638,-0.31860438081010134,-0.1877699922255217,0.13835,-0.266445102193139,0.16371174333616895,0.67215,-0.16488630448215458,0.12187084566676985,0.07765,-0.2963341958293233,0.0698991800556936,0.6134,-0.1726510443923003,0.08051844522133625,0.06435,-0.307286121416092,0.03552449393580491,0.5012,-0.18765722599278611,0.0006005551334323789,0.1195,-0.2747220119793187,0.13773309933530997,0.66975,-0.1651402582758169,0.12051837293855394,0.1105,-0.27851993505924333,0.12581260072111078,0.6816,-0.16374487182669428,0.1279497331499699
iid_gaussian,1000,0.000629940788348712,0.01,,,,,,,,iid_gaussian,1.0,-0.10468955843013071,-0.31860438081010134,-0.1877699922255217,0.2251,-0.23818412382192972,0.25241415947794116,0.8019,-0.14656518401443017,0.21944298832159712,0.329,-0.2158354150134422,0.3225598013917857,0.89585,-0.13195437013906128,0.29725528251299554,0.5369,-0.18263021127624504,0.42678060228839526,0.94885,-0.12000151363661794,0.3609121872227072,0.23175,-0.23636607250398622,0.25812045677781137,0.79755,-0.1471374417562339,0.21639533552563592,0.2128,-0.24139824327977424,0.2423260387506865,0.8099,-0.14541602404184467,0.2255630289040417
iid_gaussian,1000,0.000629940788348712,0.01,,,,,,,,iid_gaussian,1.0,-0.1725688047355704,-0.31860438081010134,-0.1877699922255217,0.03205,-0.3383085392957278,-0.06184522144838548,0.43535,-0.1972177890554469,-0.050315797098068195,0.0282,-0.3439737139984236,-0.07962644180791474,0.40645,-0.2016901728759398,-0.07413421327567192,0.0289,-0.34259639490098487,-0.0753034657900186,0.3984,-0.2030606535401281,-0.08143293362999922,0.03415,-0.3353020524527549,-0.05240879488284854,0.42755,-0.19849659193850278,-0.05712627233907456,0.02995,-0.3411834399861968,-0.07086864003151716,0.433,-0.1975474582927692,-0.052071504884040484
iid_gaussian,1000,0.000629940788348712,0.01,,,,,,,,iid_gaussian,1.0,-0.24070113142833255,-0.31860438081010134,-0.1877699922255217,0.1074,-0.28001066853356266,0.12113365226933838,0.63965,-0.16903710850264617,0.09976505564518721,0.1203,-0.2742653553320571,0.13916640243710823,0.67025,-0.16506667490806798,0.12091025327511248,0.02955,-0.3415743279275192,-0.07209551563294005,0.4452,-0.19573874900214333,-0.04243892584844293,0.1135,-0.27723329138002073,0.1298509748198947,0.64395,-0.16848005454259796,0.10273173819891047,0.10315,-0.2822432733023779,0.11412620069840106,0.6578,-0.16669532420815675,0.11223661335647907
iid_gaussian,1000,0.000629940788348712,0.01,,,,,,,,iid_gaussian,1.0,-0.11837842998283071,-0.31860438081010134,-0.1877699922255217,0.07055,-0.30143915440298535,0.05387630378298854,0.5819,-0.17647190250849581,0.06016983642123332,0.10845,-0.27963722455070444,0.12230577671379415,0.64125,-0.16882193707271798,0.10091098651187094,0.28035,-0.2251740328609912,0.2932487861954343,0.8486,-0.13988676137139058,0.25501002735634576,0.08265,-0.29355801363554435,0.0786127519994317,0.592,-0.17526725991388997,0.06658535883952796,0.09795,-0.2848135860259241,0.10605878895405917,0.6063,-0.17349822097794743,0.07600666687163266
iid_gaussian,1000,0.000629940788348712,0.01,,,,,,,,iid_gaussian,1.0,-0.1929383375424019,-0.31860438081010134,-0.1877699922255217,0.20855,-0.2424707999940744,0.23895961700980206,0.7952,-0.1475266265652025,0.21432266776676864,0.21215,-0.24161427264358398,0.2416479898071646,0.789,-0.14848993675028455,0.2091924008180164,0.2138,-0.24117589843295859,0.24302391002995238,0.7958,-0.1474111150724336,0.2149378432343703,0.21375,-0.24118629571014286,0.24299127621255842,0.80885,-0.14560129710749609,0.22457632669749908,0.2283,-0.2373277991089397,0.25510189625925184,0.79645,-0.14729057516186883,0.21557979836860702
iid_gaussian,1000,0.000629940788348712,0.01,,,,,,,,iid_gaussian,1.0,-0.13736345522947663,-0.31860438081010134,-0.1877699922255217,0.17405,-0.25320436325680534,0.20527030226956156,0.7687,-0.15144130065971237,0.19347442653231117,0.21615,-0.24049921077483538,0.2451478220000346,0.7967,-0.14723844115370405,0.215857446610197,0.257,-0.2307489399243441,0.2757508878640372,0.80735,-0.14577052255643264,0.2236750887151632,0.17905,-0.2514053620425703,0.2109168072223836,0.7629,-0.15222357363306882,0.18930830305281024,0.1936,-0.24708701217820114,0.22447076355339537,0.7629,-0.15221456896199553,0.1893562589107541
iid_gaussian,1000,0.000629940788348712,0.01,,,,,,,,iid_gaussian,1.0,-0.2413259222447235,-0.31860438081010134,-0.1877699922255217,0.0007,-0.48071073280947546,-0.5088013905747103,0.1037,-0.281855007541022,-0.5010652351867768,0.00055,-0.49136213936888523,-0.5422328409908249,0.0904,-0.2890742959475568,-0.5395127438699749,0.00085,-0.47249483911133683,-0.48301425708568413,0.1037,-0.2819152845913039,-0.5013862505394828,0.00075,-0.4763808391106362,-0.49521120173979916,0.11575,-0.2764530359979991,-0.4722961465853625,0.00055,-0.4899344648637261,-0.5377518150189627,0.1037,-0.2818452133522979,-0.5010130746226312
iid_gaussian,1000,0.000629940788348712,0.01,,,,,,,,iid_gaussian,1.0,-0.14334303984368751,-0.31860438081010134,-0.1877699922255217,0.23705,-0.23527386684755566,0.2615485504331888,0.81,-0.14539466100268417,0.22567680128538603,0.262,-0.22932527023892313,0.28021934395306225,0.8358,-0.14171119087871972,0.24529372771919236,0.2979,-0.22160589181577034,0.304448070512079,0.8337,-0.14207678273040203,0.2433467081376864,0.2106,-0.24195258398317218,0.24058613579646962,0.78005,-0.1497847418758489,0.2022967030006079,0.21135,-0.24175050954660754,0.24122038456621608,0.78615,-0.14898921276652582,0.20653342421412105
iid_gaussian,1000,0.000629940788348712,0.01,,,,,,,,iid_gaussian,1.0,-0.20976757793986964,-0.31860438081010134,-0.1877699922255217,0.00245,-0.4434695461946339,-0.3919128954443232,0.1613,-0.25769444792154655,-0.37239419817433805,0.0041,-0.42883015074588093,-0.34596438898772636,0.1931,-0.2471591772984273,-0.31628688039554276,0.00445,-0.42621861851619197,-0.3377676020413299,0.1723,-0.25375907471434483,-0.3514357204082255,0.00175,-0.4537604737327896,-0.4242129143956929,0.167,-0.25540895373980765,-0.3602224227236904,0.002,-0.4495064668526729,-0.41086091066837377,0.1588,-0.2586736502423548,-0.37760910130770003
iid_gaussian,1000,0.000629940788348712,0.01,,,,,,,,iid_gaussian,1.0,-0.21234592505511135,-0.31860438081010134,-0.1877699922255217,0.05065,-0.3182190611875196,0.0012093983817862885,0.4791,-0.19081278034128912,-0.016204868944729275,0.0338,-0.335691166654549,-0.05363010326788933,0.4468,-0.19554720758589025,-0.04141884050901859,0.0136,-0.37932794921937896,-0.1905923837421145,0.31535,-0.21847346492904846,-0.16351639758631,0.04555,-0.3222942819840262,-0.011581451468252636,0.4835,-0.19024160497629128,-0.013162980524603908,0.04515,-0.3225956936295504,-0.012527488822659933,0.49265,-0.1888802861286288,-0.005913052932193657
iid_gaussian,1000,0.000629940788348712,0.01,,,,,,,,iid_gaussian,1.0,-0.3210398683463758,-0.31860438081010134,-0.1877699922255217,0.0,-0.5812344736101009,-0.8243141294298014,0.0198,-0.36072243208637966,-0.9210866859552985,0.0,-0.5744587082545289,-0.8030471106325596,0.0233,-0.351856933548364,-0.8738720142554258,5e-05,-0.5460893265943502,-0.7140044503023871,0.0308,-0.3400922778495009,-0.811217403902494,0.0,-0.583318263191008,-0.8308544964379658,0.01535,-0.3734490816081981,-0.9888645527538074,0.0,-0.5770790310689765,-0.811271488488837,0.01655,-0.36830984252984234,-0.9614946891379891
iid_gaussian,1000,0.000629940788348712,0.01,,,,,,,,iid_gaussian,1.0,-0.188296277193303,-0.31860438081010134,-0.1877699922255217,0.0184,-0.36351354193507507,-0.14095588080360094,0.357,-0.21029143727025487,-0.11994166255108385,0.02085,-0.35817199610471806,-0.12419043075933195,0.35615,-0.21040775291052827,-0.1205611206385811,0.0083,-0.39923617319494104,-0.25307810325715163,0.22665,-0.23766610767291968,-0.2657299755728279,0.02,-0.3604319322955542,-0.13128366715831022,0.361,-0.20951197990775625,-0.11579053407064777,0.0162,-0.3696747752747789,-0.16029407484863545,0.34865,-0.21191460495807274,-0.1285861092413109
iid_gaussian,1000,0.000629940788348712,0.01,,,,,,,,iid_gaussian,1.0,-0.31191112488066136,-0.31860438081010134,-0.1877699922255217,0.13835,-0.26641768069758354,0.16379781087700357,0.6716,-0.1649566452020225,0.12149623458523222,0.09555,-0.2861488977218023,0.10186766109673669,0.5986,-0.17435606514253896,0.07143807657440766,0.0156,-0.3722954213462249,-0.16851946730803172,0.3461,-0.21243294895004855,-0.13134663548851472,0.1328,-0.2686858318446047,0.15667879028709816,0.69045,-0.1624231693624495,0.13498867717174606,0.1116,-0.277890249257654,0.12778898849075873,0.683,-0.1635638973125482,0.12891354271294164
iid_gaussian,1000,0.000629940788348712,0.01,,,,,,,,iid_gaussian,1.0,-0.11078513573578182,-0.31860438081010134,-0.1877699922255217,0.29785,-0.22160825388127361,0.3044406567235515,0.84545,-0.1402868038684733,0.25287953519228235,0.2317,-0.2364000352171933,0.25801385839042973,0.7984,-0.14702575366121762,0.21699014885918566,0.3102,-0.21941272361239708,0.3113317429769609,0.84025,-0.14107454648286463,0.24868428223916297,0.27685,-0.2259103138397546,0.2909378293376181,0.84175,-0.14081390312534087,0.250072381340806,0.29115,-0.22317125135685476,0.2995348940607564,0.83845,-0.14135147729144829,0.2472094416360327
iid_gaussian,1000,0.000629940788348712,0.01,,,,,,,,iid_gaussian,1.0,-0.1468339619616765,-0.31860438081010134,-0.1877699922255217,0.23705,-0.2352560383273382,0.2616045086098219,0.819,-0.14426288229548823,0.23170427507809202,0.221,-0.23922213073256188,0.2491561788186895,0.77635,-0.15037058829673813,0.1991766814575191,0.2262,-0.23779182844222457,0.2536454525904454,0.779,-0.1499298251698945,0.20152403803787328,0.2553,-0.23114500946768102,0.2745077488264324,0.8396,-0.14119130519133355,0.24806246451906272,0.26045,-0.22974422025845678,0.2789043902212008,0.83225,-0.1423433048984613,0.24192730046290112
iid_gaussian,1000,0.000629940788348712,0.01,,,,,,,,iid_gaussian,1.0,-0.16936133716888818,-0.31860438081010134,-0.1877699922255217,0.17565,-0.25266007705832644,0.20697864726185253,0.7493,-0.15426973011444065,0.17841115991976755,0.19535,-0.24653396688218382,0.2262066006269821,0.77465,-0.15062380178621895,0.1978281513410738,0.18705,-0.24904184044005598,0.2183351659922935,0.77125,-0.15110189897921583,0.1952819660463401,0.17255,-0.2536323907197677,0.20392685726772572,0.7503,-0.15407444947742024,0.17945115909485332,0.17655,-0.2522817395368895,0.20816613100101197,0.75345,-0.15362781588120236,0.1818297798261225
iid_gaussian,1000,0.000629940788348712,0.01,,,,,,,,iid_gaussian,1.0,-0.13702008980595748,-0.31860438081010134,-0.1877699922255217,0.05055,-0.3183509799536895,0.0007953464285944024,0.48295,-0.19029040879158277,-0.013422893275906955,0.04135,-0.3264775886783702,-0.02471154931470176,0.46855,-0.19219153571612785,-0.02354765763261912,0.0771,-0.29690970273213907,0.06809284298853696,0.5639,-0.17889167153169858,0.04728295820111554,0.0408,-0.32722965966398343,-0.027072066090086312,0.4789,-0.19082755406208438,-0.016283548826536525,0.04065,-0.32742019428779157,-0.02767009497884067,0.49575,-0.18840712219517813,-0.0033931405231736812
iid_gaussian,1000,0.000629940788348712,0.01,,,,,,,,iid_gaussian,1.0,-0.1732376586769532,-0.31860438081010134,-0.1877699922255217,0.0495,-0.31899556926412015,-0.0012278188172559074,0.50935,-0.18656760627074015,0.006403504311473957,0.05765,-0.31152256660635586,0.022227610887643374,0.5235,-0.18449467579292492,0.017443236769499163,0.101,-0.2834159183487521,0.11044563283115272,0.6275,-0.17067719074906773,0.09103052768902828,0.05175,-0.3169605124689516,0.005159591142375132,0.509,-0.18659661427336377,0.006249017418867707,0.04305,-0.3244148308677514,-0.01823719448827445,0.5064,-0.18698013008966644,0.004206540813542813
iid_gaussian,1000,0.000629940788348712,0.01,,,,,,,,iid_gaussian,1.0,-0.31979393590956473,-0.31860438081010134,-0.1877699922255217,0.0018,-0.45274993991728746,-0.42104116323228236,0.13175,-0.2692943655407833,-0.4341714687688035,0.0012,-0.4631815688809983,-0.45378280017144434,0.1311,-0.26975011628451956,-0.43659864436983825,0.0028,-0.44039797419546567,-0.38227218682833275,0.1633,-0.25679787068847704,-0.3676193285455814,0.00155,-0.45627012143515483,-0.43208991751782216,0.1393,-0.2659074427054613,-0.416133853731497,0.00175,-0.45452672328038213,-0.42661793326468717,0.1456,-0.2637165677625334,-0.40446598861119304
iid_gaussian,1000,0.000629940788348712,0.01,,,,,,,,iid_gaussian,1.0,-0.21647117091881604,-0.31860438081010134,-0.1877699922255217,0.3277,-0.21609410964346487,0.32174783945527713,0.8679,-0.13662912361877072,0.27235911340576774,0.3765,-0.20667371585273017,0.3513155238881838,0.89985,-0.13120105716752226,0.3012671747360844,0.22775,-0.23742141484054385,0.2548080656114556,0.83915,-0.1412457434069475,0.24777254484143618,0.3416,-0.21336096722811718,0.3303263229287255,0.86565,-0.1371949775500056,0.26934556515703983,0.3358,-0.21448313694647317,0.32680418140793815,0.8631,-0.1376143808740221,0.2671119637224038
iid_gaussian,1000,0.000629940788348712,0.01,,,,,,,,iid_gaussian,1.0,-0.21647487478655114,-0.31860438081010134,-0.1877699922255217,0.016,-0.3703830608684676,-0.16251716290501375,0.32285,-0.21713998884845376,-0.1564147512327589,0.01805,-0.3641404845166514,-0.1429236584593325,0.343,-0.21308297453036995,-0.1348084537088653,0.01275,-0.3821107380508008,-0.19932669186539323,0.2886,-0.22365488056001975,-0.19111087937522195,0.01595,-0.3706137696429591,-0.1632412859503557,0.3314,-0.21536278234379996,-0.14694994546912402,0.0165,-0.36880706202836194,-0.15757059300506934,0.34555,-0.21257871199354178,-0.13212292056881744
iid_gaussian,1000,0.000629940788348712,0.01,,,,,,,,iid_gaussian,1.0,-0.3979416291724188,-0.31860438081010134,-0.1877699922255217,0.0023,-0.44622300627277733,-0.4005551497383235,0.15835,-0.25883005411825843,-0.378442055892455,0.0006,-0.4846212293345079,-0.5210752221996535,0.1098,-0.2789569484708152,-0.485631144596167,0.00075,-0.4771284454848854,-0.4975577054895225,0.1245,-0.27244025872959343,-0.4509254407508216,0.0021,-0.4483267796460507,-0.40715823965166437,0.15665,-0.25957958640160916,-0.3824338134383066,0.00185,-0.45149719859964904,-0.4171091980959175,0.15935,-0.25847567420578654,-0.37655474733866723
iid_gaussian,1000,0.000629940788348712,0.01,,,,,,,,iid_gaussian,1.0,-0.16262074389955475,-0.31860438081010134,-0.1877699922255217,0.0744,-0.2989477806082854,0.06169595079589285,0.57555,-0.17736458370897967,0.0554157157552874,0.11795,-0.27555129693190206,0.1351302319469999,0.6578,-0.16671299344346713,0.11214251293552811,0.0953,-0.28626396237575163,0.10150650895671662,0.60365,-0.1738680533694398,0.07403706359738747,0.0839,-0.292616077357123,0.08156919684186091,0.5722,-0.17773231979921333,0.05345727667844071,0.06785,-0.3044025358580373,0.044575171615511534,0.58305,-0.17633568682394465,0.06089527547002211
iid_gaussian,1000,0.000629940788348712,0.01,,,,,,,,iid_gaussian,1.0,-0.1877921704505265,-0.31860438081010134,-0.1877699922255217,0.01215,-0.384315576026554,-0.206246992114081,0.3228,-0.21714780963796315,-0.1564564021345707,0.009,-0.3959736309944089,-0.2428379986100134,0.25305,-0.23167755823520964,-0.23383696984421565,0.02215,-0.3542435737699096,-0.11186033559610846,0.3725,-0.20736327139298072,-0.10434723320394264,0.01595,-0.3709731656714442,-0.16436931823783177,0.3331,-0.2150459097037297,-0.14526238806810068,0.01145,-0.38811514120983853,-0.21817264477969586,0.318,-0.2179965501010234,-0.16097650917084763
iid_gaussian,1000,0.000629940788348712,0.01,,,,,,,,iid_gaussian,1.0,-0.1792813839233177,-0.31860438081010134,-0.1877699922255217,0.04125,-0.32657779916205343,-0.025026078836952678,0.4561,-0.19395622405274876,-0.032945795831940274,0.04,-0.32787093041792065,-0.029084815419855997,0.4529,-0.19451074092362763,-0.03589896669969464,0.0448,-0.32287959822188445,-0.01341857698539078,0.49265,-0.188874866602526,-0.005884190353894684,0.04385,-0.3236756148896813,-0.01591702558102161,0.45135,-0.19473084770116159,-0.03707118157239694,0.04065,-0.3274262707801624,-0.027689167197356254,0.45215,-0.1946097924921481,-0.03642648213145491
iid_gaussian,1000,0.000629940788348712,0.01,,,,,,,,iid_gaussian,1.0,-0.24986718031282448,-0.31860438081010134,-0.1877699922255217,0.0212,-0.35700316085742745,-0.12052182066577748,0.395,-0.20353645547600194,-0.08396689515513145,0.024,-0.3504996788436163,-0.10010941454231173,0.3732,-0.2072860633150092,-0.10393604887647682,0.00835,-0.39865452421643466,-0.25125248812584855,0.22795,-0.23736705417240864,-0.2641373169325066,0.01985,-0.3606190354826954,-0.1318709258352483,0.3878,-0.20464954698455823,-0.0898948471956226,0.0222,-0.35415539224329395,-0.11158356122661786,0.38165,-0.20583323238983323,-0.09619875865264248
iid_gaussian,1000,0.000629940788348712,0.01,,,,,,,,iid_gaussian,1.0,-0.13422355599685706,-0.31860438081010134,-0.1877699922255217,0.16095,-0.2578449062794018,0.19070508188308358,0.73325,-0.15641080986164835,0.16700848731041817,0.2843,-0.22445222700622225,0.2955143101437669,0.83915,-0.1412573471324163,0.24771074729151213,0.44775,-0.19542979253899417,0.3866067000017908,0.91795,-0.12734047158410494,0.3218273587019044,0.14805,-0.262662835372027,0.17558310182626563,0.72925,-0.15699732285971907,0.16388491580083273,0.174,-0.2532210002325946,0.20521808398007368,0.74975,-0.1541595154795276,0.1789981260990102
iid_gaussian,1000,0.000629940788348712,0.01,,,,,,,,iid_gaussian,1.0,-0.1897705899669357,-0.31860438081010134,-0.1877699922255217,0.00435,-0.427265083864677,-0.34105213110469124,0.1825,-0.25040548790211525,-0.3335756418489116,0.00245,-0.4438769440996947,-0.3931915906839332,0.15635,-0.25979563029009256,-0.3835843907266303,0.00755,-0.4035553262065881,-0.2666345804175252,0.24165,-0.2343956542809104,-0.24831263772642004,0.00435,-0.42745522036501216,-0.3416489104077621,0.1917,-0.24754914612773365,-0.3183637235837663,0.0037,-0.433268505910803,-0.3598950046108916,0.19985,-0.24515106247121532,-0.3055923343532757
iid_gaussian,1000,0.000629940788348712,0.01,,,,,,,,iid_gaussian,1.0,-0.13591385521705837,-0.31860438081010134,-0.1877699922255217,0.02095,-0.35774443434811115,-0.12284844746481552,0.3556,-0.2105136240550973,-0.12112495484507067,0.01935,-0.36166505685857747,-0.13515406140677552,0.346,-0.2124823287409597,-0.13160961569278426,0.03135,-0.3394643493534438,-0.06547294952537284,0.4144,-0.20034605669232802,-0.06697590130217289,0.0202,-0.35975360427481484,-0.12915460660046538,0.35885,-0.2099171520144581,-0.11794834481505691,0.021,-0.3577075538429849,-0.12273269103663188,0.35125,-0.21142436476209964,-0.12597525438552382
iid_gaussian,1000,0.000629940788348712,0.01,,,,,,,,iid_gaussian,1.0,-0.2526867979490328,-0.31860438081010134,-0.1877699922255217,0.08475,-0.2921417081463652,0.08305809416823041,0.5686,-0.1782520593751659,0.05068931801905961,0.04635,-0.32153147587917985,-0.00918724049442106,0.4313,-0.19782646915174293,-0.0535574231378934,0.0198,-0.36087450387865744,-0.1326727616270615,0.338,-0.21403245561987372,-0.13986507153288583,0.0784,-0.2957126794555105,0.07184992653391997,0.58705,-0.17591792775252535,0.0631201201668124,0.07805,-0.29602475743250006,0.07087041088446136,0.5976,-0.17449958002367763,0.07067376445276523
iid_gaussian,1000,0.000629940788348712,0.01,,,,,,,,iid_gaussian,1.0,-0.1318767711291602,-0.31860438081010134,-0.1877699922255217,0.04915,-0.3191756451446564,-0.0017930209656958809,0.49495,-0.18853109991183015,-0.004053404259581088,0.0689,-0.30368832933362233,0.04681684363081456,0.5704,-0.17795525383733446,0.05227000476412242,0.0862,-0.29108569478637464,0.08637259146831613,0.5776,-0.17707298726029244,0.05696866063871163,0.0475,-0.32042993679905873,-0.0057298521266896385,0.4815,-0.1904872614015658,-0.014471264251747457,0.0448,-0.32284302935037845,-0.01330379867815906,0.47095,-0.1918842896978085,-0.02191136839024466
iid_gaussian,1000,0.000629940788348712,0.01,,,,,,,,iid_gaussian,1.0,-0.29795093024457897,-0.31860438081010134,-0.1877699922255217,0.03425,-0.33527275870944306,-0.05231685093896001,0.42425,-0.19898677662545972,-0.05973683157245943,0.0303,-0.34059288546775734,-0.06901507318181502,0.42145,-0.1994444092875602,-0.062174029639501104,0.02075,-0.3582937821967906,-0.12457267940187375,0.34515,-0.21265942528537823,-0.13255277248966915,0.0346,-0.33511929935211565,-0.051835189773670264,0.44235,-0.19620093679906175,-0.04490038303571975,0.0359,-0.3328855135509162,-0.044824031309622536,0.4424,-0.1961910004151098,-0.044847465187483344
iid_gaussian,1000,0.000629940788348712,0.01,,,,,,,,iid_gaussian,1.0,-0.12114577832552743,-0.31860438081010134,-0.1877699922255217,0.10725,-0.2800520460639365,0.1210037810784004,0.6355,-0.16960882778116468,0.09672027052408091,0.12075,-0.27408902406704544,0.13971985140276058,0.6824,-0.16363491762061194,0.12853531237260885,0.21755,-0.2400484176818832,0.24656272122962447,0.7712,-0.15112405946275934,0.19516394674367704,0.1001,-0.2837754121175991,0.10931729376709809,0.6473,-0.16802630978727756,0.10514823057845654,0.1101,-0.278816215322947,0.124882669177325,0.66035,-0.16636789359045812,0.1139803990051751
iid_gaussian,1000,0.000629940788348712,0.01,,,,,,,,iid_gaussian,1.0,-0.16038672360743608,-0.31860438081010134,-0.1877699922255217,0.07335,-0.29971774651086364,0.05927926744514777,0.5698,-0.1780845986402808,0.051581157726247474,0.0839,-0.292585411121314,0.08166544861257109,0.5611,-0.179291888916622,0.045151534643070375,0.1194,-0.27477502275252375,0.1375667150154515,0.68885,-0.1626924992505907,0.13355431652152175,0.07635,-0.2975570992862084,0.06606086667853393,0.56455,-0.17878741701796314,0.04783818277400803,0.0737,-0.29955625676601566,0.05978613349776564,0.5798,-0.17677225283197556,0.058570271336738824
iid_gaussian,1000,0.000629940788348712,0.01,,,,,,,,iid_gaussian,1.0,-0.17763333917036517,-0.31860438081010134,-0.1877699922255217,0.00895,-0.3961885021230222,-0.24351241221370257,0.2516,-0.23198173175643488,-0.2354568959975912,0.00545,-0.4176709330166553,-0.31093907734307297,0.2285,-0.23729820828620446,-0.26377066683369055,0.02035,-0.3593769403818636,-0.1279723758602805,0.35805,-0.2101116195755297,-0.11898401382034739,0.0082,-0.40036172468793896,-0.2566108591161139,0.2569,-0.23082478640759113,-0.22929539311243266,0.0083,-0.39927903630404427,-0.25321263721740117,0.26,-0.2298693275789115,-0.22420693985451223
iid_gaussian,1000,0.000629940788348712,0.01,,,,,,,,iid_gaussian,1.0,-0.14539022747711738,-0.31860438081010134,-0.1877699922255217,0.01675,-0.36765380787238755,-0.15395088710823873,0.3486,-0.2119279264085431,-0.1286570548184634,0.0451,-0.32264134709414466,-0.012670780840422542,0.48355,-0.19023530772722752,-0.013129443488205703,0.09085,-0.2887457284107306,0.09371701771159098,0.66045,-0.16634278013516784,0.11411414484492627,0.0176,-0.3655059940409675,-0.14720956790239825,0.3547,-0.21073920294210208,-0.12232631233745342,0.0188,-0.36259712916189873,-0.13807954630108654,0.37955,-0.20613147875082455,-0.09778711873859866
iid_gaussian,1000,0.000629940788348712,0.01,,,,,,,,iid_gaussian,1.0,-0.272957349941168,-0.31860438081010134,-0.1877699922255217,0.0183,-0.3638266616705833,-0.14193866620884893,0.35235,-0.21126442796696754,-0.12512348465790937,0.0247,-0.34958992576980935,-0.0972539827635842,0.41515,-0.20023695855503845,-0.06639488121479632,0.0094,-0.39430134794245086,-0.2375892225332187,0.25255,-0.23175629184772323,-0.23425627865698392,0.0218,-0.3557186559208324,-0.11649015941451349,0.3659,-0.20846967816667838,-0.11023958458865597,0.0184,-0.36366872042612813,-0.14144293779465203,0.347,-0.21219410225406737,-0.13007461809558482
iid_gaussian,1000,0.000629940788348712,0.01,,,,,,,,iid_gaussian,1.0,-0.19575526439792618,-0.31860438081010134,-0.1877699922255217,0.0702,-0.30195194103458667,0.05226682612829505,0.53435,-0.18299400869623406,0.025435286398432844,0.05755,-0.3117038570272352,0.021658596675037847,0.526,-0.18416422912257222,0.019203084903038084,0.02275,-0.3530299589816921,-0.10805117645921362,0.39265,-0.20393787722371526,-0.08610473274544882,0.0747,-0.29868963732476117,0.06250618222732476,0.56635,-0.17854100872116552,0.04915047071670373,0.07275,-0.3001610193943839,0.05788797181263587,0.5655,-0.1786268435841306,0.048693343025810486
iid_gaussian,1000,0.000629940788348712,0.01,,,,,,,,iid_gaussian,1.0,-0.28155628736576405,-0.31860438081010134,-0.1877699922255217,0.0067,-0.40857845737967863,-0.2824006259449546,0.24695,-0.2332114530027107,-0.24200597890322856,0.00415,-0.428324441790775,-0.34437712595694164,0.18735,-0.24895134854137901,-0.3258313833361363,0.00055,-0.48639940633540774,-0.5266563664274213,0.0983,-0.2846902050665742,-0.5161645462744985,0.00565,-0.4164995431349459,-0.3072624490470936,0.2305,-0.23666563783096722,-0.26040180875503927,0.0056,-0.41669420868737067,-0.3078734436352088,0.2327,-0.23615396383024506,-0.2576768046441182
iid_gaussian,1000,0.000629940788348712,0.01,,,,,,,,iid_gaussian,1.0,-0.19736267561310933,-0.31860438081010134,-0.1877699922255217,0.1636,-0.256657607668375,0.19443164272950997,0.7199,-0.1582055635333876,0.1574502312202562,0.2319,-0.23631419764618408,0.2582832758127231,0.8055,-0.14605291565181575,0.22217115780460567,0.22015,-0.239373601172201,0.24868076024706165,0.789,-0.14848924646827238,0.20919607702849063,0.1626,-0.25711784310988933,0.19298710690629203,0.73255,-0.1565007531848118,0.16652947933849782,0.15145,-0.26137879903494604,0.17961329228948555,0.72415,-0.15766687653901096,0.1603190974751456
iid_gaussian,1000,0.000629940788348712,0.01,,,,,,,,iid_gaussian,1.0,-0.12721500451296167,-0.31860438081010134,-0.1877699922255217,0.06425,-0.3073866896229972,0.035208841631685694,0.51155,-0.18628211845111403,0.007923916685370378,0.0324,-0.337460985455812,-0.05918501370811284,0.4431,-0.19606636172085287,-0.04418368130604588,0.0996,-0.28403498353356127,0.10850257987238589,0.56795,-0.1783673215507766,0.05007547033102082,0.05945,-0.3104574892302854,0.02557055731343436,0.5098,-0.1865332682696426,0.006586376988255664,0.04905,-0.3192036510806675,-0.0018809228832397957,0.5328,-0.1832314086501956,0.024170973868258065
iid_gaussian,1000,0.000629940788348712,0.01,,,,,,,,iid_gaussian,1.0,-0.1932493954308351,-0.31860438081010134,-0.1877699922255217,0.077,-0.29704474573512535,0.06766898502825748,0.593,-0.17509074865053403,0.06752539862577846,0.15835,-0.2588373683047442,0.1875900524449482,0.71285,-0.15930192451262137,0.15161138036746935,0.1813,-0.25073777026493077,0.21301217005431353,0.76165,-0.15242171031049206,0.1882530935644631,0.083,-0.2932435129061463,0.07959987191472719,0.5866,-0.17594474871288057,0.0629772807277874,0.0758,-0.2978372104894145,0.06518168478375312,0.58415,-0.1762283603852069,0.06146686008514451
iid_gaussian,1000,0.000629940788348712,0.01,,,,,,,,iid_gaussian,1.0,-0.21421561778130244,-0.31860438081010134,-0.1877699922255217,0.0168,-0.3671003418239561,-0.15221372942376446,0.3377,-0.21412192770110194,-0.14034156982831508,0.00945,-0.393782221765771,-0.23595984701942346,0.2862,-0.2240850002782136,-0.19340155273093712,0.0143,-0.3767967272715214,-0.1826476657774038,0.3001,-0.2212072105505114,-0.1780754098601113,0.0141,-0.3775635534805594,-0.18505449460721535,0.33775,-0.21408253203479977,-0.14013176172300898,0.0177,-0.3651409113909467,-0.1460636870796282,0.3735,-0.20717086256474881,-0.10332252831925152
iid_gaussian,1000,0.000629940788348712,0.01,,,,,,,,iid_gaussian,1.0,-0.12016070769177989,-0.31860438081010134,-0.1877699922255217,0.15585,-0.25996054335792107,0.18406475549102358,0.71985,-0.15821624107249094,0.15739336622826905,0.11545,-0.2765493114068274,0.13199777509757504,0.6522,-0.16738438846323997,0.10856688824803033,0.343,-0.2130770976569943,0.33121730117077314,0.869,-0.1364378609211794,0.27337771438308256,0.17665,-0.2522232134031039,0.2083498263213236,0.7331,-0.15642631839004928,0.16692589408975966,0.14435,-0.2640673068014032,0.17117490308836653,0.7182,-0.15847519240664765,0.1560142782755695
iid_gaussian,1000,0.000629940788348712,0.01,,,,,,,,iid_gaussian,1.0,-0.20633559352521785,-0.31860438081010134,-0.1877699922255217,0.0058,-0.4155750781290387,-0.3043608410919343,0.23475,-0.23570011070056443,-0.2552597350990786,0.0113,-0.388592368029202,-0.21967051125017578,0.2859,-0.22413667445197927,-0.1936767520487472,0.02505,-0.3490038056932261,-0.09541433424684705,0.37825,-0.20638693956449317,-0.09914761734990922,0.0067,-0.4083266601249757,-0.2816103127230752,0.2386,-0.23499304063250187,-0.25149411706990316,0.00625,-0.41252208530676204,-0.2947784467302687,0.2489,-0.23268245809442498,-0.23918872944810593
iid_gaussian,1000,0.000629940788348712,0.01,,,,,,,,iid_gaussian,1.0,-0.2730995691834795,-0.31860438081010134,-0.1877699922255217,0.0005,-0.4958962890788646,-0.5564641258791576,0.09315,-0.2875232749561484,-0.5312525262866161,0.0005,-0.498843626139283,-0.5657148996849801,0.09605,-0.2859393718792078,-0.5228171897444587,0.0005,-0.49417802274310574,-0.5510710225847524,0.083,-0.29330779214455277,-0.5620589246884272,0.00055,-0.49008152166110686,-0.5382133805410902,0.0881,-0.29017004290780557,-0.5453483246635915,0.0005,-0.4975215807945141,-0.5615654107752311,0.09475,-0.2866080385435968,-0.5263782841262802
iid_gaussian,1000,0.000629940788348712,0.01,,,,,,,,iid_gaussian,1.0,-0.16568632735034633,-0.31860438081010134,-0.1877699922255217,0.362,-0.20933789766779776,0.3429534862781124,0.90115,-0.1308910173917106,0.3029183425938285,0.38,-0.20605752929308105,0.35324954173841666,0.90765,-0.1296502575910371,0.3095262131378252,0.5137,-0.18594850998873916,0.4163654953019288,0.9347,-0.12342161077070425,0.34269789699693676,0.37455,-0.20705704415307977,0.3501123756471743,0.89805,-0.13144261975536986,0.2999806934139918,0.3671,-0.2082923954410606,0.34623499240203576,0.89255,-0.1325938818205351,0.29384945779151533
iid_gaussian,1000,0.000629940788348712,0.01,,,,,,,,iid_gaussian,1.0,-0.35009236511325653,-0.31860438081010134,-0.1877699922255217,0.04145,-0.3263452825508048,-0.024296281554638435,0.433,-0.19754809681744562,-0.052074905452304046,0.05355,-0.3158511531270217,0.00864152487821764,0.4997,-0.18779714358349686,-0.00014459902593244153,0.0156,-0.3720834524536892,-0.1678541629201989,0.3848,-0.20515585791030944,-0.09259128936803906,0.0323,-0.3376623932616322,-0.0598171701314116,0.4328,-0.19760089268433995,-0.05235607853149828,0.0282,-0.34388819669016557,-0.07935802959073,0.42085,-0.1995011091584164,-0.062475994134382234
iid_gaussian,1000,0.000629940788348712,0.01,,,,,,,,iid_gaussian,1.0,-0.15040350178029394,-0.31860438081010134,-0.1877699922255217,0.0148,-0.3746781759266955,-0.17599819241034223,0.31095,-0.2192750686677905,-0.16778547023866056,0.0198,-0.36077726359402995,-0.132367554635305,0.36205,-0.20932714968570554,-0.11480619030059148,0.06485,-0.30688363852269657,0.036787762483375015,0.53635,-0.1827298900742501,0.02684189359297713,0.0131,-0.38050657748258454,-0.1942917310649879,0.3372,-0.21423617305002846,-0.14095000223848048,0.013,-0.38117203694806484,-0.19638040123263678,0.29415,-0.22245669009686336,-0.18472971884496375
iid_gaussian,1000,0.000629940788348712,0.01,,,,,,,,iid_gaussian,1.0,-0.33781632951441876,-0.31860438081010134,-0.1877699922255217,0.00025,-0.5179018728537035,-0.6255328050946982,0.0692,-0.30326213632163374,-0.6150724230600161,5e-05,-0.5399947398670558,-0.6948754392329288,0.03925,-0.32897003689587134,-0.7519840790149307,5e-05,-0.5579539354798038,-0.7512437652649937,0.0267,-0.3463895264204027,-0.8447544376759123,0.00025,-0.5154021784356282,-0.6176870422344406,0.05725,-0.3119900466832576,-0.6615543462798944,0.00025,-0.5191739550551795,-0.6295254752464443,0.05555,-0.3137223751337397,-0.6707801465792388
iid_gaussian,1000,0.000629940788348712,0.01,,,,,,,,iid_gaussian,1.0,-0.16482755499051763,-0.31860438081010134,-0.1877699922255217,0.14315,-0.26460770494204433,0.16947876149964428,0.66925,-0.16519826909736307,0.12020942675999477,0.18145,-0.2506985668523746,0.2131352173660186,0.74355,-0.15516804446407434,0.17362703899082396,0.22955,-0.2370070060895364,0.25610876571468005,0.80665,-0.1458939981353188,0.22301749919607822,0.13645,-0.26725676634413814,0.1611641821603453,0.67265,-0.16482167336978287,0.12221504929380138,0.13565,-0.2674898034310121,0.16043275126701795,0.6893,-0.16259655919222554,0.13406526109380426
iid_gaussian,1000,0.000629940788348712,0.01,,,,,,,,iid_gaussian,1.0,-0.16491472976144742,-0.31860438081010134,-0.1877699922255217,0.1564,-0.25969204664112994,0.18490748312743724,0.74665,-0.15472020731051306,0.17601206946482753,0.1422,-0.26486898897618794,0.16865867222943637,0.71675,-0.1586965295834269,0.15483551070916618,0.24725,-0.23308496457311886,0.2684188334747188,0.82305,-0.14365854146673362,0.23492279163439436,0.17295,-0.2535595062947873,0.20415561879572183,0.74225,-0.15528636253513656,0.17299691662856645,0.16375,-0.2565880686796272,0.19464990397428938,0.7375,-0.15585771618729732,0.1699540787108094
iid_gaussian,1000,0.000629940788348712,0.01,,,,,,,,iid_gaussian,1.0,-0.18543075693324196,-0.31860438081010134,-0.1877699922255217,0.00275,-0.44103972592002577,-0.38428644577520704,0.1713,-0.25419616419128777,-0.3537635123613613,0.00605,-0.41339973581497425,-0.2975331185460819,0.2302,-0.23681130011896628,-0.2611775572453737,0.01965,-0.3610883577552577,-0.13334398239325598,0.35085,-0.21152566406356815,-0.12651474048906933,0.00335,-0.43796859709266545,-0.37464712813760426,0.1865,-0.24929559612834967,-0.32766473052271555,0.00355,-0.43560162230872107,-0.3672179309058337,0.1729,-0.2535756465312426,-0.3504588434273609
iid_gaussian,1000,0.000629940788348712,0.01,,,,,,,,iid_gaussian,1.0,-0.1547038112630997,-0.31860438081010134,-0.1877699922255217,0.2146,-0.24096046156579332,0.24370009931089537,0.77705,-0.15025066139639492,0.1998153719049212,0.2263,-0.2377674740600425,0.25372189341690277,0.80175,-0.14657584899119128,0.2193861902324312,0.24675,-0.2332679187683888,0.26784459719207654,0.7901,-0.1483269648760255,0.2100603343590867,0.2006,-0.24483137389076243,0.2315505101711393,0.77595,-0.15042288045015045,0.1988981909873831,0.21615,-0.24046844074792326,0.24524439953871716,0.77485,-0.15059344329013163,0.1979898305089083
iid_gaussian,1000,0.000629940788348712,0.01,,,,,,,,iid_gaussian,1.0,-0.17828192834247863,-0.31860438081010134,-0.1877699922255217,0.0289,-0.3426181905354737,-0.07537187550376273,0.4194,-0.19965333669568056,-0.06328670694029917,0.0198,-0.36090361756013994,-0.1327641404129039,0.3301,-0.2156069493353277,-0.14825029697169254,0.0383,-0.33029422711762124,-0.03669078961750822,0.45325,-0.1944585707203407,-0.03562112569502402,0.0263,-0.3469327646779559,-0.08891398101879593,0.3845,-0.20521297030918534,-0.09289545084878999,0.0298,-0.34132460336698506,-0.07131170795302315,0.40585,-0.20175357220536427,-0.07447185683987005
iid_gaussian,1000,0.000629940788348712,0.01,,,,,,,,iid_gaussian,1.0,-0.22392262694465592,-0.31860438081010134,-0.1877699922255217,0.02155,-0.3558568547126085,-0.11692392241370601,0.3954,-0.20349303561306595,-0.08373565552828074,0.0172,-0.3664779198199816,-0.1502601404542974,0.30425,-0.22050638888433538,-0.17434306872365168,0.03835,-0.3302523295170233,-0.03655928608798554,0.44435,-0.19589118130279098,-0.04325072915546216,0.0206,-0.35893781301589084,-0.12659409171724337,0.3885,-0.20457930289309612,-0.08952075072456483,0.0186,-0.3629964653476503,-0.13933293831263446,0.35915,-0.20989136327981364,-0.11781100266395599
iid_gaussian,1000,0.000629940788348712,0.01,,,,,,,,iid_gaussian,1.0,-0.13458914690844756,-0.31860438081010134,-0.1877699922255217,0.07745,-0.29638640410343314,0.06973531453075292,0.5564,-0.17993256222202578,0.04173952350215131,0.0831,-0.29320391523172523,0.07972415669172991,0.55275,-0.18045521704505574,0.03895603921461816,0.12325,-0.2730556214170744,0.14296338072066717,0.6693,-0.16519038868976732,0.12025139516773846,0.07395,-0.29936337063986374,0.060391543020577226,0.5531,-0.18040991120105476,0.03919732294405753,0.0774,-0.2964598409104102,0.06950481924757335,0.56795,-0.17839500507729433,0.04992803715392138
iid_gaussian,1000,0.000629940788348712,0.01,,,,,,,,iid_gaussian,1.0,-0.1689150874143306,-0.31860438081010134,-0.1877699922255217,0.10005,-0.28381512235747475,0.10919265568216444,0.59645,-0.1746622389776314,0.06980749742028648,0.0837,-0.29273815007757453,0.0811860485620376,0.58185,-0.17648230095505055,0.060114457782551575,0.03475,-0.3349087064702152,-0.051174204254999786,0.43465,-0.19732234281964794,-0.05087261537857101,0.0816,-0.29429497559122414,0.07629965776699851,0.59525,-0.1747768701490196,0.06919701024909602,0.0904,-0.28903603151930113,0.09280584659764586,0.6163,-0.17232018755128306,0.08228047778626212
iid_gaussian,1000,0.000629940788348712,0.01,,,,,,,,iid_gaussian,1.0,-0.11946385232776947,-0.31860438081010134,-0.1877699922255217,0.1153,-0.27662426316835875,0.13176252484351153,0.6587,-0.16657130239882414,0.11289711191571448,0.0955,-0.28615812360675963,0.10183870391499966,0.60535,-0.17364183809631334,0.07524181026880859,0.2047,-0.24345332025176494,0.23587579168639522,0.73465,-0.1562096126213164,0.16807999633029547,0.1163,-0.2762342587192092,0.1329866274379514,0.643,-0.16857888711521868,0.10220538906586041,0.10965,-0.2790666888519796,0.12409651071837426,0.64435,-0.16843458721540372,0.10297388193367524
iid_gaussian,1000,0.000629940788348712,0.01,,,,,,,,iid_gaussian,1.0,-0.2761845900671748,-0.31860438081010134,-0.1877699922255217,0.01115,-0.3891700227566822,-0.22148358967053977,0.2959,-0.22198992552437197,-0.1822438872860489,0.0162,-0.3696298865718966,-0.16015318317988897,0.364,-0.20890833944930973,-0.11257574745170007,0.0167,-0.36771481157006114,-0.1541423587305638,0.36495,-0.20869746534791872,-0.11145270271546907,0.01,-0.3921439289593729,-0.23081775574549784,0.2796,-0.2253738722338059,-0.20026565247507672,0.01275,-0.38227239985012856,-0.19983409794347884,0.29505,-0.22226330270474667,-0.1836998024572354
iid_gaussian,1000,0.000629940788348712,0.01,,,,,,,,iid_gaussian,1.0,-0.11754565787510747,-0.31860438081010134,-0.1877699922255217,0.47215,-0.19178514009112144,0.3980461298006079,0.9393,-0.12237815372325975,0.34825499925314424,0.48575,-0.18978870137843445,0.4043123296174802,0.94225,-0.12160054426693555,0.35239628640508835,0.4355,-0.19718417927863574,0.381100226000458,0.9212,-0.1266793707415513,0.3253481600542292,0.4437,-0.19599753294424482,0.3848247395535161,0.93905,-0.12252065333924236,0.3474960940932001,0.4613,-0.19321594452363303,0.3935552799608362,0.9334,-0.12361760948639294,0.34165407357570937
iid_gaussian,1000,0.000629940788348712,0.01,,,,,,,,iid_gaussian,1.0,-0.2806798590823188,-0.31860438081010134,-0.1877699922255217,0.01045,-0.3910102521530464,-0.22725949705663762,0.27245,-0.22702335571862908,-0.2090502482737604,0.00625,-0.4121935737022476,-0.29374735103824096,0.22745,-0.2375132117924441,-0.2649157033951312,0.006,-0.41430743387223085,-0.3003821002673898,0.2074,-0.24270552532705303,-0.292568223763629,0.0082,-0.40020975043661516,-0.2561338592363967,0.2759,-0.22613238939469002,-0.20430526046511754,0.01155,-0.3873367059665828,-0.2157293788042676,0.2776,-0.22578788253040272,-0.20247053245451227
iid_gaussian,1000,0.000629940788348712,0.01,,,,,,,,iid_gaussian,1.0,-0.3509500365226119,-0.31860438081010134,-0.1877699922255217,0.0007,-0.4814842733272142,-0.5112292935300052,0.1194,-0.27474122133300904,-0.46317959582716645,0.0007,-0.4830877603967416,-0.5162621404276225,0.09845,-0.28465151061469574,-0.5159584726020235,0.00025,-0.517449428950138,-0.6241127244843342,0.0698,-0.3026731243575084,-0.6119355428953843,0.0007,-0.47797895258037015,-0.5002271825799574,0.12445,-0.27252263425516754,-0.4513641451710421,0.00085,-0.4711751746964622,-0.47887224117391547,0.12005,-0.27439412939970304,-0.46133110060600707
iid_gaussian,1000,0.000629940788348712,0.01,,,,,,,,iid_gaussian,1.0,-0.13998820376273466,-0.31860438081010134,-0.1877699922255217,0.0397,-0.32815271095578735,-0.029969236836630726,0.43925,-0.19661876062045924,-0.047125572569176516,0.06515,-0.30669707685494885,0.0373733214994606,0.54265,-0.18177491475033372,0.031927771866697326,0.1411,-0.2652550349982796,0.16744699390564774,0.67725,-0.1643073617173759,0.12495410065291984,0.0399,-0.3279080278666206,-0.029201252766403542,0.4313,-0.19782470811392616,-0.05354804444113843,0.0331,-0.3365418985668399,-0.056300285988314526,0.4388,-0.19666791030895353,-0.047387327325150816
iid_gaussian,1000,0.000629940788348712,0.01,,,,,,,,iid_gaussian,1.0,-0.3043457772897363,-0.31860438081010134,-0.1877699922255217,0.0043,-0.42771219451862114,-0.34245547230422935,0.1924,-0.24737983671496147,-0.3174620384382036,0.01015,-0.39183392534500255,-0.2298447508747484,0.2785,-0.22563985611300302,-0.20168219340392582,0.00405,-0.42955830748078827,-0.34824984637238593,0.20315,-0.24401113436551383,-0.2995214595974608,0.006,-0.4142457266333988,-0.30018842044831406,0.21215,-0.24160520862530033,-0.286708306059467,0.00345,-0.43689846771789603,-0.37128832506010595,0.2047,-0.2434579183934626,-0.2965752168805372
iid_gaussian,1000,0.000629940788348712,0.01,,,,,,,,iid_gaussian,1.0,-0.2723691849546348,-0.31860438081010134,-0.1877699922255217,0.01155,-0.3876369266317516,-0.21667167804197868,0.30135,-0.2210079167182828,-0.1770140377533838,0.00755,-0.40362029065935695,-0.26683848361748636,0.25795,-0.23051278475823012,-0.22763377697418258,0.01155,-0.387697244793626,-0.2168609979807725,0.2665,-0.2283741912741472,-0.2162443453683361,0.00835,-0.39855290867959275,-0.2509335485789926,0.29105,-0.22321348035633715,-0.1887601299373008,0.011,-0.3896799287493972,-0.22308402589623913,0.2732,-0.22676496790400913,-0.2076741614371075
iid_gaussian,1000,0.000629940788348712,0.01,,,,,,,,iid_gaussian,1.0,-0.15396638133539242,-0.31860438081010134,-0.1877699922255217,0.082,-0.2940695236865346,0.0770072811339977,0.56105,-0.17932529742123876,0.04497361215278969,0.05855,-0.31101004274184185,0.0238362637982243,0.5263,-0.18412090185837446,0.01943383138006684,0.21915,-0.23960931828271775,0.247940917593557,0.7511,-0.15396638133539248,0.18002669377292888,0.0714,-0.3010189873814933,0.055195077305260014,0.5761,-0.177301400006627,0.055752210962023006,0.0752,-0.29826890165382297,0.06382674056324097,0.55815,-0.17969652412538017,0.042996583237032204
iid_gaussian,1000,0.000629940788348712,0.01,,,,,,,,iid_gaussian,1.0,-0.10927125306473277,-0.31860438081010134,-0.1877699922255217,0.06435,-0.3072458110685528,0.03565101557193782,0.5328,-0.18323006572916564,0.024178125815244082,0.0931,-0.28755024771731463,0.09746925956832962,0.62725,-0.17069277005327133,0.09094755754018317,0.30915,-0.21965144106804568,0.31058248317381065,0.8602,-0.13797970388009972,0.2651663759224169,0.05835,-0.3111843931686838,0.023289032067139413,0.54955,-0.18082210597878492,0.037002111809175585,0.06555,-0.3062608572428343,0.038742479108045215,0.5344,-0.1829860925267775,0.02547744526185256
iid_gaussian,1000,0.000629940788348712,0.01,,,,,,,,iid_gaussian,1.0,-0.14329985831529946,-0.31860438081010134,-0.1877699922255217,0.0552,-0.31409521267679386,0.014152875493557938,0.51955,-0.185085970064589,0.01429420180040838,0.0704,-0.3017172038410675,0.05300359312729968,0.5396,-0.18221159774090046,0.029602144723664514,0.17275,-0.2535857051545264,0.2040733887282241,0.7157,-0.1588555985209723,0.1539883628999765,0.05665,-0.31267721011746696,0.018603544237413245,0.5323,-0.183312055291062,0.02374147690811789,0.05855,-0.3109748351775703,0.023946769385693106,0.53235,-0.1833028231596378,0.023790644143599878
iid_gaussian,1000,0.000629940788348712,0.01,,,,,,,,iid_gaussian,1.0,-0.25999560904862346,-0.31860438081010134,-0.1877699922255217,0.004,-0.4302148808429503,-0.3503106258271209,0.1912,-0.2476900867189673,-0.3191143259007988,0.00125,-0.46040326280414495,-0.4450625620196993,0.1492,-0.2623116604969249,-0.3969839237244825,0.00085,-0.4712542838187533,-0.4791205400896113,0.12765,-0.27112783544788344,-0.4439359145429614,0.00415,-0.4284222135364256,-0.34468400103945623,0.1838,-0.25010428091459846,-0.3319715144590834,0.00415,-0.4285398339575221,-0.34505317493718296,0.1896,-0.24817392168493335,-0.32169106864990077
iid_gaussian,1000,0.000629940788348712,0.01,,,,,,,,iid_gaussian,1.0,-0.18520171184868398,-0.31860438081010134,-0.1877699922255217,0.08115,-0.29453542263304855,0.07554496933109868,0.5817,-0.17650134237706772,0.060013049555435606,0.0532,-0.31599518224649864,0.008189462294800859,0.4854,-0.18986360644133457,-0.011149887109215618,0.139,-0.26605384365862417,0.16493978211429244,0.67455,-0.16456104110486036,0.12360308931997062,0.0801,-0.29510801328991626,0.0737477854524219,0.56485,-0.1787263735072533,0.04816328003788036,0.09045,-0.2889796085536034,0.09298294072784671,0.5924,-0.17522021022078732,0.06683592972439087
iid_gaussian,1000,0.000629940788348712,0.01,,,,,,,,iid_gaussian,1.0,-0.23186280684888078,-0.31860438081010134,-0.1877699922255217,0.0857,-0.2912877354241224,0.08573844878253749,0.59335,-0.17504950229737962,0.06774506286853392,0.036,-0.3327480127709122,-0.044392459152157525,0.4336,-0.19747307655239682,-0.051675372682665886,0.04555,-0.3222834766009103,-0.01154753673334392,0.5202,-0.18498461980479897,0.01483395929088266,0.10195,-0.28273595168278187,0.11257983658642229,0.57005,-0.1780139384922711,0.051957469974931225,0.0944,-0.28680326191096417,0.09981381554854288,0.60065,-0.17417700965648192,0.07239166603742465
iid_gaussian,1000,0.000629940788348712,0.01,,,,,,,,iid_gaussian,1.0,-0.15155947598809708,-0.31860438081010134,-0.1877699922255217,0.04385,-0.32361302656925756,-0.015720580321026825,0.4633,-0.19284760171194415,-0.0270416450799229,0.02275,-0.3530640036191599,-0.10815803198135443,0.37235,-0.20738588362462418,-0.10446765836546845,0.0394,-0.32865950147502987,-0.03155989456065173,0.4566,-0.1938866287606481,-0.032575154648672465,0.0377,-0.3307970883206893,-0.03826911444088159,0.47435,-0.19151004745856304,-0.019918279745942173,0.0417,-0.3261679068859477,-0.023739554542894004,0.43905,-0.19665185620337847,-0.04730182854345101
iid_gaussian,1000,0.000629940788348712,0.01,,,,,,,,iid_gaussian,1.0,-0.20126946862010253,-0.31860438081010134,-0.1877699922255217,0.0058,-0.41565172894443997,-0.304601424147341,0.21885,-0.23973734083481363,-0.276760668695541,0.0082,-0.40059392633015745,-0.2573396678086626,0.24845,-0.2327445001021245,-0.23951914437204652,0.00535,-0.41910479054627825,-0.31543950990453723,0.2054,-0.2432202751784396,-0.2953096088235397,0.0055,-0.4172792931435517,-0.30970984166179394,0.22895,-0.237204158112196,-0.2632697871516192,0.00625,-0.41255076083567316,-0.2948684502915449,0.22985,-0.23690665159141405,-0.2616853672064736
iid_gaussian,1000,0.000629940788348712,0.01,,,,,,,,iid_gaussian,1.0,-0.15422872551454256,-0.31860438081010134,-0.1877699922255217,0.0573,-0.3119356411382974,0.020931098482850782,0.5254,-0.18427392676487553,0.018618872053034016,0.03665,-0.3320585994765715,-0.04222860537027371,0.4257,-0.19875750014128518,-0.05851578191773525,0.06435,-0.30730871431034446,0.0354535818717743,0.50195,-0.18755441530986944,0.0011480903476491177,0.0646,-0.3071065696480245,0.03608805105831201,0.5269,-0.1840436325602487,0.01984534174554079,0.05515,-0.3141886089667752,0.013859733604724315,0.52235,-0.18468335181026424,0.016438411583626474
iid_gaussian,1000,0.000629940788348712,0.01,,,,,,,,iid_gaussian,1.0,-0.1882029381129207,-0.31860438081010134,-0.1877699922255217,0.01415,-0.3773717967280207,-0.18445262983670851,0.30395,-0.22055758925953278,-0.17461574474920055,0.0116,-0.38724731839018217,-0.21544881901983098,0.31185,-0.2190719320951812,-0.16670363298553156,0.0212,-0.3571282297988582,-0.12091437315081477,0.3604,-0.20964008699430026,-0.11647278944609746,0.0152,-0.3741526682916974,-0.17434878748482957,0.32415,-0.2168306278438893,-0.1547671982830154,0.01405,-0.3777277616044195,-0.18556989280557834,0.29765,-0.22162389581341202,-0.1802945358128895
iid_gaussian,1000,0.000629940788348712,0.01,,,,,,,,iid_gaussian,1.0,-0.2555873548187042,-0.31860438081010134,-0.1877699922255217,0.0941,-0.28695871474151863,0.09932589749117281,0.5924,-0.17523175111280415,0.06677446680435749,0.0567,-0.31254738982840946,0.019011009724006413,0.55815,-0.1797110741916791,0.0429190944640581,0.0372,-0.3311948806810468,-0.039517660864964096,0.49725,-0.18818461666947878,-0.0022081507222894378,0.0833,-0.2930862852280339,0.08009336066623966,0.5889,-0.17565461663441723,0.06452242686655317,0.0826,-0.2936625726882254,0.07828457367239434,0.58895,-0.17563273667605347,0.06463895218619782
iid_gaussian,1000,0.000629940788348712,0.01,,,,,,,,iid_gaussian,1.0,-0.23447276723329324,-0.31860438081010134,-0.1877699922255217,0.0211,-0.35750674934912535,-0.1221024282218238,0.3585,-0.21001539288882548,-0.11847154276166698,0.0218,-0.35555547653332087,-0.11597799009940041,0.34085,-0.21346373068247232,-0.1368362332682587,0.03135,-0.33957410402014576,-0.06581743526791951,0.38925,-0.20438623751280835,-0.08849254926383365,0.0201,-0.3600807726789674,-0.13018148640456806,0.36495,-0.2086947746291788,-0.11143837284993499,0.0183,-0.3638347350302314,-0.14196400597231218,0.3707,-0.20773254629136406,-0.10631386745687388
iid_gaussian,1000,0.000629940788348712,0.01,,,,,,,,iid_gaussian,1.0,-0.16417768614149592,-0.31860438081010134,-0.1877699922255217,0.14145,-0.2651419023460867,0.16780208209340358,0.70515,-0.1602957484370391,0.146318607477411,0.1713,-0.25420109882879327,0.20214185949845598,0.7013,-0.16087259518779323,0.14324651515894657,0.1899,-0.24802783773536727,0.2215178049193241,0.71045,-0.15965378265971192,0.1497375018902953,0.17785,-0.2518462766162819,0.20953291359044263,0.69985,-0.1610820717708257,0.1421309131367615,0.1596,-0.2583831728997012,0.1890156304733737,0.7245,-0.157586969663759,0.16074465469174268
iid_gaussian,1000,0.000629940788348712,0.01,,,,,,,,iid_gaussian,1.0,-0.12350846936240062,-0.31860438081010134,-0.1877699922255217,0.1774,-0.25203028334106103,0.20895537374522372,0.7582,-0.1529434200270664,0.18547464259692117,0.16375,-0.2565595130996123,0.19473953105330913,0.73655,-0.15594495966927258,0.1694894491875229,0.269,-0.22789692337223436,0.2847024802585235,0.83245,-0.14231002397412243,0.24210454350341268,0.19495,-0.2467059542367138,0.22566678584448394,0.7678,-0.15153159357897877,0.192993556728802,0.19865,-0.24550356566149448,0.22944070939243408,0.7704,-0.15122674276915757,0.19461708989407508
iid_gaussian,1000,0.000629940788348712,0.01,,,,,,,,iid_gaussian,1.0,-0.18126151084956835,-0.31860438081010134,-0.1877699922255217,0.15675,-0.2595725582969211,0.18528251985450614,0.69755,-0.16141929853737044,0.14033495648496747,0.07805,-0.29602974832551393,0.07085474602448304,0.56455,-0.17878425738476966,0.04785500992064644,0.06965,-0.3028465014896131,0.04945907925189652,0.55345,-0.18038008798054198,0.03935615141371507,0.14365,-0.26431285137338106,0.17040421509169332,0.7213,-0.15801412291063516,0.15846977976730262,0.16275,-0.25697123073512396,0.19344727752413662,0.7099,-0.15971857944602982,0.14939241593939384
iid_gaussian,1000,0.000629940788348712,0.01,,,,,,,,iid_gaussian,1.0,-0.16839425429639265,-0.31860438081010134,-0.1877699922255217,0.05725,-0.31198660015758733,0.02077115398001517,0.51525,-0.185702162209597,0.011012569108705747,0.0671,-0.30498826718112293,0.042736743275021256,0.51755,-0.1853262077117734,0.01301477666789901,0.05355,-0.31585245810802165,0.008637428948975834,0.48335,-0.1902495459593908,-0.013205271537163533,0.06295,-0.308112528138764,0.03293066041546626,0.5337,-0.18310693805625616,0.02483386250378586,0.06425,-0.3075409253669253,0.03472474363047203,0.5566,-0.17990456004977964,0.041888653679525455
iid_gaussian,1000,0.000629940788348712,0.01,,,,,,,,iid_gaussian,1.0,-0.1883417233189895,-0.31860438081010134,-0.1877699922255217,0.03665,-0.3322017130763696,-0.04267779442233314,0.46345,-0.19281725901650096,-0.02688005006101941,0.03865,-0.3300152230100146,-0.03581508255128017,0.4539,-0.1943298659927919,-0.034935687484033286,0.0725,-0.30030741389280546,0.05742848504083021,0.57085,-0.17789297415627262,0.052601685456674416,0.03935,-0.3287108607216656,-0.031721095252573016,0.4395,-0.19657659493300683,-0.0469010122602973,0.0397,-0.3280324731634972,-0.029591847825266783,0.45795,-0.19368486710583926,-0.031500639746597406
iid_gaussian,1000,0.000629940788348712,0.01,,,,,,,,iid_gaussian,1.0,-0.14623819635117122,-0.31860438081010134,-0.1877699922255217,0.1217,-0.2736304170386568,0.14115927614394758,0.67725,-0.1643075941152788,0.12495286297963595,0.1731,-0.2535282292760688,0.20425378762390617,0.7495,-0.15422198410419252,0.17866543915620048,0.17855,-0.25161370659238996,0.21026287851842193,0.75425,-0.15351253207484278,0.18244374271227484,0.1305,-0.26999193891731094,0.1525793266532798,0.66805,-0.16534090415843605,0.11944980026492802,0.1245,-0.2723805103420615,0.14508234428700706,0.66605,-0.16563143816220316,0.1179025136068013
iid_gaussian,1000,0.000629940788348712,0.01,,,,,,,,iid_gaussian,1.0,-0.30877208573908654,-0.31860438081010134,-0.1877699922255217,0.02265,-0.3533045180826006,-0.10891293203272583,0.39425,-0.20365974069817677,-0.08462347089821803,0.02155,-0.35588050831742896,-0.11699816371811099,0.36785,-0.20815457005922758,-0.10856142449653462,0.0085,-0.39800981800603924,-0.24922895596738873,0.29645,-0.22186176504894956,-0.18156134757933962,0.0206,-0.3587393765955273,-0.1259712615481823,0.3818,-0.205804234812909,-0.09604432728381436,0.024,-0.35062359474075,-0.1004983479801339,0.38195,-0.20579506571984374,-0.09599549576948889
iid_gaussian,1000,0.000629940788348712,0.01,,,,,,,,iid_gaussian,1.0,-0.19138161015434774,-0.31860438081010134,-0.1877699922255217,0.01625,-0.36952014041028963,-0.15980872413218875,0.3377,-0.21411222599006413,-0.14028990176930936,0.04745,-0.32051383167387903,-0.005993172030223246,0.51155,-0.1862735098482015,0.007969763217132383,0.0397,-0.3281862263510506,-0.030074431232194377,0.4509,-0.19483162096582762,-0.03760786618036669,0.01525,-0.37387829036116255,-0.17348760054873907,0.33485,-0.21466185323265663,-0.1432170321168058,0.01695,-0.36682318589133145,-0.15134382320364295,0.33155,-0.21527791368888244,-0.14649796347822316
iid_gaussian,1000,0.000629940788348712,0.01,,,,,,,,iid_gaussian,1.0,-0.18324977610954618,-0.31860438081010134,-0.1877699922255217,0.02735,-0.344834620529545,-0.08232855949045391,0.4134,-0.20058494433555824,-0.06824813676641733,0.04125,-0.3265567398733088,-0.024959980283344962,0.478,-0.1909541677030172,-0.016957850611567026,0.0405,-0.3276937348286008,-0.028528653609182563,0.47265,-0.1917405874832004,-0.021146058593376208,0.0308,-0.3400998599921994,-0.06746761964616567,0.39155,-0.20406431099949862,-0.08677807662902053,0.0269,-0.34607170352015637,-0.08621137801123474,0.42245,-0.1992547326539536,-0.06116387550699855
iid_gaussian,1000,0.000629940788348712,0.01,,,,,,,,iid_gaussian,1.0,-0.34165810802277413,-0.31860438081010134,-0.1877699922255217,0.012,-0.3848348539543421,-0.20787684392737926,0.2889,-0.22355939817386966,-0.19060237221165233,0.0076,-0.40342859376052514,-0.2662368067091388,0.2404,-0.23463117233496678,-0.24956692788889454,0.01025,-0.3913444095421369,-0.22830831310945154,0.28345,-0.22460439154711237,-0.19616765642377296,0.00985,-0.39238709031575875,-0.23158096357009705,0.2819,-0.22485383709437934,-0.1974961197437659,0.01155,-0.3874025052942755,-0.21593590241679728,0.29565,-0.22207738630595614,-0.18270967407416958
iid_gaussian,1000,0.000629940788348712,0.01,,,,,,,,iid_gaussian,1.0,-0.443970271171206,-0.31860438081010134,-0.1877699922255217,0.0,-0.6390092957216001,-1.0056513162085823,0.0025,-0.44323960307984056,-1.3605454621710071,0.0,-0.6493936011687877,-1.0382444193567057,0.0026,-0.4418985159429688,-1.3534032818844945,0.0,-0.6610009745586369,-1.0746763521516522,0.0015,-0.45654022875088107,-1.4313801334270284,0.0,-0.6499384932388953,-1.0399546659914884,0.0025,-0.44334433008669283,-1.3611032030837642,0.0,-0.6515274680667147,-1.0449419634786705,0.0021,-0.4483275641486014,-1.3876422363065142
iid_gaussian,1000,0.000629940788348712,0.01,,,,,,,,iid_gaussian,1.0,-0.1673635103307314,-0.31860438081010134,-0.1877699922255217,0.0833,-0.29308156870920077,0.08010816435105142,0.5957,-0.17472141015764447,0.06949237156172003,0.10215,-0.2826147406960884,0.1129602801521551,0.64665,-0.1681292796936747,0.1045998473933869,0.1137,-0.2771900878100945,0.12998657738071434,0.6537,-0.16720526563647603,0.109520836345066,0.0703,-0.30191010424603915,0.052398138787716576,0.5614,-0.17924607268788278,0.04539553651044116,0.08365,-0.2927898016558607,0.08102393033204072,0.585,-0.17608764934358195,0.062216239897952615
iid_gaussian,1000,0.000629940788348712,0.01,,,,,,,,iid_gaussian,1.0,-0.12691577719083047,-0.31860438081010134,-0.1877699922255217,0.046,-0.32187983804503345,-0.01028064092089302,0.45645,-0.19391031490255312,-0.03270129909605873,0.08695,-0.2907970939858406,0.08727841956710197,0.57715,-0.17715226178554097,0.05654647110614076,0.1452,-0.2638417460041066,0.1718828682353714,0.66715,-0.16547246925134698,0.11874912870739336,0.04625,-0.32163548613140175,-0.009513696307606791,0.4649,-0.19257816301610026,-0.025606704956368534,0.0507,-0.3181735862784147,0.0013521299694351,0.4651,-0.19256317473213239,-0.02552688238306902
iid_gaussian,1000,0.000629940788348712,0.01,,,,,,,,iid_gaussian,1.0,-0.2004136103845377,-0.31860438081010134,-0.1877699922255217,0.1873,-0.24898854898194753,0.21850243129471322,0.7514,-0.15390016577745624,0.18037933562560948,0.217,-0.2401718391022819,0.24617533980038964,0.78,-0.1498024034193915,0.20220264354343226,0.17655,-0.252276424650003,0.20818281277692782,0.777,-0.1502633629045198,0.1997477279327703,0.1813,-0.25075307055523705,0.21296414720457313,0.7605,-0.15264898451157488,0.18704270739791393,0.175,-0.25293487212277355,0.20611615107222575,0.7511,-0.15396827085824677,0.1800166308079583
iid_gaussian,1000,0.000629940788348712,0.01,,,,,,,,iid_gaussian,1.0,-0.3713428278112441,-0.31860438081010134,-0.1877699922255217,5e-05,-0.547474784476966,-0.7183529714341212,0.0348,-0.33479612723869545,-0.7830118820934261,5e-05,-0.5437135748754246,-0.706547705003139,0.03135,-0.3395212689399537,-0.8081764019682691,5e-05,-0.5499165897637439,-0.7260170383266394,0.03615,-0.33266020325378154,-0.771636667344796,5e-05,-0.5447285002254524,-0.709733239826757,0.0314,-0.33933519563164843,-0.8071854379377557,5e-05,-0.5535778784641602,-0.7375086841449011,0.0331,-0.3365277583816897,-0.792233968766969
iid_gaussian,1000,0.000629940788348712,0.01,,,,,,,,iid_gaussian,1.0,-0.27077700489693807,-0.31860438081010134,-0.1877699922255217,0.03635,-0.3324604125542872,-0.043489771574875234,0.43995,-0.19650206225374495,-0.046504076209022575,0.03665,-0.3319511590488624,-0.04189138330372233,0.4567,-0.1938655301149994,-0.03246279033849367,0.01905,-0.3620668481710192,-0.13641515929695552,0.3427,-0.2131481525486832,-0.1351555699735076,0.03525,-0.3341637688168707,-0.048836076789676275,0.44205,-0.19622530397950536,-0.04503015446594027,0.03715,-0.33146306096347394,-0.040359395312385235,0.4563,-0.19393547278525608,-0.032835281541308804
iid_gaussian,1000,0.000629940788348712,0.01,,,,,,,,iid_gaussian,1.0,-0.14281059549121825,-0.31860438081010134,-0.1877699922255217,0.17765,-0.2519115944283503,0.20932790130560733,0.76185,-0.15239813737461022,0.1883786351145396,0.21705,-0.24013803192382546,0.24628145001259225,0.78495,-0.1491360997340626,0.2057511534913297,0.18545,-0.2495252772249979,0.21681780837243683,0.72925,-0.15700235072457278,0.16385813907898214,0.1586,-0.2587175515540466,0.18796611993778353,0.7322,-0.15654196857672256,0.16630997998494157,0.17,-0.25457111367470936,0.20098049804769605,0.73755,-0.15585026107754918,0.16999378212486285
iid_gaussian,1000,0.000629940788348712,0.01,,,,,,,,iid_gaussian,1.0,-0.2131231376414191,-0.31860438081010134,-0.1877699922255217,0.1006,-0.2835740280063478,0.10994937582051889,0.5889,-0.17566078236787616,0.06448959023815555,0.08905,-0.2895509148979645,0.0911897879064434,0.58615,-0.17598402900728732,0.06276808705450027,0.1048,-0.28128649333371597,0.11712923526506076,0.62135,-0.17156941905782125,0.08627881897253696,0.10365,-0.28193444444760557,0.11509551836436378,0.611,-0.17296491411406545,0.07884688035601864,0.07665,-0.2972443920495392,0.067042357378298,0.58615,-0.17598323558245405,0.06277231256904535
iid_gaussian,1000,0.000629940788348712,0.01,,,,,,,,iid_gaussian,1.0,-0.19701538778193328,-0.31860438081010134,-0.1877699922255217,0.1775,-0.2519357263017123,0.20925215886509027,0.74755,-0.15456201077042064,0.17685457117778713,0.11405,-0.2770749416917367,0.13034798521216054,0.6426,-0.1686552515829079,0.1017986975238088,0.10345,-0.2821496960033622,0.1144199107182626,0.56485,-0.17873371987948536,0.04812415572336664,0.18445,-0.24992461497191434,0.21556441146087815,0.7203,-0.15814675522666172,0.1577634245374038,0.16995,-0.2546310780817485,0.20079228843523975,0.73215,-0.15655144248580627,0.16625952512273798
iid_gaussian,1000,0.000629940788348712,0.01,,,,,,,,iid_gaussian,1.0,-0.21818392462644223,-0.31860438081010134,-0.1877699922255217,0.02005,-0.3604238438167368,-0.13125827994047967,0.36495,-0.20867113725287395,-0.11131248811177911,0.013,-0.38120283221999124,-0.19647705800756277,0.29415,-0.22245638233453255,-0.1847280798060142,0.024,-0.3505662573031346,-0.10031838360717207,0.3914,-0.2040826017970327,-0.08687548728190111,0.0163,-0.36934372490612116,-0.15925501076603882,0.3543,-0.2108892133186666,-0.12312521728912623,0.0218,-0.35487136222834403,-0.1138307681960563,0.33625,-0.21437556145821773,-0.14169233814922527
iid_gaussian,1000,0.000629940788348712,0.01,,,,,,,,iid_gaussian,1.0,-0.30154131546523344,-0.31860438081010134,-0.1877699922255217,0.00045,-0.5039572399836874,-0.5817649421589793,0.06575,-0.306152376516615,-0.6304648729436477,0.0005,-0.4984098020047372,-0.5643532607349986,0.0771,-0.29690589964196956,-0.5812212384041101,0.0005,-0.4946123612687979,-0.5524342760484611,0.0905,-0.2889460412577956,-0.5388297024092971,0.00035,-0.5076614039655567,-0.5933911601427087,0.0733,-0.2997476254330227,-0.5963553168442906,0.0004,-0.5066510038575316,-0.590219828645458,0.06905,-0.3034466504150093,-0.616055083234779
iid_gaussian,1000,0.000629940788348712,0.01,,,,,,,,iid_gaussian,1.0,-0.15146348635937415,-0.31860438081010134,-0.1877699922255217,0.1328,-0.26868253867591907,0.15668912651875094,0.68655,-0.16302649671209757,0.1317755580652413,0.1773,-0.2520701313247564,0.2088303033253065,0.7442,-0.15503205910541049,0.1743512514011889,0.11865,-0.27514666734775095,0.13640023828879055,0.6276,-0.1706615213136841,0.09111397784630805,0.1453,-0.2637903171900076,0.17204428727791005,0.67605,-0.1644302147089974,0.12429982682478888,0.13405,-0.2682058042993698,0.1581854473644879,0.69445,-0.16180260832153476,0.13829357713770765
iid_gaussian,1000,0.000629940788348712,0.01,,,,,,,,iid_gaussian,1.0,-0.17399119843682717,-0.31860438081010134,-0.1877699922255217,0.01775,-0.36494317293723505,-0.1454430476106766,0.3277,-0.21610358972727414,-0.15089523712458955,0.01275,-0.38227709943392846,-0.19984884847449147,0.28585,-0.22416212710016736,-0.1938123043161059,0.0118,-0.3857388177185451,-0.21071410486492373,0.2933,-0.22268996437662486,-0.185972059418112,0.0156,-0.3724688724961168,-0.16906387648863022,0.3474,-0.21213796169659166,-0.1297756323161729,0.01745,-0.3659012689711643,-0.14845021289664398,0.33755,-0.21414874346975138,-0.14048438161805638
iid_gaussian,1000,0.000629940788348712,0.01,,,,,,,,iid_gaussian,1.0,-0.2915118405228723,-0.31860438081010134,-0.1877699922255217,0.0011,-0.46774137257478027,-0.4680946049312783,0.13005,-0.27015898712693354,-0.43877615334008363,0.00085,-0.47034747888644785,-0.4762743616095799,0.1199,-0.2744488184626119,-0.4616223562121913,0.00055,-0.48621161702250604,-0.526066954215247,0.1066,-0.28039132973828296,-0.4932701781311154,0.00125,-0.4615861038140099,-0.4487751318433074,0.12705,-0.2713953305824529,-0.4453605039110442,0.00115,-0.4642781836326169,-0.4572247326044834,0.1256,-0.2718341722107562,-0.4476976272346485
iid_gaussian,1000,0.000629940788348712,0.01,,,,,,,,iid_gaussian,1.0,-0.23665779657501912,-0.31860438081010134,-0.1877699922255217,0.1635,-0.25668241302714445,0.194353786427891,0.7328,-0.15646843887736195,0.16670157450166445,0.1448,-0.26393677828656104,0.1715845914752942,0.7003,-0.16098103601821973,0.14266899566746016,0.1203,-0.2742850413786552,0.13910461406323818,0.62195,-0.17147745223651337,0.0867686034168875,0.1625,-0.25713341538185086,0.19293823039077793,0.7438,-0.1551170606043477,0.17389856192759542,0.1706,-0.2543408427797348,0.20170324672550477,0.7524,-0.153737039503402,0.1812480914482029
iid_gaussian,1000,0.000629940788348712,0.01,,,,,,,,iid_gaussian,1.0,-0.2728172165646512,-0.31860438081010134,-0.1877699922255217,0.0114,-0.3883215145145743,-0.21882038635880108,0.3032,-0.22065521506329494,-0.17513566703606365,0.0302,-0.3408566672174313,-0.06984300200377047,0.4336,-0.19746792056066356,-0.051647913600028954,0.02285,-0.35241607494603605,-0.10612438551523744,0.37525,-0.20692896156604024,-0.10203424473441737,0.0131,-0.3807239169881554,-0.1949738921357749,0.31425,-0.21862504846828293,-0.16432368067471964,0.01115,-0.3890280180632484,-0.22103788113046016,0.31345,-0.21876786710675022,-0.16508428484141613
iid_gaussian,1000,0.000629940788348712,0.01,,,,,,,,iid_gaussian,1.0,-0.2250354874673048,-0.31860438081010134,-0.1877699922255217,0.00155,-0.4563981816235344,-0.4324918585961399,0.1498,-0.2621058859138863,-0.3958880373126033,0.00075,-0.476864105946122,-0.49672802594120213,0.11035,-0.27858030924937793,-0.48362529042866564,0.0007,-0.48005226426954667,-0.5067346627467547,0.09305,-0.2875908089359379,-0.5316121896118849,0.00145,-0.45737716508287807,-0.4355645830102062,0.1489,-0.2623812042425599,-0.39735429038856307,0.00175,-0.4548995806255651,-0.42778821643604514,0.1515,-0.2613613452480277,-0.3919228634473119
iid_gaussian,1000,0.000629940788348712,0.01,,,,,,,,iid_gaussian,1.0,-0.28819573727122333,-0.31860438081010134,-0.1877699922255217,5e-05,-0.5435448159015497,-0.706018023102828,0.046,-0.321859971726795,-0.7141182566606495,5e-05,-0.5369335767875955,-0.6852674009765907,0.0521,-0.31659559524886327,-0.6860819532261321,0.0001,-0.5330932484235005,-0.6732138053721287,0.044,-0.3234033496257047,-0.7223377696968756,5e-05,-0.5529099284721259,-0.7354121969894645,0.03515,-0.33424600845169206,-0.7800821339452626,5e-05,-0.5409565522947269,-0.6978942691222906,0.0432,-0.3242821520668955,-0.727017976745802
iid_gaussian,1000,0.000629940788348712,0.01,,,,,,,,iid_gaussian,1.0,-0.21461375678876862,-0.31860438081010134,-0.1877699922255217,0.0382,-0.33034298414601354,-0.03684382275618738,0.49745,-0.18815690621385,-0.002060574129776778,0.069,-0.30349393841069033,0.0474269762424181,0.5373,-0.18257208553596593,0.027682307635784605,0.02275,-0.3531090251490462,-0.10829934055273002,0.4186,-0.19975061626283486,-0.06380478528711757,0.05465,-0.3146097526580809,0.012537894619852642,0.52095,-0.18488306405624688,0.015374811145582163,0.05075,-0.31796453191436125,0.002008286559378675,0.50335,-0.18735476947980667,0.0022113370767802643
iid_gaussian,1000,0.000629940788348712,0.01,,,,,,,,iid_gaussian,1.0,-0.168605511058736,-0.31860438081010134,-0.1877699922255217,0.20125,-0.2446209543503306,0.23221095162488456,0.773,-0.15086398653927188,0.1965490079049679,0.1474,-0.26294728728077615,0.17469029580763562,0.6965,-0.16156122279552979,0.13957911548781343,0.1583,-0.25888982355196755,0.18742541174826352,0.7213,-0.15801408840416864,0.15846996353716974,0.19455,-0.24676924622298468,0.22546813199637938,0.75885,-0.15287062479692365,0.18586232557693283,0.18945,-0.24829481794395608,0.22067983713021216,0.76305,-0.1522009208411353,0.18942894422483694
iid_gaussian,1000,0.000629940788348712,0.01,,,,,,,,iid_gaussian,1.0,-0.24101479621751895,-0.31860438081010134,-0.1877699922255217,0.03905,-0.32927418605769876,-0.03348919817256679,0.4521,-0.1946165669301368,-0.03646256051601676,0.05195,-0.3168809938457956,0.005409175353847174,0.542,-0.181832770123307,0.03161965355509938,0.01215,-0.384179839016591,-0.20582095588188024,0.2947,-0.22231631464274004,-0.18398212625863225,0.0282,-0.3439889302254691,-0.07967420080924059,0.45975,-0.19339986678176618,-0.029982823610509055,0.02915,-0.3422891073115921,-0.07433898567643255,0.45515,-0.19412712279469166,-0.03385594521160069
iid_gaussian,1000,0.000629940788348712,0.01,,,,,,,,iid_gaussian,1.0,-0.13957626533873085,-0.31860438081010134,-0.1877699922255217,0.1384,-0.2663311014625065,0.16406955615199603,0.6916,-0.16219565850066814,0.13620032371379895,0.0726,-0.30020509488901764,0.0577496325515068,0.58845,-0.1757149312817778,0.06420121128441629,0.2309,-0.23660291311721476,0.25737708779893437,0.79215,-0.1479640746217995,0.2119929661386639,0.1428,-0.26472840712261214,0.16909991491799684,0.69995,-0.16105628688795798,0.14226823477459144,0.1495,-0.2621840525910027,0.17708585197617546,0.69245,-0.16202766746664587,0.13709498761632763
iid_gaussian,1000,0.000629940788348712,0.01,,,,,,,,iid_gaussian,1.0,-0.14882246883912204,-0.31860438081010134,-0.1877699922255217,0.09645,-0.28573322398225454,0.10317233160531804,0.625,-0.1710362500006231,0.08911829854474555,0.1084,-0.2796552247972168,0.12224927954176355,0.6738,-0.16467896014715544,0.12297509205109151,0.2955,-0.2221457390014735,0.3027536581994469,0.81915,-0.14423276856928013,0.2318646506836463,0.10005,-0.28386603578651104,0.10903285427294702,0.6262,-0.17083482245292742,0.0901910341043965,0.10185,-0.2829387539139273,0.11194330349598022,0.6575,-0.1667547941115995,0.11191989659711894
iid_gaussian,1000,0.000629940788348712,0.01,,,,,,,,iid_gaussian,1.0,-0.1652605396268915,-0.31860438081010134,-0.1877699922255217,0.04935,-0.3190611837463009,-0.001433762257248466,0.5257,-0.18420540687010592,0.01898378603080802,0.0801,-0.29505708736044695,0.07390762609660836,0.603,-0.17395384010373266,0.07358019222366009,0.0726,-0.3001986818083055,0.057769761216077686,0.5684,-0.17829849936150768,0.05044199422790762,0.0457,-0.32213042165124595,-0.01106714487785478,0.5273,-0.18400349078993328,0.020059123350575976,0.0467,-0.3210937791255443,-0.007813446598296287,0.4986,-0.18795158872508422,-0.0009671220486839108
iid_gaussian,1000,0.000629940788348712,0.01,,,,,,,,iid_gaussian,1.0,-0.14040527735969008,-0.31860438081010134,-0.1877699922255217,0.1964,-0.2463013223679742,0.22693679935688688,0.77525,-0.1505430723583866,0.1982580891968276,0.1899,-0.24801587240770426,0.22155536035918524,0.78925,-0.14844473230346256,0.2094331445400894,0.1723,-0.25373622742690066,0.20360094615856592,0.74215,-0.15530092165442438,0.1729193796424098,0.1889,-0.24849714919229487,0.22004478230822783,0.76225,-0.15232365450568638,0.1887753058926604,0.19985,-0.2450958007658512,0.2307205565012732,0.75995,-0.15274727839204036,0.18651922715860378
iid_gaussian,1000,0.000629940788348712,0.01,,,,,,,,iid_gaussian,1.0,-0.14426029868777593,-0.31860438081010134,-0.1877699922255217,0.1245,-0.27244070845063256,0.14489340115817126,0.6564,-0.16690804248873914,0.11110374714041775,0.1186,-0.27518361482978365,0.1362842716409411,0.65515,-0.1670314486751481,0.11044652718239194,0.2439,-0.2339606365241095,0.2656703717342866,0.79805,-0.14706481145090142,0.21678214017142428,0.11865,-0.2751790737366554,0.13629852471905854,0.6443,-0.16844344290578966,0.10292671949690362,0.12885,-0.27065680421031885,0.15049252140811215,0.67275,-0.1648114935528167,0.12226926358462338
iid_gaussian,1000,0.000629940788348712,0.01,,,,,,,,iid_gaussian,1.0,-0.19276483098695862,-0.31860438081010134,-0.1877699922255217,0.24065,-0.23459243638801283,0.2636873485809424,0.82165,-0.1438846000762985,0.23371887930055688,0.18705,-0.24910128217111532,0.21814859689707827,0.7614,-0.15246131850175904,0.18804215362247598,0.20275,-0.24421445337508416,0.23348683168093667,0.75425,-0.15351446800814694,0.18243343258081443,0.21785,-0.23997722162175208,0.24678618350578682,0.80415,-0.14619164794269351,0.22143231615459832,0.2589,-0.230277157990053,0.27723166453475184,0.8199,-0.14412364988395587,0.23244578020296378
iid_gaussian,1000,0.000629940788348712,0.01,,,,,,,,iid_gaussian,1.0,-0.23649347989269498,-0.31860438081010134,-0.1877699922255217,0.0011,-0.4671402850102041,-0.4662079781276926,0.11705,-0.2759237608329085,-0.46947740457649606,0.00085,-0.47560483508971907,-0.4927755666146824,0.1171,-0.2759055909935074,-0.4693806381060622,0.00155,-0.45630425884361153,-0.43219706421922627,0.12935,-0.2704268957954371,-0.440202945051199,0.0011,-0.4678209234203184,-0.46834429027877994,0.1154,-0.27657947228402097,-0.4729695038376226,0.00125,-0.46080364401339774,-0.4463192340348007,0.12405,-0.2727401928105403,-0.4525227890671949
iid_gaussian,1000,0.000629940788348712,0.01,,,,,,,,iid_gaussian,1.0,-0.1604177268227364,-0.31860438081010134,-0.1877699922255217,0.0801,-0.2950319273314128,0.07398659559781283,0.59775,-0.17448715323539943,0.07073994535915455,0.0889,-0.28978635827327204,0.09045080442257254,0.6327,-0.1699936815013136,0.09467066869160759,0.10115,-0.2832824608832293,0.11086451428276212,0.60615,-0.1735293377073479,0.07584094960748584,0.08055,-0.29489583822751986,0.07441373694328626,0.60545,-0.17362245150272587,0.07534505676393644,0.08475,-0.2920029470778301,0.08349362197918608,0.5897,-0.1755398975093619,0.06513338244947484
iid_gaussian,1000,0.000629940788348712,0.01,,,,,,,,iid_gaussian,1.0,-0.21898726531934729,-0.31860438081010134,-0.1877699922255217,0.0567,-0.31245751452095016,0.019293100344451666,0.49135,-0.18900571605878314,-0.006581050670637811,0.08895,-0.28975069411248744,0.09056274312440055,0.6036,-0.17387376361048523,0.07400665276881074,0.03905,-0.32919602491720595,-0.03324387467671884,0.4256,-0.19878229483636656,-0.058647830147526926,0.0506,-0.31831170291942773,0.00091862481592196,0.49865,-0.18794489634487088,-0.0009314806763111745,0.0413,-0.32651109686021673,-0.024816721069595257,0.51235,-0.1861657996600365,0.00854339155299372
iid_gaussian,1000,0.000629940788348712,0.01,,,,,,,,iid_gaussian,1.0,-0.18399903808541912,-0.31860438081010134,-0.1877699922255217,0.18145,-0.2506598627442228,0.21325669751658466,0.7325,-0.15651978947743234,0.1664280984288279,0.20245,-0.24432278213571118,0.23314682141380982,0.7865,-0.148917491112386,0.20691538968842155,0.179,-0.25147663574762374,0.2106931012429736,0.7201,-0.15818470649240712,0.157561308825007,0.15835,-0.25882163521569773,0.18763943371524475,0.7129,-0.1592980209184716,0.15163216960063444,0.16175,-0.2574718575539586,0.19187596573751978,0.74705,-0.1546654530823405,0.1763036721193496
iid_gaussian,1000,0.000629940788348712,0.01,,,,,,,,iid_gaussian,1.0,-0.25225233200313846,-0.31860438081010134,-0.1877699922255217,0.0023,-0.4446372493618896,-0.39557795229095727,0.1904,-0.2478421865960449,-0.31992435883137976,0.0094,-0.3943764222056144,-0.23782485728178265,0.26675,-0.22829415215832205,-0.21581808388279997,0.01255,-0.3830416474689389,-0.20224852682501016,0.3339,-0.2149137838743888,-0.1445587302164127,0.00415,-0.4283298714596837,-0.34439416799790445,0.19905,-0.2453898765565301,-0.30686417807273414,0.00445,-0.42567726341949436,-0.3360684568653561,0.1901,-0.2479799082392481,-0.3206578181108464
iid_gaussian,1000,0.000629940788348712,0.01,,,,,,,,iid_gaussian,1.0,-0.17371156326532622,-0.31860438081010134,-0.1877699922255217,0.08095,-0.2947616905782735,0.07483478466681492,0.57405,-0.17753185899080115,0.05452486370891478,0.11105,-0.27808667806120185,0.12717245960610116,0.64695,-0.16808113846803746,0.10485623141442585,0.082,-0.2940616405422823,0.07703202387052967,0.5418,-0.18185219485991455,0.031516203923039894,0.09295,-0.28765658661597315,0.09713549485866639,0.58425,-0.17621977386685436,0.06151258900194725,0.09155,-0.28823296292038997,0.09532642901044645,0.5975,-0.17451576961967616,0.07058754409451393
iid_student_t,1000,0.000629940788348712,0.01,6.0,,,,,,,iid_student_t,1.0,-0.3678092366888908,-0.3205633493345275,-0.18817160642310207,0.00025,-0.5504063925765901,-0.7169972603518291,0.02735,-0.3518837690888656,-0.8700152258766303,0.0001,-0.5700205739512466,-0.7781838601779618,0.0273,-0.3522564032705644,-0.8719955149796575,0.00025,-0.5501363539297619,-0.7161548725760938,0.03255,-0.3424823742850221,-0.8200534118572264,0.0002,-0.5550042024324804,-0.7313401659442342,0.0293,-0.3485360838285441,-0.8522246286448979,0.00015,-0.5660374331692256,-0.7657584198077829,0.03165,-0.3440046313314843,-0.828143139502105
iid_student_t,1000,0.000629940788348712,0.01,6.0,,,,,,,iid_student_t,1.0,-0.17277486550141738,-0.3205633493345275,-0.18817160642310207,0.02835,-0.3503826819587865,-0.09302165293119866,0.4167,-0.2010549351674615,-0.06846584874973853,0.0331,-0.34172505359184097,-0.06601411016338589,0.4109,-0.20204563030066633,-0.07373069795858916,0.05135,-0.31942887312679386,0.003539007843812374,0.50065,-0.18809454383724517,0.00040953354930516403,0.0313,-0.3445394323059939,-0.07479358766758407,0.4337,-0.1981862822479623,-0.053220972149976405,0.02365,-0.3596281659908755,-0.12186301627258532,0.4172,-0.2009844379042069,-0.06809120528149869
iid_student_t,1000,0.000629940788348712,0.01,6.0,,,,,,,iid_student_t,1.0,-0.3086850667976989,-0.3205633493345275,-0.18817160642310207,0.00525,-0.42576647856913036,-0.32818202534069774,0.201,-0.24697776318609124,-0.3125134438761398,0.00225,-0.4542401516804822,-0.4170058823738292,0.14585,-0.26529001813141306,-0.4098302245180975,0.00215,-0.45577661588584806,-0.42179889507648366,0.1948,-0.24892341078190933,-0.3228531950894196,0.00475,-0.43096932841129265,-0.3444123581375166,0.1978,-0.24804926161319718,-0.3182077058717391,0.00425,-0.43468051257199697,-0.3559894275947972,0.20405,-0.24634224112754777,-0.3091360902433366
iid_student_t,1000,0.000629940788348712,0.01,6.0,,,,,,,iid_student_t,1.0,-0.1728860559693026,-0.3205633493345275,-0.18817160642310207,0.05595,-0.31512466371019,0.01696602445547174,0.5436,-0.1818789905228813,0.033440836371837486,0.053,-0.3179269495883881,0.008224270652314014,0.51545,-0.18591240505464957,0.01200606941396203,0.11175,-0.27921896580524475,0.1289741438474221,0.648,-0.16738434758719256,0.11046968897724961,0.0527,-0.31827706551972157,0.007132081130148374,0.5042,-0.18753238746667522,0.0033970000499946498,0.0526,-0.31844877899794316,0.006596419525108187,0.51315,-0.18618136382137274,0.010576742365977864
iid_student_t,1000,0.000629940788348712,0.01,6.0,,,,,,,iid_student_t,1.0,-0.20317552777321055,-0.3205633493345275,-0.18817160642310207,0.0246,-0.358245586442307,-0.11755004802016757,0.37825,-0.20733624568332804,-0.10184660493961269,0.02735,-0.3519770867980631,-0.09799541191701686,0.36265,-0.21018554810321308,-0.11698864721711981,0.02195,-0.36252309351345774,-0.1308937664459659,0.393,-0.20493656773375662,-0.08909400110534581,0.02505,-0.35697310663416115,-0.11358053681189181,0.372,-0.20848434494215817,-0.10794794658543277,0.0259,-0.3551372666337499,-0.10785361885878718,0.384,-0.20655572565408514,-0.09769868887469958
iid_student_t,1000,0.000629940788348712,0.01,6.0,,,,,,,iid_student_t,1.0,-0.1352073794625934,-0.3205633493345275,-0.18817160642310207,0.1392,-0.2674964004174478,0.16554278281420462,0.6903,-0.1617416484073512,0.14045667419304148,0.2183,-0.24189467607459667,0.24540757208596314,0.7823,-0.1490748230855599,0.2077719592276501,0.18355,-0.2525079941336612,0.21229923926782526,0.7506,-0.15352775344297206,0.18410776013801802,0.1242,-0.2738408398587145,0.1457512518907931,0.68785,-0.1620505298384212,0.1388151862079972,0.1376,-0.2681786841830293,0.16341439300608127,0.68275,-0.16268128073111704,0.13546318797252693
iid_student_t,1000,0.000629940788348712,0.01,6.0,,,,,,,iid_student_t,1.0,-0.1372901416936772,-0.3205633493345275,-0.18817160642310207,0.02455,-0.35825203792611127,-0.11757017347686025,0.3463,-0.2133875064419559,-0.13400480815451035,0.02485,-0.3572195311159795,-0.11434926000601209,0.3678,-0.20915038089437285,-0.11148746014369566,0.04015,-0.3326929164822268,-0.03783828429818831,0.4228,-0.20013573658673595,-0.06358095352989994,0.0159,-0.37882158088442114,-0.18173703160649718,0.3314,-0.21612494608168004,-0.14855237827818266,0.02015,-0.3675871104008808,-0.1466910087006894,0.3321,-0.21590118143223874,-0.14736322623928172
iid_student_t,1000,0.000629940788348712,0.01,6.0,,,,,,,iid_student_t,1.0,-0.19141734617412243,-0.3205633493345275,-0.18817160642310207,0.0034,-0.4417048302683279,-0.37790184431652485,0.1883,-0.25096268113429715,-0.33369048553483643,0.0034,-0.44110835798077913,-0.37604114411861694,0.19015,-0.25037391905259776,-0.33056162835552555,0.0078,-0.4108435027403889,-0.2816296797287593,0.21265,-0.2436794267489502,-0.2949851009989219,0.00495,-0.4284361511204175,-0.336510090781832,0.1801,-0.25354860918562866,-0.3474328779206307,0.00425,-0.4350593205461629,-0.3571711221801337,0.1798,-0.2536920700989897,-0.34819527197193334
iid_student_t,1000,0.000629940788348712,0.01,6.0,,,,,,,iid_student_t,1.0,-0.15431831290841821,-0.3205633493345275,-0.18817160642310207,0.05565,-0.31538139304973445,0.016165155173074312,0.50875,-0.1868872112835329,0.006825658578272606,0.05365,-0.3171131169929424,0.010763028115184066,0.487,-0.19021772034894624,-0.010873659234451662,0.05345,-0.3173957235258835,0.009881434715540049,0.4396,-0.19721969126302652,-0.048084219569130504,0.0543,-0.3162764272149446,0.013373088746677834,0.4862,-0.19036859000672499,-0.011675425561723785,0.0516,-0.3193258276486311,0.0038604590589206276,0.4823,-0.19097795735938713,-0.014913785292213582
iid_student_t,1000,0.000629940788348712,0.01,6.0,,,,,,,iid_student_t,1.0,-0.2209018265622018,-0.3205633493345275,-0.18817160642310207,0.06585,-0.30609897007502435,0.04512174984922778,0.53965,-0.18243948960421458,0.030462177200097258,0.111,-0.2797722864288923,0.12724805561931923,0.6578,-0.16608822273048135,0.11735768276838984,0.0919,-0.2894413495590124,0.09708533380413802,0.6262,-0.17052200468467626,0.09379524400052601,0.06245,-0.30872495071845585,0.0369299816733496,0.5293,-0.18393761589099195,0.022500687604218243,0.0615,-0.3096790085693146,0.033953790375001555,0.52815,-0.1840902957543705,0.021689301304867358
iid_student_t,1000,0.000629940788348712,0.01,6.0,,,,,,,iid_student_t,1.0,-0.18604605539060454,-0.3205633493345275,-0.18817160642310207,0.0322,-0.34294699319584626,-0.06982596078992187,0.42345,-0.19992937660929605,-0.06248429510537707,0.0427,-0.3294495356881303,-0.027720531283598162,0.4753,-0.1918942253071274,-0.019783106254910015,0.03705,-0.3363607903304242,-0.049280246880035856,0.45225,-0.19551993088312825,-0.03905118630652244,0.0294,-0.3481094942302399,-0.08593042514965207,0.4314,-0.19857801556067062,-0.05530275972757459,0.03345,-0.3412498354864304,-0.0645316633821269,0.4249,-0.19965527846386147,-0.06102765586715813
iid_student_t,1000,0.000629940788348712,0.01,6.0,,,,,,,iid_student_t,1.0,-0.2646547455243562,-0.3205633493345275,-0.18817160642310207,0.03075,-0.3454686934745525,-0.07769242551192193,0.4171,-0.2009936286973539,-0.06814004789554508,0.02825,-0.3505668902272715,-0.0935962921370448,0.3635,-0.2098898639947756,-0.1154172937379311,0.01975,-0.36862634126043453,-0.14993289789891215,0.33165,-0.21603679240515344,-0.14808390336742286,0.0293,-0.3486187908686268,-0.08751918019430757,0.4172,-0.20098751971425166,-0.06810758293859238,0.03155,-0.3441084033690569,-0.07344898936016132,0.4362,-0.197767819881867,-0.05099713841623874
iid_student_t,1000,0.000629940788348712,0.01,6.0,,,,,,,iid_student_t,1.0,-0.19465655682174485,-0.3205633493345275,-0.18817160642310207,0.01025,-0.39873425970238785,-0.243854796657631,0.27695,-0.22795783762401184,-0.2114358906595653,0.01115,-0.3951707160382416,-0.23273829294145768,0.2649,-0.23068560473336872,-0.22593205807402378,0.01495,-0.38087248319843475,-0.1881348382124962,0.2878,-0.2256070757186247,-0.19894324126323998,0.01025,-0.3986202664157654,-0.24349919366415382,0.27065,-0.2292843838327154,-0.21848555258210234,0.01125,-0.3942495935669961,-0.22986484383020497,0.28375,-0.22655064316048035,-0.20395763987412308
iid_student_t,1000,0.000629940788348712,0.01,6.0,,,,,,,iid_student_t,1.0,-0.16470130363995913,-0.3205633493345275,-0.18817160642310207,0.1482,-0.2644330998526552,0.17509877407506427,0.7167,-0.1582587008216464,0.15896609573602086,0.11185,-0.27911989768950557,0.12928318764779675,0.65915,-0.16591057137019566,0.11830177504491665,0.0834,-0.2941602968563745,0.08236453896855125,0.59335,-0.1749599108694193,0.07021088784232617,0.1529,-0.26275530297662975,0.18033267520414983,0.72,-0.1577833002135554,0.1614925162578399,0.16645,-0.2582450126551534,0.19440256289043537,0.7163,-0.15836282284568662,0.15841276026729925
iid_student_t,1000,0.000629940788348712,0.01,6.0,,,,,,,iid_student_t,1.0,-0.20374367269111057,-0.3205633493345275,-0.18817160642310207,0.04185,-0.3304818594805653,-0.030940873829238696,0.4716,-0.1925061983458518,-0.023035313377744396,0.05645,-0.31449436414046883,0.018932249137830558,0.51025,-0.18667280665966374,0.007965068651581251,0.0595,-0.31192366599083315,0.02695156312045617,0.5222,-0.18486032201620842,0.01759715224755144,0.0439,-0.3276950115351959,-0.02224727878428199,0.4611,-0.19416222349890572,-0.031835924609868074,0.0386,-0.3347271720234383,-0.044184161159765,0.46545,-0.19349699702883044,-0.028300712880955477
iid_student_t,1000,0.000629940788348712,0.01,6.0,,,,,,,iid_student_t,1.0,-0.29387301581829667,-0.3205633493345275,-0.18817160642310207,0.0025,-0.45170635691077454,-0.4091016887878572,0.1745,-0.2552756095983635,-0.3566106728364677,0.0016,-0.4708182728804819,-0.4687214675597682,0.1294,-0.27171911414974426,-0.4439963569146899,0.0025,-0.45206962751741975,-0.4102349144276546,0.18,-0.2536206667506368,-0.3478158132974279,0.0021,-0.4587328013997369,-0.431020740056659,0.16115,-0.2600429675649112,-0.38194583395439075,0.0031,-0.44482303330930584,-0.38762910430258113,0.18,-0.25360912580249817,-0.3477544812593057
iid_student_t,1000,0.000629940788348712,0.01,6.0,,,,,,,iid_student_t,1.0,-0.16878706726642323,-0.3205633493345275,-0.18817160642310207,0.02485,-0.3573113209276871,-0.11463559907720706,0.37455,-0.20801632023637698,-0.1054607238068333,0.03235,-0.3426347605684032,-0.06885194854525559,0.44685,-0.1962714956421043,-0.043045225435285425,0.04645,-0.3246720569651181,-0.01281714718516645,0.45955,-0.1943936344519852,-0.03306571138523931,0.0241,-0.3592039350418747,-0.12053962434433939,0.3773,-0.2075175634006861,-0.10281018133035884,0.0208,-0.365355461903334,-0.1397293628912742,0.374,-0.2080953679874868,-0.10588080711595951
iid_student_t,1000,0.000629940788348712,0.01,6.0,,,,,,,iid_student_t,1.0,-0.19983190909239942,-0.3205633493345275,-0.18817160642310207,0.0213,-0.3643832906192422,-0.1366966665892484,0.35905,-0.21089546850988342,-0.12076137584586993,0.0133,-0.3862572457845218,-0.20493264930744995,0.3109,-0.22060516308173067,-0.17236158671942278,0.027,-0.35285444285505707,-0.10073233133969979,0.396,-0.2044152482904515,-0.08632355420735338,0.0204,-0.36632379435433815,-0.14275008392196703,0.3616,-0.21041440768514919,-0.11820487524581358,0.0245,-0.3583634103782404,-0.11791760075561908,0.38265,-0.20671351643032135,-0.09853723608825428
iid_student_t,1000,0.000629940788348712,0.01,6.0,,,,,,,iid_student_t,1.0,-0.17388233206959178,-0.3205633493345275,-0.18817160642310207,0.10015,-0.2854242314592432,0.10961676669597828,0.6003,-0.17393499428788423,0.07565760002711014,0.087,-0.29204793988580807,0.08895405388019534,0.6036,-0.17349083935018803,0.07801797174385854,0.0516,-0.31932570274212413,0.0038608487057945765,0.45075,-0.19567248180773955,-0.039861887386834716,0.08895,-0.291117377214956,0.09185695177162262,0.60705,-0.17305683095618807,0.08032442170328596,0.109,-0.28080128088397194,0.12403809896889186,0.6337,-0.1695192852125341,0.09912399413027495
iid_student_t,1000,0.000629940788348712,0.01,6.0,,,,,,,iid_student_t,1.0,-0.2714206071244393,-0.3205633493345275,-0.18817160642310207,0.01915,-0.37058039141062676,-0.1560285733847365,0.33595,-0.2152507649819782,-0.1439067193697061,0.01705,-0.37493223398809433,-0.16960418203276742,0.29825,-0.22330699108755908,-0.18671990600673,0.01485,-0.3811692368729741,-0.18906056373650074,0.29805,-0.22344049311565292,-0.18742937557353415,0.01815,-0.3728038489043741,-0.16296466729055306,0.3446,-0.21372293872248493,-0.1357873952669083,0.02035,-0.36662725517683714,-0.14369673244909578,0.33865,-0.2146684117622186,-0.1408119207928677
iid_student_t,1000,0.000629940788348712,0.01,6.0,,,,,,,iid_student_t,1.0,-0.22282291760561426,-0.3205633493345275,-0.18817160642310207,0.07325,-0.3006420180994718,0.062144756337277375,0.5801,-0.1767303312899533,0.06080234606396021,0.06525,-0.3065492145220289,0.04371720860039438,0.513,-0.18621920785036128,0.010375627916737042,0.02995,-0.3468683036361176,-0.08205852090139988,0.38915,-0.2055251613895201,-0.09222196321903485,0.09055,-0.29013523021393806,0.0949207674044978,0.5757,-0.17744521957244097,0.05700321666246991,0.0697,-0.3033189712077451,0.05379397913885301,0.5437,-0.18186405270999,0.033520220361671293
iid_student_t,1000,0.000629940788348712,0.01,6.0,,,,,,,iid_student_t,1.0,-0.13403457209400715,-0.3205633493345275,-0.18817160642310207,0.15395,-0.26244819601106095,0.18129069790451882,0.6659,-0.164985737013282,0.12321662045912951,0.15805,-0.26112160215207847,0.18542901833864336,0.7126,-0.15886480189219204,0.15574509400219477,0.2809,-0.22724524399728718,0.29110659571957853,0.84875,-0.1394434664676914,0.25895585886558203,0.12705,-0.27249156891366605,0.14996031368107404,0.671,-0.16438584971301523,0.12640460036571508,0.1279,-0.2721507642777304,0.15102345654080257,0.6648,-0.16513048569527705,0.12244738282149369
iid_student_t,1000,0.000629940788348712,0.01,6.0,,,,,,,iid_student_t,1.0,-0.27654781356510005,-0.3205633493345275,-0.18817160642310207,0.01445,-0.3819174096180382,-0.1913944947570534,0.28155,-0.2271231088387608,-0.20699989310861622,0.00545,-0.4241873766847911,-0.3232560040484403,0.2096,-0.24469935825842246,-0.3004053210249918,0.00775,-0.4112244967270447,-0.2828181935980046,0.21625,-0.24247053277855976,-0.28856067813635533,0.01265,-0.3883875226184387,-0.21157806537993362,0.2973,-0.22356445358848714,-0.1880881384718829,0.01505,-0.3803158815185135,-0.18639851470241076,0.28805,-0.22557430787677485,-0.19876910318538257
iid_student_t,1000,0.000629940788348712,0.01,6.0,,,,,,,iid_student_t,1.0,-0.2582790968803134,-0.3205633493345275,-0.18817160642310207,0.0756,-0.29889126213966855,0.06760625392718497,0.5239,-0.18460606332063612,0.01894835873616802,0.0452,-0.32625534182514243,-0.01775621730441484,0.4893,-0.1898314423314315,-0.008820862721431589,0.0535,-0.3173640852258529,0.009980130652228667,0.4827,-0.19088635908127266,-0.014427004741972031,0.06525,-0.3065551243617356,0.043698772806910854,0.54855,-0.18122966068970187,0.03689156863438423,0.06025,-0.3110641524314102,0.029632822725483492,0.531,-0.18366894979595513,0.023928459307631985
iid_student_t,1000,0.000629940788348712,0.01,6.0,,,,,,,iid_student_t,1.0,-0.18677582984122776,-0.3205633493345275,-0.18817160642310207,0.073,-0.3008101438606905,0.06162028664488198,0.57065,-0.1781176906543493,0.05342950490706151,0.07895,-0.2966173029391616,0.07469988832184536,0.55885,-0.17973301427845034,0.0448451937306505,0.0413,-0.3313354722579709,-0.03360372589631886,0.44165,-0.19696411732315638,-0.04672602348031421,0.07325,-0.3006340034825402,0.06216975800059353,0.56155,-0.17931502466761534,0.047066515102032934,0.06815,-0.3046566079380236,0.049621210377061,0.55915,-0.17968786102860262,0.04508515155800832
iid_student_t,1000,0.000629940788348712,0.01,6.0,,,,,,,iid_student_t,1.0,-0.17454138856153664,-0.3205633493345275,-0.18817160642310207,0.0424,-0.32953920191805336,-0.02800024582398218,0.4767,-0.19168444877941906,-0.01866829126397741,0.0419,-0.3304009590843441,-0.030688504379053072,0.4811,-0.1911266199552651,-0.01570382263474275,0.10835,-0.2811715357827928,0.12288308577231309,0.63415,-0.16945535948827722,0.0994637144816713,0.0413,-0.33138560895110936,-0.033760127722174973,0.4933,-0.18925462010568925,-0.005755457495282413,0.05145,-0.3193762060683073,0.0037033031651455494,0.49715,-0.18861823994972432,-0.0023735436770306166
iid_student_t,1000,0.000629940788348712,0.01,6.0,,,,,,,iid_student_t,1.0,-0.13374749506165892,-0.3205633493345275,-0.18817160642310207,0.0615,-0.30975050782221475,0.03373074786858713,0.5038,-0.1876584277484925,0.0027271844268347708,0.07085,-0.3024282547395224,0.05657257647404986,0.53085,-0.18369202549194663,0.023805828181554373,0.1848,-0.25208174003024164,0.21362894244289016,0.7029,-0.16007104744148476,0.1493347456386883,0.0568,-0.3139219824466282,0.020717798530887628,0.50665,-0.1872410903583843,0.004945039702884411,0.0504,-0.32024117573001903,0.0010050232042349671,0.52945,-0.1838879734858271,0.022764502140898205
iid_student_t,1000,0.000629940788348712,0.01,6.0,,,,,,,iid_student_t,1.0,-0.25876572470943676,-0.3205633493345275,-0.18817160642310207,0.00065,-0.5053586844499575,-0.5764705650195359,0.06755,-0.30524827841929714,-0.6221803290181266,0.00065,-0.5124313284359691,-0.5985337359986701,0.06825,-0.30455129926802266,-0.6184763740776169,0.00205,-0.4600072519162497,-0.43499639890586467,0.12405,-0.27392834744036465,-0.4557368810703532,0.0006,-0.5172902576776978,-0.6136912056589279,0.06725,-0.30538028583259136,-0.6228818557564242,0.0006,-0.5161878809108427,-0.6102523322844651,0.06445,-0.30713144367187006,-0.6321880304368978
iid_student_t,1000,0.000629940788348712,0.01,6.0,,,,,,,iid_student_t,1.0,-0.1671185764216716,-0.3205633493345275,-0.18817160642310207,0.0141,-0.3831224199436753,-0.1951535343607343,0.3077,-0.22135609883324436,-0.17635228311505868,0.01345,-0.3852916091232971,-0.20192033781510577,0.2953,-0.22401820724317448,-0.1904995206315647,0.02075,-0.3655923426174126,-0.14046831422357817,0.33215,-0.21589649101819242,-0.14733829998108855,0.0191,-0.3710195465074383,-0.15739852131460183,0.2998,-0.22300883847093306,-0.1851354341393026,0.0128,-0.38742102830906644,-0.20856307844715222,0.3061,-0.22165117422081154,-0.1779204016701169
iid_student_t,1000,0.000629940788348712,0.01,6.0,,,,,,,iid_student_t,1.0,-0.09465616124977042,-0.3205633493345275,-0.18817160642310207,0.2478,-0.23453470934781212,0.26836704871379174,0.81595,-0.14420720344857768,0.23363994074467775,0.3224,-0.21803501853970428,0.31983796964832883,0.8789,-0.13429857426438746,0.2862973494395409,0.50625,-0.18731076843752043,0.41568252008107714,0.9474,-0.11972540378523001,0.36374352081562944,0.23755,-0.2370595912316393,0.2604906589484967,0.81655,-0.14412941128446657,0.23405335149027234,0.2407,-0.2362081755953137,0.2631466570159398,0.81885,-0.1437562384348931,0.23603650323493247
iid_student_t,1000,0.000629940788348712,0.01,6.0,,,,,,,iid_student_t,1.0,-0.1882478667607287,-0.3205633493345275,-0.18817160642310207,0.1014,-0.2848200929215942,0.11150138182401201,0.61605,-0.1718860588188263,0.08654625378314452,0.06795,-0.30489442985403165,0.04887932295761107,0.56725,-0.1785638469268352,0.051058497500754314,0.08925,-0.29096197672469787,0.09234172487678496,0.5717,-0.17795676851536138,0.0542846931155635,0.0958,-0.28750743901709735,0.10311818361660019,0.59965,-0.1740215951243452,0.07519737737127409,0.09845,-0.2861649615370614,0.10730605313700194,0.61765,-0.17166283032424381,0.08773255653532781
iid_student_t,1000,0.000629940788348712,0.01,6.0,,,,,,,iid_student_t,1.0,-0.19821012718522082,-0.3205633493345275,-0.18817160642310207,0.0122,-0.3902603139952768,-0.21742025345516403,0.2915,-0.22485400949559808,-0.19494122290700955,0.016,-0.37808197188879084,-0.1794298152726097,0.3131,-0.2201237448576181,-0.16980318679254905,0.01975,-0.3687399409003279,-0.1502872729081863,0.3418,-0.2142036749903654,-0.13834217107511151,0.0111,-0.39532657470707894,-0.23322449533845932,0.2586,-0.23189017342811802,-0.23233349513270968,0.01105,-0.39544587592898583,-0.23359665647963335,0.28835,-0.22551761178385943,-0.19846780324968485
iid_student_t,1000,0.000629940788348712,0.01,6.0,,,,,,,iid_student_t,1.0,-0.15665733639421325,-0.3205633493345275,-0.18817160642310207,0.02985,-0.3469568051666965,-0.08233460215261795,0.4169,-0.201024393799797,-0.06830354281928996,0.01765,-0.37354586165651177,-0.1652793821625995,0.33745,-0.21492315788925564,-0.1421657176375641,0.0198,-0.3682590163836634,-0.14878702493017223,0.3205,-0.21851622800362788,-0.16126036311927006,0.0275,-0.3515850637510142,-0.09677249280332934,0.39875,-0.2040225401152294,-0.08423658591980485,0.0241,-0.35931836301889725,-0.12089658335808845,0.396,-0.20441530356694754,-0.08632384796312823
iid_student_t,1000,0.000629940788348712,0.01,6.0,,,,,,,iid_student_t,1.0,-0.37578636040741675,-0.3205633493345275,-0.18817160642310207,0.01705,-0.37526308488624405,-0.1706362741257548,0.33745,-0.214916971322549,-0.14213284037821428,0.01965,-0.3688269963285771,-0.15055884303131448,0.3296,-0.21647994839283158,-0.15043896636604392,0.0075,-0.41230402122936916,-0.2861857791456522,0.25145,-0.233754803270195,-0.24224269385573258,0.0132,-0.38666458540497123,-0.20620334859760597,0.32485,-0.2174420690710191,-0.15555196240448022,0.01595,-0.3783818252599974,-0.18036521032581543,0.33545,-0.21531397062839738,-0.14424261301285787
iid_student_t,1000,0.000629940788348712,0.01,6.0,,,,,,,iid_student_t,1.0,-0.2774390630831338,-0.3205633493345275,-0.18817160642310207,0.0166,-0.3768162901367632,-0.17548151065620513,0.3042,-0.22201987384885336,-0.17987978138233976,0.02165,-0.36287241112922053,-0.13198346561615476,0.3496,-0.21270593179798772,-0.13038271735705145,0.0337,-0.3407796069037997,-0.06306478145814261,0.3994,-0.20395449690483242,-0.08387498401986676,0.01335,-0.38605846291693086,-0.2043125445200386,0.32225,-0.21804843764636855,-0.158774385738562,0.0186,-0.3721182322698457,-0.16082588057038766,0.3262,-0.21716282550525623,-0.15406797886907378
iid_student_t,1000,0.000629940788348712,0.01,6.0,,,,,,,iid_student_t,1.0,-0.16368041605671296,-0.3205633493345275,-0.18817160642310207,0.0977,-0.2865037983021934,0.10624904906640113,0.63475,-0.1694095051418189,0.09970739814537566,0.13395,-0.26961573316476745,0.15893150690970947,0.6542,-0.16653536676553,0.11498142609742727,0.23555,-0.23765070636553337,0.25864667043539563,0.7751,-0.1501381679682483,0.20212102759720266,0.10545,-0.28250303136871374,0.11872947436076199,0.6376,-0.1689792446369478,0.10199393070493552,0.082,-0.2948686040664479,0.08015496881168904,0.63105,-0.1698635224070963,0.0972946150804507
iid_student_t,1000,0.000629940788348712,0.01,6.0,,,,,,,iid_student_t,1.0,-0.145634107838549,-0.3205633493345275,-0.18817160642310207,0.0849,-0.2933652695266131,0.08484463325073237,0.5897,-0.17551129415277947,0.06728067273792632,0.0537,-0.31696634354878866,0.011220889079197738,0.52105,-0.1850114522988019,0.01679400088233611,0.15855,-0.2609450067098211,0.1859799092705729,0.64925,-0.16726101108854885,0.11112513589077805,0.0836,-0.29395036281458475,0.08301942993542433,0.57955,-0.17680302917767737,0.06041600782140617,0.08715,-0.2919228285589323,0.08934433969151932,0.59005,-0.1754597811927497,0.06755442796066675
iid_student_t,1000,0.000629940788348712,0.01,6.0,,,,,,,iid_student_t,1.0,-0.2506320318658405,-0.3205633493345275,-0.18817160642310207,0.06815,-0.3046563687332324,0.04962195657837113,0.5441,-0.18181053109493456,0.03380465017588624,0.0958,-0.2874088301619224,0.10342579474987428,0.64485,-0.16781306888204267,0.10819133623849404,0.0655,-0.3063275255044689,0.04440876931068829,0.53805,-0.18264085671974678,0.02939205233184572,0.04975,-0.32092875330843107,-0.0011398806964742368,0.499,-0.18828304686327824,-0.0005922277132799247,0.0599,-0.31154502471657586,0.028132737684059078,0.54165,-0.182112975644726,0.03219736969643174
iid_student_t,1000,0.000629940788348712,0.01,6.0,,,,,,,iid_student_t,1.0,-0.29094276188993407,-0.3205633493345275,-0.18817160642310207,0.0,-0.5744289099908497,-0.7919357006449228,0.02515,-0.35664556246462265,-0.8953208151005975,0.0,-0.5751269593543151,-0.7941132713650769,0.02265,-0.3617017601847874,-0.9221909567562728,0.0003,-0.5451332685428392,-0.7005477066374146,0.02925,-0.34863516739108136,-0.8527511882275081,0.0001,-0.5701740756126183,-0.7786627098708241,0.0247,-0.3576424442779305,-0.9006185421714202,0.0,-0.5750990514640116,-0.7940262124721579,0.0241,-0.35926557114825175,-0.9092443221239581
iid_student_t,1000,0.000629940788348712,0.01,6.0,,,,,,,iid_student_t,1.0,-0.13810925546345015,-0.3205633493345275,-0.18817160642310207,0.3865,-0.20600499794559396,0.3573657176553421,0.9171,-0.12702310833049707,0.3249613438231121,0.31365,-0.2199259419296779,0.3139392186092625,0.8539,-0.138760809101674,0.2625837035707097,0.32685,-0.217038927749959,0.3229452830446142,0.8573,-0.13815294025073496,0.26581409981642296,0.4273,-0.19926390470953453,0.3783946133480455,0.9257,-0.12528656642241853,0.3341898450889935,0.43015,-0.1987854780309426,0.3798870692996854,0.9249,-0.12545407430145478,0.33329965829503266
iid_student_t,1000,0.000629940788348712,0.01,6.0,,,,,,,iid_student_t,1.0,-0.21920855419084745,-0.3205633493345275,-0.18817160642310207,0.06955,-0.3034660703428572,0.053335102179220856,0.5879,-0.17574936971005137,0.06601546826952959,0.0836,-0.2939803245186425,0.08292596415363761,0.6092,-0.17276191724138076,0.08189168108111257,0.07715,-0.2978416047099251,0.07088066889671432,0.5978,-0.1742730554279479,0.0738610423716286,0.0785,-0.29704247006827056,0.07337357597206622,0.59335,-0.17495965732100227,0.07021223527418297,0.06415,-0.30737077418459297,0.04115434648821094,0.5852,-0.17611654227213794,0.06406420384092612
iid_student_t,1000,0.000629940788348712,0.01,6.0,,,,,,,iid_student_t,1.0,-0.3287287403932871,-0.3205633493345275,-0.18817160642310207,0.0062,-0.41818069455812745,-0.30451810984084227,0.2163,-0.24242181061476678,-0.2883017540365981,0.0062,-0.4181976231096341,-0.30457091859624674,0.2194,-0.24169724295909142,-0.2844511855611067,0.00245,-0.4522737260584125,-0.41087160150188323,0.15865,-0.2609271497133025,-0.3866446414163584,0.0088,-0.40700144181598863,-0.26964433913266134,0.2341,-0.23802363818378242,-0.26492855488828915,0.0068,-0.4151043122332403,-0.2949213099219695,0.2481,-0.23447789077265763,-0.24608539635590032
iid_student_t,1000,0.000629940788348712,0.01,6.0,,,,,,,iid_student_t,1.0,-0.2207538883299372,-0.3205633493345275,-0.18817160642310207,0.0497,-0.32109370575617435,-0.0016544512114308448,0.50395,-0.18761579052754657,0.0029537713267205634,0.045,-0.3265625747620033,-0.01871463297326362,0.45115,-0.19562648827124596,-0.0396174640257981,0.04015,-0.33260951049855947,-0.03757809864739417,0.42935,-0.1989064376878879,-0.05704809279593791,0.04645,-0.3247774498822789,-0.013145921255501127,0.4882,-0.19002126527504773,-0.009829638419447388,0.0539,-0.31658420118561315,0.01241298531842417,0.47355,-0.19216322226524662,-0.021212636263355494
iid_student_t,1000,0.000629940788348712,0.01,6.0,,,,,,,iid_student_t,1.0,-0.1812340367824145,-0.3205633493345275,-0.18817160642310207,0.03425,-0.3401782614443793,-0.06118887936057348,0.45795,-0.19460970757944135,-0.03421398838389713,0.0168,-0.376144559322816,-0.17338604086734216,0.32865,-0.21666436455084492,-0.1514190087939046,0.04705,-0.3238511244248874,-0.010256241386250566,0.46,-0.19430646570339982,-0.03260247067511119,0.0288,-0.3491766939608756,-0.089259563470833,0.428,-0.1991336395686763,-0.05825551130666442,0.03675,-0.33665658957748956,-0.05020299505969962,0.46255,-0.19392873495720991,-0.030595096909376396
iid_student_t,1000,0.000629940788348712,0.01,6.0,,,,,,,iid_student_t,1.0,-0.2723114970000236,-0.3205633493345275,-0.18817160642310207,0.02685,-0.3531297892904351,-0.10159127680539207,0.36685,-0.20932178982833996,-0.11239837830624616,0.0306,-0.34586475263470284,-0.078927935313565,0.4324,-0.19839754061659903,-0.05434366208525661,0.01975,-0.36852170614720037,-0.1496064878041481,0.3206,-0.21850104040880403,-0.16117965171380058,0.0232,-0.3603602325498703,-0.12414670391346677,0.3757,-0.20782177973893484,-0.10442687762174672,0.02025,-0.36714036728763305,-0.14529738989125535,0.37205,-0.20847233992916356,-0.10788414836835414
iid_student_t,1000,0.000629940788348712,0.01,6.0,,,,,,,iid_student_t,1.0,-0.16388668112655988,-0.3205633493345275,-0.18817160642310207,0.01935,-0.3697514312006521,-0.15344262520414906,0.31565,-0.2195263842592043,-0.16662863453267915,0.0189,-0.3713737735662623,-0.15850353553272545,0.3338,-0.2155892830256261,-0.14570570514701164,0.03075,-0.34555563858010285,-0.07796365148248545,0.4156,-0.20123526546253695,-0.06942417768417922,0.0159,-0.3789521831769824,-0.18214444653035672,0.32605,-0.21721851133562614,-0.15436390996850172,0.01385,-0.3838836442517812,-0.19752817983934604,0.3024,-0.2223277203963877,-0.1815157696878345
iid_student_t,1000,0.000629940788348712,0.01,6.0,,,,,,,iid_student_t,1.0,-0.1926000016117643,-0.3205633493345275,-0.18817160642310207,0.00485,-0.43040919703212527,-0.3426650237016549,0.2018,-0.2468454834225902,-0.31181046978767063,0.0065,-0.4163917390650128,-0.2989374484931604,0.2515,-0.2337476174889785,-0.24220450647266722,0.0248,-0.35751994525919095,-0.11528640439209088,0.3959,-0.2044423900339704,-0.08646779352185385,0.00545,-0.42424303646630757,-0.3234296351938348,0.21805,-0.2419195314622044,-0.28563249291846204,0.00525,-0.42598075465358404,-0.32885046134530804,0.2065,-0.2456120974539273,-0.30525588914658486
iid_student_t,1000,0.000629940788348712,0.01,6.0,,,,,,,iid_student_t,1.0,-0.13931202700154363,-0.3205633493345275,-0.18817160642310207,0.01005,-0.40021513722058427,-0.24847440623330658,0.2736,-0.22867002676166753,-0.21522067600095388,0.0057,-0.4229103622965666,-0.31927234718038117,0.24715,-0.23464081250138985,-0.24695121098026984,0.0393,-0.333658525706426,-0.04085051020050604,0.43335,-0.19825273812122382,-0.053574138467279805,0.0103,-0.3979325621529983,-0.24135389457055895,0.2554,-0.23261322286442254,-0.23617599533796782,0.00985,-0.4024274613239333,-0.255375769436373,0.2551,-0.23272886831044975,-0.23679056970561807
iid_student_t,1000,0.000629940788348712,0.01,6.0,,,,,,,iid_student_t,1.0,-0.20576996956014193,-0.3205633493345275,-0.18817160642310207,0.02625,-0.3545644079767171,-0.10606658157513639,0.3933,-0.20482058597901925,-0.08847763949297488,0.026,-0.35493277492525893,-0.10721570529532,0.39385,-0.20475262231242092,-0.08811646031249044,0.0294,-0.34823430828282725,-0.08631978361139282,0.3883,-0.20576996956014154,-0.09352294680138785,0.01935,-0.36962598962023735,-0.15305130916419882,0.36525,-0.20958809087817687,-0.11381358145457947,0.0256,-0.3553814943873497,-0.10861548934119505,0.38815,-0.20580023780639284,-0.09368380128324438
iid_student_t,1000,0.000629940788348712,0.01,6.0,,,,,,,iid_student_t,1.0,-0.16752614489339415,-0.3205633493345275,-0.18817160642310207,0.07325,-0.30065011167194733,0.06211950837149353,0.5547,-0.18032299442448124,0.04170986339444486,0.0918,-0.28947297765138486,0.09698666971032284,0.58775,-0.17576513698925283,0.06593167624850589,0.0938,-0.28860074438797334,0.09970760853636838,0.5931,-0.17502329947919348,0.06987402187737476,0.06385,-0.30753488901784937,0.04064238891852278,0.55035,-0.18094314741022316,0.038414185595173116,0.0686,-0.3042029696269847,0.0510363388126126,0.55865,-0.17976235578797006,0.04468926420399414
iid_student_t,1000,0.000629940788348712,0.01,6.0,,,,,,,iid_student_t,1.0,-0.3291827570022819,-0.3205633493345275,-0.18817160642310207,0.00135,-0.48547099514106246,-0.5144307549471093,0.09395,-0.2884899231558445,-0.5331214344165062,0.00065,-0.5048420303205724,-0.5748588582213083,0.08115,-0.29538341181538935,-0.5697554877180703,0.0011,-0.4952560696606508,-0.5449553752441634,0.08025,-0.2959079055770736,-0.5725428038900165,0.0008,-0.4983960668370162,-0.5547506222144858,0.08935,-0.29084735234404446,-0.5456495157408443,0.0009,-0.49634181624092066,-0.5483423706150435,0.09345,-0.2887232103655921,-0.5343611921790195
iid_student_t,1000,0.000629940788348712,0.01,6.0,,,,,,,iid_student_t,1.0,-0.25512564510230706,-0.3205633493345275,-0.18817160642310207,0.0002,-0.5545829951979898,-0.7300262065182269,0.03465,-0.33977664804753693,-0.8056743762050496,0.0001,-0.5722028635681524,-0.7849915305539924,0.02685,-0.3532010949302251,-0.8770158880190234,5e-05,-0.573661171159048,-0.7895407330561592,0.03005,-0.34665405909302727,-0.8422229882736872,0.00015,-0.5582516045342258,-0.7414704634610492,0.03115,-0.34481756039481437,-0.8324632868334841,0.0003,-0.5476401411627081,-0.7083679163559401,0.041,-0.3318055428818967,-0.7633135476126779
iid_student_t,1000,0.000629940788348712,0.01,6.0,,,,,,,iid_student_t,1.0,-0.15314503711693456,-0.3205633493345275,-0.18817160642310207,0.23285,-0.23833726886271436,0.25650493308892025,0.79275,-0.1476225734973871,0.2154896463738575,0.2321,-0.23846228477656778,0.2561149449193028,0.81875,-0.14377379418251135,0.23594320675969924,0.23425,-0.23797874061924515,0.2576233648878564,0.79775,-0.14685311039493515,0.21957880263435003,0.2367,-0.2373118501277951,0.25970373525095153,0.8129,-0.14472344272155063,0.23089649138594617,0.243,-0.2356221392202438,0.26497480229919346,0.80345,-0.1460205034410631,0.2240035241409515
iid_student_t,1000,0.000629940788348712,0.01,6.0,,,,,,,iid_student_t,1.0,-0.3979237245360622,-0.3205633493345275,-0.18817160642310207,0.0001,-0.5703793121083095,-0.7793029468040769,0.02655,-0.3540037767693056,-0.8812815785466138,0.0001,-0.5698331221852727,-0.7775991028550706,0.0289,-0.34897314908203914,-0.8545473236667614,0.0,-0.6251282725857207,-0.9500927784896613,0.01855,-0.3721557145882396,-0.9777463861973469,0.0,-0.5787161158199876,-0.8053096744258865,0.0236,-0.3597176398448926,-0.9116467499143887,0.0,-0.5767015153775367,-0.7990251118062572,0.0246,-0.3581684071453075,-0.9034136656088764
iid_student_t,1000,0.000629940788348712,0.01,6.0,,,,,,,iid_student_t,1.0,-0.1729272913135929,-0.3205633493345275,-0.18817160642310207,0.03605,-0.33830399064941125,-0.05534207622834102,0.46005,-0.19430070869702049,-0.03257187622736867,0.04035,-0.3324756116902247,-0.03716040021551567,0.4677,-0.19322077684684133,-0.026832796508024944,0.06665,-0.30567105210743295,0.04645664346223666,0.54165,-0.18210582695115884,0.032235359984674736,0.03555,-0.3386664355612883,-0.056472726106530306,0.42915,-0.19894758788348935,-0.057266777199943664,0.0373,-0.33600679007556383,-0.04817594017873871,0.459,-0.19446323461705833,-0.033435587406367755
iid_student_t,1000,0.000629940788348712,0.01,6.0,,,,,,,iid_student_t,1.0,-0.13935545520263268,-0.3205633493345275,-0.18817160642310207,0.144,-0.2660237903839892,0.17013660190336646,0.68405,-0.16255868150082103,0.13611471682231707,0.17065,-0.2566212302021823,0.19946796558335708,0.74605,-0.15411806487177054,0.18097066926644853,0.21415,-0.24311626143265846,0.24159682653255618,0.80225,-0.14621932891405123,0.22294690631870115,0.12545,-0.273110004020451,0.14803110028824926,0.6855,-0.16234890189222123,0.13722954818602512,0.119,-0.27645369116994345,0.13760044077450953,0.68275,-0.16268404441470224,0.13544850093425512
iid_student_t,1000,0.000629940788348712,0.01,6.0,,,,,,,iid_student_t,1.0,-0.16998237066627808,-0.3205633493345275,-0.18817160642310207,0.09125,-0.28976303627165584,0.09608182946307334,0.5966,-0.17447668465578806,0.07277889596436306,0.06315,-0.30804343588993965,0.03905597277598495,0.556,-0.1801882159138858,0.042426116569710744,0.05365,-0.3171907798157695,0.010520758301781235,0.5036,-0.1876795821018285,0.002614763888273658,0.09715,-0.2868859016216365,0.1050570746244185,0.59735,-0.17435739257092697,0.0734128496576363,0.077,-0.2979466665289706,0.07055292768966862,0.6083,-0.17285968500930385,0.08137211402324702
iid_student_t,1000,0.000629940788348712,0.01,6.0,,,,,,,iid_student_t,1.0,-0.244420818077339,-0.3205633493345275,-0.18817160642310207,0.01105,-0.395602247907099,-0.2340844601491352,0.2944,-0.22423026462847934,-0.1916264567795617,0.01005,-0.4002172251763606,-0.24848091962849247,0.27875,-0.22764182131561095,-0.20975648580987544,0.0177,-0.3735062129966051,-0.16515569784251424,0.33,-0.21641674944373995,-0.15010310831448687,0.01105,-0.39549753031625046,-0.2337577927647759,0.272,-0.2289312232810954,-0.21660875215331746,0.01125,-0.3943057923913425,-0.23004015652413284,0.2695,-0.2296212886921697,-0.22027596541780273
iid_student_t,1000,0.000629940788348712,0.01,6.0,,,,,,,iid_student_t,1.0,-0.1606938464715596,-0.3205633493345275,-0.18817160642310207,0.017,-0.3754437523058856,-0.17119986762456438,0.34495,-0.2136577279231705,-0.13544084564364683,0.0134,-0.3854416966252533,-0.20238853700964188,0.3064,-0.22160909841065957,-0.1776967982745155,0.0321,-0.34313096690445194,-0.07039986828429888,0.438,-0.19744467020023265,-0.04927982469512528,0.0187,-0.3718526808507437,-0.15999749073838324,0.3385,-0.21468425306128514,-0.14089610617751558,0.0198,-0.3683007041427526,-0.148917070236898,0.3313,-0.21615295931402373,-0.14870124894404022
iid_student_t,1000,0.000629940788348712,0.01,6.0,,,,,,,iid_student_t,1.0,-0.16771087843685745,-0.3205633493345275,-0.18817160642310207,0.07365,-0.30037465420695686,0.06297880019497336,0.5641,-0.17895692782628617,0.0489695484455651,0.0947,-0.28804472156458916,0.10144212629873409,0.6253,-0.1706285085594964,0.09322925066686298,0.11515,-0.27794289006912193,0.13295487258254382,0.61675,-0.17176498180248118,0.0871896931343125,0.0777,-0.29749164462842037,0.07197237224405964,0.5748,-0.17758057011680323,0.05628392352927572,0.07085,-0.3024399663185415,0.056536042107150485,0.57605,-0.1773609112019539,0.057451256470864256
iid_student_t,1000,0.000629940788348712,0.01,6.0,,,,,,,iid_student_t,1.0,-0.1456223982686336,-0.3205633493345275,-0.18817160642310207,0.03675,-0.3368640627275739,-0.05085020925469431,0.43565,-0.1978616757922762,-0.0514959166973688,0.0413,-0.33142980139105216,-0.033897986401386256,0.4479,-0.19610089340266712,-0.04213859428789762,0.08155,-0.29513842599677637,0.0793132570848537,0.61375,-0.17221227116880483,0.08481266412963934,0.03525,-0.3390880916639954,-0.05778808578062421,0.4279,-0.19915810862397812,-0.058385547159399816,0.02735,-0.3521940066121775,-0.09867209505800813,0.44805,-0.1960655128312384,-0.04195057138634913
iid_student_t,1000,0.000629940788348712,0.01,6.0,,,,,,,iid_student_t,1.0,-0.23515211212257564,-0.3205633493345275,-0.18817160642310207,0.0573,-0.31355532648099055,0.021861584825855013,0.50805,-0.18702187658537836,0.006110007028045216,0.0372,-0.33617444583555517,-0.04869894369844669,0.41765,-0.20093657521171632,-0.0678368486684029,0.02345,-0.360047446686409,-0.12317096584449955,0.3275,-0.21684913076843676,-0.15240091154269866,0.0539,-0.3166565943781897,0.012187154159850198,0.49895,-0.1882908213741475,-0.0006335437811874858,0.05665,-0.3142137931136979,0.019807492759265688,0.50745,-0.1871313832022235,0.005528056228311301
iid_student_t,1000,0.000629940788348712,0.01,6.0,,,,,,,iid_student_t,1.0,-0.16146235280555896,-0.3205633493345275,-0.18817160642310207,0.1103,-0.2800351538400381,0.12642803857216933,0.6683,-0.16470937694103152,0.12468528025060248,0.1242,-0.273879801829851,0.14562970970196398,0.6559,-0.16633466758483684,0.11604800136086996,0.0973,-0.2868076070039634,0.10530131532703048,0.60795,-0.17291342997939455,0.0810864972338051,0.1174,-0.2772431368645533,0.13513775844900752,0.66285,-0.16539158130358667,0.12105984294088842,0.10765,-0.28150338469164804,0.12184788037673641,0.6683,-0.1646988522007865,0.12474121185710293
iid_student_t,1000,0.000629940788348712,0.01,6.0,,,,,,,iid_student_t,1.0,-0.13742101804152096,-0.3205633493345275,-0.18817160642310207,0.21415,-0.24307817531279893,0.24171563649613623,0.80155,-0.1463420140500542,0.2222949209403805,0.3439,-0.21385144273128148,0.33288866872889333,0.87365,-0.13522237802026194,0.28138798094641493,0.43345,-0.1982375101184554,0.38159645970137906,0.91995,-0.12656504225694842,0.32739564346191463,0.2262,-0.24002829741582873,0.25122975563452676,0.7852,-0.14856554619412657,0.2104784084157822,0.2077,-0.24531319765790088,0.23474346594157425,0.8036,-0.14599827674571103,0.22412164342459143
iid_student_t,1000,0.000629940788348712,0.01,6.0,,,,,,,iid_student_t,1.0,-0.16865357256268773,-0.3205633493345275,-0.18817160642310207,0.17115,-0.2564840165870942,0.1998960045821165,0.75525,-0.15285979276328268,0.18765750227173547,0.1463,-0.2651555802740925,0.1728449904689935,0.6952,-0.16109112107075862,0.14391377034563457,0.1427,-0.2664347337969475,0.16885466055289278,0.66575,-0.1650191589311678,0.1230390064262735,0.18,-0.2535731162744812,0.2089765820051309,0.75425,-0.15302117743425347,0.18679985603042146,0.1898,-0.2504651020177402,0.21867205799511255,0.7493,-0.15365716692326037,0.1834200183328207
iid_student_t,1000,0.000629940788348712,0.01,6.0,,,,,,,iid_student_t,1.0,-0.11422092893721952,-0.3205633493345275,-0.18817160642310207,0.2088,-0.24496103541352288,0.235842038954082,0.78395,-0.14877775946753957,0.20935064383191695,0.274,-0.22858297445415704,0.28693353457691545,0.83635,-0.1412892902918642,0.24914660092672758,0.41705,-0.20100628836302514,0.37295923323641483,0.9104,-0.128355337446436,0.3178814812377684,0.21295,-0.24357928266994835,0.2401524279815331,0.7999,-0.14656174449161663,0.22112720788452037,0.18925,-0.2505959183848989,0.21826397526378877,0.7892,-0.1481237126082951,0.2128264437768558
iid_student_t,1000,0.000629940788348712,0.01,6.0,,,,,,,iid_student_t,1.0,-0.14215745066771573,-0.3205633493345275,-0.18817160642310207,0.22625,-0.2400131547696365,0.25127699324364106,0.7952,-0.1471361338462458,0.21807473166056945,0.26755,-0.23014637420319226,0.2820564962246498,0.836,-0.14137815765947903,0.2486743332488134,0.1595,-0.26060160633143126,0.18705114957019775,0.7227,-0.1573277977809869,0.16391319194439546,0.2416,-0.23602853319388362,0.2637070529620235,0.79345,-0.1474749311695235,0.2162742617080734,0.2194,-0.2416845674575297,0.2460630076418467,0.80525,-0.14583851327204772,0.22497067414022492
iid_student_t,1000,0.000629940788348712,0.01,6.0,,,,,,,iid_student_t,1.0,-0.2196010426136381,-0.3205633493345275,-0.18817160642310207,0.0108,-0.3962416050318316,-0.2360789399487125,0.2835,-0.2266560097553882,-0.2045175893633724,0.0212,-0.3646542854506824,-0.13754203719073105,0.38415,-0.2065289370044438,-0.09755632600630218,0.0439,-0.3277356608188354,-0.022374084558316465,0.48435,-0.19067026666757858,-0.013278625250497646,0.0125,-0.388927019621511,-0.2132610307101633,0.27765,-0.2278133191981665,-0.21066787667173553,0.01275,-0.3879596903534167,-0.21024343911679366,0.28415,-0.22642112022747277,-0.20326931640455376
iid_student_t,1000,0.000629940788348712,0.01,6.0,,,,,,,iid_student_t,1.0,-0.16382391155026665,-0.3205633493345275,-0.18817160642310207,0.3344,-0.21547066213385313,0.32783750050915433,0.87445,-0.13507975047829984,0.282145946213722,0.1801,-0.2535486333740451,0.20905295661404028,0.7156,-0.15845394446710537,0.15792851281280357,0.1847,-0.2521051107603508,0.21355603725844635,0.6757,-0.1637216541466883,0.12993433356485404,0.35545,-0.2115294906702545,0.34013201724595626,0.8754,-0.1348597390998235,0.2833151522520744,0.3509,-0.2124238302827882,0.3373421174823361,0.8841,-0.1332513886184612,0.29186240606966646
iid_student_t,1000,0.000629940788348712,0.01,6.0,,,,,,,iid_student_t,1.0,-0.1401645102627034,-0.3205633493345275,-0.18817160642310207,0.09675,-0.2870772113990187,0.10446028220326575,0.62065,-0.17127581752671955,0.0897892578883155,0.1425,-0.2665569152180973,0.16847351460653465,0.68565,-0.1623391732710312,0.13728124897858868,0.16985,-0.2570312621747839,0.1981888674785588,0.72425,-0.1570518993168713,0.16537939861266,0.11185,-0.27911912700554237,0.1292855918027471,0.6227,-0.1710079746318789,0.09121265486053683,0.09765,-0.28660892741676686,0.10592109793040357,0.6102,-0.17260775534678105,0.08271094333608361
iid_student_t,1000,0.000629940788348712,0.01,6.0,,,,,,,iid_student_t,1.0,-0.18583281148741837,-0.3205633493345275,-0.18817160642310207,0.10475,-0.28289071456108206,0.11752009345937971,0.63785,-0.16893548226043037,0.10222649701687438,0.0621,-0.30907720717873116,0.035831114753576705,0.52285,-0.18475486326435958,0.018157591486252057,0.1247,-0.2736081448835058,0.14647714577632848,0.60105,-0.17382883732943505,0.07622174974378144,0.12255,-0.2746515580315152,0.14322220989493264,0.66125,-0.16562894512777662,0.11979842083421709,0.13035,-0.27117703040326036,0.1540610273563417,0.6525,-0.1667913142098585,0.11362124509459838
iid_student_t,1000,0.000629940788348712,0.01,6.0,,,,,,,iid_student_t,1.0,-0.18994195490708915,-0.3205633493345275,-0.18817160642310207,0.09015,-0.29038506086484883,0.09414141863792978,0.6339,-0.16948351034095185,0.09931411246035819,0.10655,-0.2819990107675431,0.1203017707640064,0.64135,-0.16835901432610687,0.10529001943282974,0.07715,-0.2978459059728736,0.07086725107163416,0.5721,-0.1778975020549166,0.05459965275039548,0.1064,-0.2820626578157735,0.12010322327452407,0.62625,-0.1705158534544145,0.09382793347147592,0.1052,-0.2826299449493043,0.11833356640417853,0.631,-0.169870454660698,0.09725777501869282
iid_student_t,1000,0.000629940788348712,0.01,6.0,,,,,,,iid_student_t,1.0,-0.12862199095877266,-0.3205633493345275,-0.18817160642310207,0.0204,-0.36649714463627603,-0.14329085154963794,0.36325,-0.20994668101575842,-0.11571923632142087,0.0235,-0.3599206563248777,-0.12277544227078314,0.41505,-0.20132314100080456,-0.06989117448533329,0.07525,-0.29907939385729637,0.06701937548952709,0.59405,-0.17484132315008005,0.07084109832728432,0.02025,-0.3669852691431329,-0.14481355995616724,0.3859,-0.2060855173947193,-0.09519986204155571,0.0243,-0.35862883424064457,-0.11874559267345745,0.37275,-0.20831030250285543,-0.10702303319062753
iid_student_t,1000,0.000629940788348712,0.01,6.0,,,,,,,iid_student_t,1.0,-0.11561833592169811,-0.3205633493345275,-0.18817160642310207,0.2588,-0.23181513877524432,0.2768507714419623,0.8341,-0.14164119346028842,0.2472764826070011,0.24395,-0.2353137798578879,0.2659367318616217,0.803,-0.14610681227238143,0.22354485328747398,0.4851,-0.19056449659719193,0.4055324883746264,0.9271,-0.12499184086735388,0.33575610452986776,0.2937,-0.22435121913221578,0.30013453004544344,0.8377,-0.14108034298969752,0.250257009165986,0.24355,-0.2354451139676916,0.26552703402786637,0.84885,-0.13943767417401717,0.2589866408405268
iid_student_t,1000,0.000629940788348712,0.01,6.0,,,,,,,iid_student_t,1.0,-0.23524863856300454,-0.3205633493345275,-0.18817160642310207,0.0248,-0.3574300202635913,-0.11500588263005428,0.369,-0.20899648634646933,-0.11066961864874936,0.02305,-0.3607525009836674,-0.12537038851312987,0.3775,-0.20747991667215532,-0.10261011539455477,0.01755,-0.37391677780233684,-0.16643645812463656,0.3127,-0.22018412993834502,-0.17012409110895876,0.02685,-0.353334016491583,-0.10222836523603111,0.3952,-0.20455545486718868,-0.08706865374390055,0.0247,-0.3577310888525745,-0.11594506856509088,0.3865,-0.20600754236033023,-0.09478547946880052
iid_student_t,1000,0.000629940788348712,0.01,6.0,,,,,,,iid_student_t,1.0,-0.2545139468217648,-0.3205633493345275,-0.18817160642310207,0.0012,-0.4926021663227794,-0.5366765019937412,0.09795,-0.2863791596414483,-0.52190420800005,0.00095,-0.49576403137997654,-0.5465399659978483,0.1074,-0.2816878056019792,-0.4969729544031571,0.00135,-0.48311723233887977,-0.5070881725618523,0.10235,-0.2841324030572705,-0.5099642738788204,0.00125,-0.48755564321732475,-0.520933831735488,0.10455,-0.2830545343606008,-0.504236158372137,0.0009,-0.49671298969779265,-0.5495002492610039,0.09395,-0.2885376551016253,-0.533375096202618
iid_student_t,1000,0.000629940788348712,0.01,6.0,,,,,,,iid_student_t,1.0,-0.15617678717773945,-0.3205633493345275,-0.18817160642310207,0.13255,-0.27012417401150624,0.1573454215141261,0.67955,-0.16317810051502027,0.13282293956657915,0.17375,-0.25553886500860373,0.2028444126906933,0.7388,-0.15522571804277296,0.17508427018606937,0.13875,-0.26765275612912004,0.16505502988799892,0.7261,-0.15680805010279916,0.16667528601409848,0.15245,-0.26298652543874773,0.17961137483528986,0.6938,-0.16128249173838938,0.1428967695809153,0.12445,-0.2736814813924921,0.14624837193447,0.6896,-0.16185500337763503,0.13985427209615467
iid_student_t,1000,0.000629940788348712,0.01,6.0,,,,,,,iid_student_t,1.0,-0.17336600656825354,-0.3205633493345275,-0.18817160642310207,0.04375,-0.32803307622744743,-0.023301874367193477,0.4824,-0.190923346869943,-0.014623568874964406,0.0455,-0.3258077176716892,-0.016359850082826737,0.44695,-0.19624899408805588,-0.04292564547061301,0.09395,-0.2885320262121147,0.0999219754501197,0.57285,-0.17783228848404475,0.054946217102539156,0.0531,-0.3178347562531546,0.008511868518460778,0.4832,-0.19083764282269425,-0.01416811202428499,0.0595,-0.3119481724014658,0.026875115171295753,0.48085,-0.19115903203928158,-0.01587607010944209
iid_student_t,1000,0.000629940788348712,0.01,6.0,,,,,,,iid_student_t,1.0,-0.26609424520683805,-0.3205633493345275,-0.18817160642310207,0.00285,-0.44906605903836083,-0.40086525789862787,0.1638,-0.259056269544787,-0.37670222659576724,0.00385,-0.43736267447059596,-0.36435645365740543,0.17065,-0.25664978253749116,-0.3639134373993521,0.0047,-0.4314250578002318,-0.34583400970774525,0.21185,-0.2438654479392506,-0.2959736730467266,0.00275,-0.4499259519825379,-0.4035477009975103,0.1547,-0.2622505003871982,-0.3936773213145157,0.00215,-0.4560786907927742,-0.42274122022860483,0.13365,-0.2697137712270153,-0.433339366942356
iid_student_t,1000,0.000629940788348712,0.01,6.0,,,,,,,iid_student_t,1.0,-0.18391086496776762,-0.3205633493345275,-0.18817160642310207,0.10685,-0.281815168922403,0.12087526690921993,0.62395,-0.170808252070425,0.09227404007826634,0.11375,-0.27837991251791383,0.13159157746568426,0.66775,-0.16476319736176587,0.12439926249395257,0.10095,-0.28508852603722984,0.1106640025160129,0.6057,-0.17319445161421815,0.07959306450946661,0.0925,-0.2892661137136562,0.0976319834623725,0.6339,-0.16949012624877474,0.099278953554354,0.1041,-0.2832316476241859,0.11645654997004569,0.6051,-0.17326593610446633,0.07921317462274559
iid_student_t,1000,0.000629940788348712,0.01,6.0,,,,,,,iid_student_t,1.0,-0.1395986609825953,-0.3205633493345275,-0.18817160642310207,0.0614,-0.30999853487872847,0.032957025429547815,0.55885,-0.1797340095124021,0.044839904760807126,0.0696,-0.3034219185115658,0.053472834179410754,0.57695,-0.17720231870777667,0.05829406425250505,0.08455,-0.2935622787661029,0.08423006131074369,0.54235,-0.18203725280118577,0.032599783455763615,0.05005,-0.32055090820301374,3.8810211896029744e-05,0.54905,-0.1810952766798623,0.037605725315054746,0.0614,-0.3099350632427278,0.03315502571913938,0.5427,-0.18197068270330757,0.03295355679672406
iid_student_t,1000,0.000629940788348712,0.01,6.0,,,,,,,iid_student_t,1.0,-0.19509004096132393,-0.3205633493345275,-0.18817160642310207,0.21285,-0.24361624367033008,0.24003712783740105,0.8078,-0.14546320163622634,0.22696519203245943,0.19065,-0.2502094713575929,0.21946949993811055,0.7577,-0.15248224594480622,0.1896638985907824,0.18065,-0.25332071299209663,0.20976395611670212,0.7619,-0.15196453214834543,0.19241518400680163,0.21875,-0.2418339551305463,0.24559699156943313,0.8037,-0.14597657512036766,0.22423697232971104,0.2216,-0.24110617935315037,0.24786729408189054,0.7927,-0.147627879991777,0.21546144608109938
iid_student_t,1000,0.000629940788348712,0.01,6.0,,,,,,,iid_student_t,1.0,-0.12734227544553933,-0.3205633493345275,-0.18817160642310207,0.0531,-0.3178729834834146,0.008392618359828055,0.5108,-0.18658426301687114,0.008435615959305795,0.042,-0.33015622252717364,-0.029925046679729353,0.5141,-0.18608912285368823,0.011066938360144522,0.1296,-0.271577609918031,0.15281141627134956,0.64965,-0.16717860553735092,0.11156306355034556,0.04715,-0.32378899273346906,-0.010062421064784265,0.51765,-0.1855588837706582,0.013884786882082403,0.05575,-0.31532734877080704,0.016333746744879404,0.50845,-0.1869584803438224,0.0064469135505596555
iid_student_t,1000,0.000629940788348712,0.01,6.0,,,,,,,iid_student_t,1.0,-0.19867182801055486,-0.3205633493345275,-0.18817160642310207,0.0285,-0.34971390393831353,-0.09093539440582031,0.39455,-0.20466628315125276,-0.08765762827715128,0.0214,-0.3640831352893577,-0.13576032957346795,0.3709,-0.20867060162283207,-0.10893777009926889,0.03955,-0.3332632452685373,-0.03961742962935122,0.47795,-0.19148685718742048,-0.017618230653056635,0.0274,-0.35186987860665675,-0.09766097508377027,0.3841,-0.2065379194428063,-0.09760406136092474,0.02235,-0.36201115401943845,-0.12929676699146792,0.3751,-0.20791371969504605,-0.10491547395069806
iid_student_t,1000,0.000629940788348712,0.01,6.0,,,,,,,iid_student_t,1.0,-0.11349018561092918,-0.3205633493345275,-0.18817160642310207,0.09255,-0.2892050411540347,0.09782249981350323,0.63305,-0.16960460606553882,0.09867057368801717,0.13875,-0.2676551452033809,0.1650475771512284,0.7134,-0.1587742078539699,0.15622653772234055,0.3619,-0.2103750356692436,0.3437333490994183,0.89975,-0.1305010509014501,0.30647852042023965,0.08205,-0.2948636576820424,0.08017039909845054,0.63045,-0.16995326107157577,0.0968177170713127,0.09445,-0.2882639899623487,0.10075811673178038,0.63025,-0.16997709096571167,0.09669107791151127
iid_student_t,1000,0.000629940788348712,0.01,6.0,,,,,,,iid_student_t,1.0,-0.19711622784208974,-0.3205633493345275,-0.18817160642310207,0.0539,-0.3165861183408924,0.012407004736791143,0.5188,-0.1853831348399173,0.014818769080999996,0.0757,-0.29881610717817003,0.06784070044658444,0.57035,-0.17814269957956655,0.05329660002469034,0.0294,-0.3481538785062298,-0.08606888226298723,0.37655,-0.20767062791362517,-0.10362361177211686,0.0619,-0.30924487970759823,0.03530805892322321,0.5181,-0.18551379314706226,0.014124411894872933,0.05555,-0.31546866574584626,0.015892907281064888,0.48695,-0.19022958238853876,-0.01093669764825918
iid_student_t,1000,0.000629940788348712,0.01,6.0,,,,,,,iid_student_t,1.0,-0.3123401429286399,-0.3205633493345275,-0.18817160642310207,0.0075,-0.41239115918483366,-0.28645760671310616,0.22705,-0.23981290575314268,-0.2744372560328025,0.00565,-0.4235762369798721,-0.32134954872162985,0.233,-0.23829024776730412,-0.26634539767658016,0.00295,-0.4476446668233677,-0.39643121321465546,0.1786,-0.2540556084311043,-0.35012722301930443,0.01,-0.4009524861936791,-0.25077457240834045,0.25425,-0.23298959876413117,-0.23817616904569686,0.0102,-0.398956282719832,-0.2445473992833057,0.24285,-0.23569394236931152,-0.25254785697772025
iid_student_t,1000,0.000629940788348712,0.01,6.0,,,,,,,iid_student_t,1.0,-0.16766993719332862,-0.3205633493345275,-0.18817160642310207,0.0753,-0.29903136597203855,0.06716919887188667,0.53945,-0.18246304525755214,0.030336995437634146,0.0482,-0.32259837741182174,-0.006348286794229069,0.5027,-0.1878250192912047,0.001841867317208663,0.0871,-0.2919599902815308,0.0892284133927842,0.55485,-0.18030834751842328,0.041787701418663156,0.07525,-0.29908127829842746,0.06701349695994785,0.58225,-0.17648162060206574,0.06212406878618825,0.06345,-0.3078614117958596,0.039623798431843466,0.5748,-0.17758787202027854,0.05624511903791749
iid_student_t,1000,0.000629940788348712,0.01,6.0,,,,,,,iid_student_t,1.0,-0.1455237950799169,-0.3205633493345275,-0.18817160642310207,0.0247,-0.3576454178987714,-0.11567781732136348,0.3719,-0.20850048091260312,-0.10803369794161063,0.0254,-0.3558849854269865,-0.11018613377288707,0.40045,-0.20382334588108939,-0.08317800839088617,0.06345,-0.30784881773429335,0.03966308571029365,0.49015,-0.18969254669796104,-0.008082729928122883,0.0223,-0.36205740716007623,-0.12944105404341505,0.36725,-0.20921941978102232,-0.11185435336399499,0.0207,-0.3659927544656245,-0.14171740227136392,0.3642,-0.20976200503124076,-0.11473781309807646
iid_student_t,1000,0.000629940788348712,0.01,6.0,,,,,,,iid_student_t,1.0,-0.21735121799052168,-0.3205633493345275,-0.18817160642310207,0.1001,-0.2855057148673055,0.10936257853556801,0.64635,-0.1676197329680025,0.10921878090836337,0.13125,-0.27078222483301523,0.15529262657398377,0.6924,-0.1614722777201127,0.14188819030941469,0.0572,-0.3136663284226913,0.02151531335741919,0.53435,-0.18309046003488658,0.02700272631350442,0.11265,-0.27878025673127843,0.13034270040536,0.6372,-0.16904777156374384,0.101629758191884,0.10375,-0.28343956234134643,0.11580795830293168,0.6465,-0.16759285067057778,0.1093616414489929
iid_student_t,1000,0.000629940788348712,0.01,6.0,,,,,,,iid_student_t,1.0,-0.22044955103658395,-0.3205633493345275,-0.18817160642310207,0.0036,-0.43944016519352025,-0.370837203023286,0.1809,-0.2532359390421094,-0.34577125558842703,0.005,-0.4272840813726072,-0.33291619974531167,0.21145,-0.24395661572813945,-0.2964581658489183,0.0049,-0.42920891073171913,-0.3389207207334651,0.17365,-0.25558416073304646,-0.35825040552806836,0.0038,-0.4375324620469918,-0.364886107395889,0.18905,-0.25067616497160866,-0.3321678532518114,0.0034,-0.4418905365965755,-0.37848115673209926,0.1829,-0.2526483768181781,-0.34264877481090644
iid_student_t,1000,0.000629940788348712,0.01,6.0,,,,,,,iid_student_t,1.0,-0.1732958968060939,-0.3205633493345275,-0.18817160642310207,0.0617,-0.309518318724566,0.03445506366492125,0.54885,-0.18115717431858686,0.03727678281463641,0.07515,-0.2991971849952043,0.06665192506778528,0.5876,-0.17581943777898956,0.0656431056678061,0.1364,-0.2686293307240299,0.16200859742172613,0.6893,-0.16190530384620277,0.13958696041441962,0.05625,-0.3146806803382862,0.018351034229126317,0.531,-0.18366589463802488,0.023944695327445645,0.0497,-0.3209673384294222,-0.0012602472981810197,0.5371,-0.18277017929916206,0.028704793600980126
iid_student_t,1000,0.000629940788348712,0.01,6.0,,,,,,,iid_student_t,1.0,-0.19964507919169336,-0.3205633493345275,-0.18817160642310207,0.20785,-0.24525940127065698,0.23491128421323748,0.76525,-0.15155967088761368,0.19456673741290595,0.1675,-0.2578780140745386,0.19554741797563682,0.7205,-0.15762952322780138,0.16230973299248508,0.1811,-0.25315240315819365,0.21028900002534728,0.7762,-0.14996057201846621,0.2030648254057985,0.19495,-0.24881113430272078,0.2238316238608079,0.75345,-0.15312622629841843,0.18624159505703763,0.19825,-0.24783967482878583,0.22686209966520557,0.76075,-0.15211319639387255,0.19162513789754512
iid_student_t,1000,0.000629940788348712,0.01,6.0,,,,,,,iid_student_t,1.0,-0.18754449249686145,-0.3205633493345275,-0.18817160642310207,0.101,-0.2850283990578841,0.11085156912171061,0.60075,-0.17389254781395003,0.07588317324052449,0.0751,-0.29927709233379485,0.06640265346903133,0.563,-0.17908485138389416,0.04828972453355388,0.0685,-0.3043213871454448,0.050666934391595746,0.5458,-0.1815933767606756,0.034958673029741684,0.1028,-0.28384274185967406,0.11455023648549804,0.61085,-0.1725537548112632,0.08299791827637525,0.10125,-0.28491418617608094,0.11120785714415682,0.6142,-0.1721450423089777,0.08516993832793664
iid_student_t,1000,0.000629940788348712,0.01,6.0,,,,,,,iid_student_t,1.0,-0.223704514862362,-0.3205633493345275,-0.18817160642310207,0.03165,-0.34388470994627796,-0.07275117589133115,0.42195,-0.20026311681674466,-0.06425789003711295,0.0277,-0.35127629553645895,-0.09580928782310853,0.42045,-0.20043894993291117,-0.06519231962247318,0.0207,-0.3658774120215691,-0.14135759057019825,0.3866,-0.2060008934087016,-0.09475014495816407,0.0281,-0.350848272384811,-0.09447406608757163,0.4256,-0.19956156434492522,-0.060529631108175476,0.02975,-0.3471770780177406,-0.08302174511983915,0.41065,-0.2021302882605513,-0.07418059558923708
iid_student_t,1000,0.000629940788348712,0.01,6.0,,,,,,,iid_student_t,1.0,-0.3172695493224803,-0.3205633493345275,-0.18817160642310207,0.0009,-0.49662050895895343,-0.5492117548369495,0.0981,-0.2863059500702395,-0.5215151505189539,0.0008,-0.49892789632525,-0.556409668669228,0.0868,-0.2922428646623507,-0.5530656841247633,0.0021,-0.45915354443360995,-0.43233325140502904,0.1163,-0.27762435761020066,-0.4753785806874865,0.00125,-0.48751532931197283,-0.5208080721767749,0.10065,-0.28523390716285574,-0.5158179949928791,0.0012,-0.4941149828964071,-0.5413957457150468,0.0947,-0.28798104046979345,-0.5304170801532662
iid_student_t,1000,0.000629940788348712,0.01,6.0,,,,,,,iid_student_t,1.0,-0.1885929964363921,-0.3205633493345275,-0.18817160642310207,0.05815,-0.31273310694240947,0.024426505426690902,0.50795,-0.1870363915981707,0.006032869923950423,0.0383,-0.3351721069727746,-0.04557213938703254,0.44325,-0.19679657149629118,-0.045835635020280124,0.0724,-0.3014266700686717,0.05969702807754709,0.57065,-0.17811096717627822,0.053465235473425236,0.04385,-0.3278147480855345,-0.022620797936072596,0.4965,-0.18874589176531933,-0.0030519234709937434,0.0506,-0.3200832742797073,0.001497598074816845,0.4911,-0.1895555054089436,-0.0073544516739142375
iid_student_t,1000,0.000629940788348712,0.01,6.0,,,,,,,iid_student_t,1.0,-0.13965036579285944,-0.3205633493345275,-0.18817160642310207,0.31665,-0.2193017540940245,0.315886377687021,0.8708,-0.13567510537756022,0.27898205283694055,0.28415,-0.22641917138471948,0.29368353601634856,0.856,-0.13838842714659466,0.2645626522663063,0.5003,-0.18814282686829892,0.4130869069752564,0.92275,-0.12587356113246895,0.33107038024938024,0.3059,-0.22168934672107277,0.3084382628853608,0.86595,-0.13647309524951767,0.2747412968210559,0.2964,-0.22378995638813606,0.30188539378343743,0.86155,-0.13731347888478684,0.27027524771171485
iid_student_t,1000,0.000629940788348712,0.01,6.0,,,,,,,iid_student_t,1.0,-0.15963802664453128,-0.3205633493345275,-0.18817160642310207,0.07955,-0.2963482341520299,0.07553925061229529,0.5787,-0.1769331424337293,0.059724547199236866,0.0701,-0.3031631245220606,0.05428014415431095,0.5664,-0.17867014272812515,0.0504936099318458,0.172,-0.25627012855433756,0.20056323005627208,0.70955,-0.1592670977522208,0.15360717390002904,0.06915,-0.3036930596449693,0.0526270071877526,0.5787,-0.17692052032263658,0.0597916248595313,0.08255,-0.2945590930721816,0.0811204908993164,0.5922,-0.1751036143189419,0.06944720488157456
iid_student_t,1000,0.000629940788348712,0.01,6.0,,,,,,,iid_student_t,1.0,-0.1715317771395377,-0.3205633493345275,-0.18817160642310207,0.01265,-0.38838680511795853,-0.2115758271312953,0.29815,-0.2233675378362745,-0.18704166947501477,0.01565,-0.3795098308278354,-0.1838840329553508,0.32255,-0.21799701146961614,-0.1585010917080228,0.02825,-0.3504199338565159,-0.09313786053199483,0.36815,-0.2090981003904986,-0.11120962596420361,0.01505,-0.3803281718619827,-0.18643685452976388,0.2892,-0.2253456740839641,-0.1975540750673962,0.0136,-0.38458547325714854,-0.19971754118344331,0.30655,-0.2215874707677718,-0.17758186253421504
iid_student_t,1000,0.000629940788348712,0.01,6.0,,,,,,,iid_student_t,1.0,-0.15329838480450517,-0.3205633493345275,-0.18817160642310207,0.0617,-0.3093905648429262,0.034853592947526324,0.5562,-0.18014827612707246,0.0426383685006612,0.0737,-0.30035302367914635,0.06304627680405989,0.57015,-0.17816738266240914,0.053165426765813595,0.1258,-0.2729231801388455,0.1486138989206985,0.66875,-0.16465000073182579,0.12500082312306024,0.07085,-0.30245840203201974,0.05647853174760211,0.5544,-0.18036278892258495,0.04149838357099993,0.0657,-0.30623636741736954,0.04469313771178156,0.55075,-0.18088301307169755,0.0387337573927928
iid_student_t,1000,0.000629940788348712,0.01,6.0,,,,,,,iid_student_t,1.0,-0.27758611951719225,-0.3205633493345275,-0.18817160642310207,0.0587,-0.3123183698649857,0.02572028114460987,0.5293,-0.18394461067147644,0.022463515255969457,0.0547,-0.3159890291783135,0.01426962928141989,0.5076,-0.187111630742901,0.0056330266842582796,0.0129,-0.3870111465302307,-0.20728444887303962,0.2827,-0.22691500148685523,-0.2058939486153878,0.0593,-0.3121028920911295,0.026392465829176856,0.5494,-0.1810357376687982,0.03792213336510996,0.0568,-0.31396023442576804,0.02059847116792108,0.5408,-0.18223587734581587,0.03154423342669337
iid_student_t,1000,0.000629940788348712,0.01,6.0,,,,,,,iid_student_t,1.0,-0.3525186342940331,-0.3205633493345275,-0.18817160642310207,0.006,-0.42092186862389963,-0.31306922484342353,0.22095,-0.24126824018714876,-0.2821713369691887,0.0058,-0.42241854660006617,-0.317738124077455,0.2119,-0.2438615448542592,-0.2959529308897902,0.00865,-0.4078431048091881,-0.2722699137498056,0.2309,-0.2386992247020129,-0.2685188230008515,0.0067,-0.4152385226207155,-0.2953399803275346,0.2181,-0.24191042200189852,-0.28558408253137424,0.00465,-0.432302444363112,-0.3485710242937906,0.198,-0.2479702832738936,-0.31778799143763886
iid_student_t,1000,0.000629940788348712,0.01,6.0,,,,,,,iid_student_t,1.0,-0.18725720743419141,-0.3205633493345275,-0.18817160642310207,0.07045,-0.30271444768321515,0.055679795236622455,0.5348,-0.18304581057965427,0.027240006826122837,0.08165,-0.29508094586115735,0.07949256683981584,0.5991,-0.17411217123296696,0.07471602893436859,0.09345,-0.28876062462147273,0.09920886083538731,0.5775,-0.17709487207932606,0.058865067659942705,0.0615,-0.3098216965506483,0.033508674045795724,0.52375,-0.18461733345458653,0.01888846588535676,0.06645,-0.305809216673901,0.046025637962840496,0.5316,-0.18354924400801803,0.024564611542353013
iid_student_t,1000,0.000629940788348712,0.01,6.0,,,,,,,iid_student_t,1.0,-0.1618907912276788,-0.3205633493345275,-0.18817160642310207,0.0183,-0.37260457381428164,-0.16234302701100714,0.3777,-0.20744763003562516,-0.10243853458518676,0.02505,-0.35708464691143693,-0.11392848762257349,0.36565,-0.20951144493295065,-0.11340626205776315,0.02985,-0.3470036880071616,-0.08248085355834597,0.4054,-0.20304232203698935,-0.07902741490366308,0.0216,-0.36326031043155266,-0.13319352067434337,0.34535,-0.21360910677179648,-0.1351824583539901,0.0216,-0.3635939562023668,-0.13423433139555263,0.38735,-0.20587298636710494,-0.09407040881715958
iid_student_t,1000,0.000629940788348712,0.01,6.0,,,,,,,iid_student_t,1.0,-0.26448552177845824,-0.3205633493345275,-0.18817160642310207,0.00705,-0.4145010176769027,-0.2930393276005658,0.2395,-0.23655538549160554,-0.25712582247777066,0.00565,-0.4235724509342331,-0.32133773812117644,0.21645,-0.24235237946185928,-0.2879327761964908,0.0118,-0.3917547810863583,-0.22208225581502197,0.2933,-0.22452288317369914,-0.19318151894213823,0.00865,-0.40757229011895146,-0.2714251051002864,0.2372,-0.23720907350318726,-0.2605997153992771,0.00865,-0.40727372962923036,-0.27049374320148883,0.2282,-0.23945921792644176,-0.2725576535070864
iid_student_t,1000,0.000629940788348712,0.01,6.0,,,,,,,iid_student_t,1.0,-0.11839241191279613,-0.3205633493345275,-0.18817160642310207,0.3248,-0.21745406514085963,0.3216502585455177,0.85655,-0.13823693593062314,0.26536772173906675,0.1927,-0.24961015392883706,0.2213390755773719,0.76955,-0.15096336064863883,0.19773570774966365,0.38445,-0.20642719918463337,0.35604865742398417,0.8724,-0.13543397533174842,0.2802634897678111,0.32445,-0.21756158337579154,0.32131485452894776,0.8669,-0.13628259290924596,0.2757536830353893,0.32565,-0.21730189399802335,0.32212495767488536,0.8708,-0.13566770709769932,0.27902136950113626
iid_student_t,1000,0.000629940788348712,0.01,6.0,,,,,,,iid_student_t,1.0,-0.17524895818423478,-0.3205633493345275,-0.18817160642310207,0.02075,-0.3656802409046712,-0.14074251365230608,0.35835,-0.21102060089198293,-0.1214263666193353,0.0254,-0.3561058494733177,-0.11087512097865998,0.3838,-0.2065984536192323,-0.09792575801631638,0.03935,-0.3334905868936714,-0.040326623695379205,0.45815,-0.1945762198531366,-0.03403602462548907,0.0216,-0.3633105429830325,-0.13335022153108236,0.37335,-0.20818579295332446,-0.10636135233506311,0.02285,-0.3611533293365677,-0.12662077585071035,0.36235,-0.21026506754017404,-0.11741123720544232
iid_student_t,1000,0.000629940788348712,0.01,6.0,,,,,,,iid_student_t,1.0,-0.3261279665253578,-0.3205633493345275,-0.18817160642310207,0.00065,-0.5055201281703711,-0.5769741900307818,0.0917,-0.289554691538502,-0.5387799309500554,0.00125,-0.4890268874756538,-0.5255233902779206,0.09645,-0.28716554769894126,-0.5260833085160163,0.00125,-0.48927210121200143,-0.526288336541605,0.09145,-0.28966240724590436,-0.5393523643232401,0.00085,-0.49758784228914116,-0.552229359102053,0.0902,-0.29033848242273996,-0.5429452293132718,0.0012,-0.4898704506948488,-0.5281548926656583,0.0904,-0.290161216467776,-0.5420031851954925
iid_student_t,1000,0.000629940788348712,0.01,6.0,,,,,,,iid_student_t,1.0,-0.22869122508415887,-0.3205633493345275,-0.18817160642310207,0.00985,-0.401780494457302,-0.2533575509844684,0.25245,-0.2335148230767469,-0.24096736758302967,0.00865,-0.407320203491875,-0.2706387187975484,0.243,-0.23560220498423995,-0.25206033717164866,0.0077,-0.4117148908044839,-0.2843479819485982,0.24355,-0.235462962181538,-0.2513203594175721,0.01165,-0.3921993191309992,-0.22346899589483377,0.2676,-0.23012261155400066,-0.22294014452197505,0.00985,-0.40208706976966885,-0.2543139151883091,0.2548,-0.23282865490231303,-0.23732086539560068
iid_student_t,1000,0.000629940788348712,0.01,6.0,,,,,,,iid_student_t,1.0,-0.22098018515023893,-0.3205633493345275,-0.18817160642310207,0.01145,-0.39353243855210185,-0.2276276728735655,0.2934,-0.22450497274295717,-0.19308633757507424,0.0163,-0.37740594111941383,-0.17732093173748192,0.34915,-0.21278095908630834,-0.13078143472864004,0.0247,-0.3578377839777297,-0.11627790488395486,0.38875,-0.20563872888189288,-0.09282549472164335,0.01485,-0.38121906579474035,-0.18921600546703446,0.3059,-0.22168784508164535,-0.17811528155412742,0.01335,-0.3860007264770813,-0.20413243522192503,0.31005,-0.22078058632863565,-0.17329383813736804
iid_student_t,1000,0.000629940788348712,0.01,6.0,,,,,,,iid_student_t,1.0,-0.38869462827421064,-0.3205633493345275,-0.18817160642310207,0.0286,-0.349606402028195,-0.0906000413146397,0.3976,-0.20420775773801875,-0.08522088757035713,0.0161,-0.3779309405998735,-0.17895867192690004,0.3009,-0.22265271372156129,-0.18324288108020276,0.00495,-0.4282217614411278,-0.33584130041719806,0.2346,-0.23785817370153878,-0.2640492273139069,0.0254,-0.35627467494060794,-0.11140177340988994,0.3931,-0.2048992292489681,-0.08889557326865849,0.027,-0.3528690616037718,-0.1007779346463319,0.39655,-0.20436500061697233,-0.08605652309445433
iid_student_t,1000,0.000629940788348712,0.01,6.0,,,,,,,iid_student_t,1.0,-0.15499778554908697,-0.3205633493345275,-0.18817160642310207,0.02305,-0.36077574751496605,-0.12544290625836466,0.3963,-0.20438611180603775,-0.08616871424521674,0.02775,-0.3512187396320552,-0.09562974170680034,0.37205,-0.20846960879406445,-0.10786963430243836,0.0413,-0.3314563638937249,-0.03398084834654588,0.43915,-0.19728544351142682,-0.04843364661421008,0.02815,-0.3507174069268743,-0.09406583021716305,0.3872,-0.2059002566189001,-0.09421533106294117,0.02685,-0.35327044404393765,-0.10203005046368627,0.4121,-0.2017848876639772,-0.07234503387437632
iid_student_t,1000,0.000629940788348712,0.01,6.0,,,,,,,iid_student_t,1.0,-0.23166478524418307,-0.3205633493345275,-0.18817160642310207,0.00065,-0.5074172488765596,-0.582892273648659,0.073,-0.3008695475337198,-0.5989104480365517,0.0007,-0.5023291160033359,-0.5670198013782437,0.0749,-0.2995138083264826,-0.5917056458190013,0.0005,-0.5200581028213475,-0.6223255213079114,0.06525,-0.3066156984403278,-0.6294472065615752,0.00065,-0.5098761584327751,-0.5905628621963519,0.07325,-0.30060706921168745,-0.5975155600031139,0.00065,-0.5131577988355911,-0.600799966374445,0.0697,-0.3033860119618066,-0.6122836900251891
iid_student_t,1000,0.000629940788348712,0.01,6.0,,,,,,,iid_student_t,1.0,-0.24553569986770235,-0.3205633493345275,-0.18817160642310207,0.00485,-0.43011048284478215,-0.3417331823418637,0.1935,-0.2493650737154533,-0.3252003235533755,0.01075,-0.3964800488751414,-0.2368227674754862,0.2888,-0.22540695345519474,-0.19787973191008074,0.0128,-0.3876047684655809,-0.20913625737386324,0.29505,-0.2240888932657378,-0.19087516722302966,0.0052,-0.42616529453181884,-0.32942613501049123,0.19755,-0.24810794652331514,-0.31851957497480665,0.00485,-0.4301313327751162,-0.34179822387071396,0.2076,-0.24538087777769038,-0.304027118873364
iid_student_t,1000,0.000629940788348712,0.01,6.0,,,,,,,iid_student_t,1.0,-0.2630541323697219,-0.3205633493345275,-0.18817160642310207,0.0021,-0.4592073682549642,-0.43250115525762484,0.1271,-0.27239482289631983,-0.4475872745851075,0.002,-0.46253947555419045,-0.44289569133339113,0.12445,-0.2736863861972857,-0.45445102690947137,0.0036,-0.4395542344164748,-0.3711930429007746,0.20075,-0.24702762023661168,-0.3127783991022132,0.00165,-0.46873839696234915,-0.46223327755785293,0.13915,-0.2675139183769301,-0.4216486932434833,0.002,-0.4628415713964831,-0.44383808179356,0.1327,-0.2700421335983485,-0.4350843824501414
iid_student_t,1000,0.000629940788348712,0.01,6.0,,,,,,,iid_student_t,1.0,-0.2666319734428786,-0.3205633493345275,-0.18817160642310207,0.0021,-0.45837449658276175,-0.42990300523850544,0.1674,-0.2579309664587995,-0.3707220306067014,0.0021,-0.4584073744986393,-0.43000556816700547,0.1723,-0.25616472706359905,-0.36133570804308857,0.0067,-0.41534156994032817,-0.29566143728706107,0.22705,-0.23980953264057636,-0.27441933030728827,0.00165,-0.46857090632258347,-0.4617107891320445,0.15265,-0.2628988783031952,-0.3971229948054414,0.00215,-0.4556068265237137,-0.42126923576737413,0.1549,-0.2621854978831534,-0.39333187863439806
iid_student_t,1000,0.000629940788348712,0.01,6.0,,,,,,,iid_student_t,1.0,-0.16523004900953467,-0.3205633493345275,-0.18817160642310207,0.0213,-0.36431894170149626,-0.13649592961205026,0.34175,-0.21421519756663615,-0.13840340547965196,0.02305,-0.36072201601289416,-0.1252752903965282,0.36705,-0.20925702443481642,-0.11205419570210813,0.0587,-0.31231748612496013,0.02572303797887487,0.5181,-0.1855236200065414,0.014072189034761672,0.01945,-0.3694544397884213,-0.1525161580554642,0.33455,-0.21544109329929206,-0.14491818077417487,0.01465,-0.38136634197134067,-0.1896754347090425,0.3516,-0.2122559633009987,-0.127991450653523
iid_student_t,1000,0.000629940788348712,0.01,6.0,,,,,,,iid_student_t,1.0,-0.20146690962840483,-0.3205633493345275,-0.18817160642310207,0.04455,-0.32693103381742133,-0.019864044021603827,0.4952,-0.18894390446023945,-0.004104221948346852,0.04,-0.33275595185189766,-0.03803492365138229,0.48135,-0.19108477387641382,-0.015481440099743391,0.07895,-0.2965605102758738,0.07487705350122623,0.59875,-0.1741893592291312,0.07430582891731242,0.0472,-0.3236076942833714,-0.009496859061286224,0.4849,-0.1905988560201578,-0.012899127786569898,0.04515,-0.3263874910232171,-0.018168457812723193,0.4706,-0.19266202829773726,-0.02386344018628677
iid_student_t,1000,0.000629940788348712,0.01,6.0,,,,,,,iid_student_t,1.0,-0.16632600019125138,-0.3205633493345275,-0.18817160642310207,0.0274,-0.3518167137228415,-0.09749512679223724,0.4258,-0.19952097260343155,-0.060313914495742416,0.03145,-0.3442259450591039,-0.07381566162725309,0.41365,-0.20153742475259048,-0.0710299422083664,0.0366,-0.33719169329180587,-0.05187225548958706,0.41855,-0.2007638113692613,-0.06691873011832496,0.0359,-0.33843730162459923,-0.055757940909892195,0.43025,-0.19876694280686424,-0.05630677542252925,0.0319,-0.34343907073035623,-0.07136100069866845,0.4059,-0.2029597022267357,-0.0785883486076148
iid_student_t,1000,0.000629940788348712,0.01,6.0,,,,,,,iid_student_t,1.0,-0.1303928765404669,-0.3205633493345275,-0.18817160642310207,0.21485,-0.2428525905700821,0.24241934995303993,0.79285,-0.1476053927587907,0.2155809499393794,0.2678,-0.2300943739305562,0.2822187115020482,0.8551,-0.13852035893016218,0.26386152744691743,0.42565,-0.19953825119306492,0.3775387872403513,0.9094,-0.12856446062126714,0.3167701383587534,0.1889,-0.2507898493085127,0.2176590061554475,0.78865,-0.14819735651581775,0.21243507810313633,0.21265,-0.2436937569164113,0.2397953246298849,0.7827,-0.1490263469390945,0.20802957591800447
iid_student_t,1000,0.000629940788348712,0.01,6.0,,,,,,,iid_student_t,1.0,-0.16646368012518156,-0.3205633493345275,-0.18817160642310207,0.0353,-0.33903409600140977,-0.057619645867896446,0.4673,-0.19326819862094619,-0.02708480994940583,0.043,-0.3289015919892815,-0.0260112164165483,0.4832,-0.19083336632871073,-0.01414538546067208,0.05615,-0.3149569055570817,0.017489347391348605,0.51655,-0.1857428214231619,0.012907287375115858,0.03315,-0.34166954006416866,-0.06584093525805891,0.45425,-0.19518123360607142,-0.037251248029462385,0.04155,-0.33102597354867175,-0.032638242131747396,0.46675,-0.19332690335624175,-0.027396784409376002
iid_student_t,1000,0.000629940788348712,0.01,6.0,,,,,,,iid_student_t,1.0,-0.24331354552593934,-0.3205633493345275,-0.18817160642310207,0.0835,-0.29407476419190637,0.08263135881756302,0.6292,-0.17011393338004438,0.09596385653665084,0.0763,-0.2984341191760158,0.06903231515533766,0.5855,-0.17607426747293253,0.06428886472366499,0.0802,-0.29593017595433924,0.07684338659215234,0.58675,-0.17594719217494703,0.0649641807312234,0.0848,-0.2934161938129007,0.08468577452158173,0.6217,-0.17116240629534418,0.09039195897341103,0.0947,-0.28804237890884654,0.10144943423255584,0.62,-0.17136126643917943,0.08933515689994566
iid_student_t,1000,0.000629940788348712,0.01,6.0,,,,,,,iid_student_t,1.0,-0.2858658587365019,-0.3205633493345275,-0.18817160642310207,0.01265,-0.38848676031199264,-0.21188763817969372,0.2836,-0.22658019678064212,-0.20411469661994963,0.00835,-0.4088633615914477,-0.2754526131581365,0.27405,-0.22855046845492272,-0.21458530752524457,0.00735,-0.41321208232034423,-0.2890184831739204,0.2484,-0.23438805840917143,-0.24560800040231417,0.0121,-0.3907191388399482,-0.21885156132496233,0.27585,-0.22825718398051353,-0.21302670641647933,0.0125,-0.3892537708082422,-0.21428033371972294,0.2843,-0.22637942354785612,-0.20304772782161476
iid_student_t,1000,0.000629940788348712,0.01,6.0,,,,,,,iid_student_t,1.0,-0.13154184897441834,-0.3205633493345275,-0.18817160642310207,0.3872,-0.20590000545778048,0.3576932425830403,0.9129,-0.12783530832109402,0.32064507100153283,0.502,-0.18791908752737446,0.4137848636861185,0.95025,-0.11876864535011952,0.3688280202961686,0.5282,-0.18408257434724357,0.42575289804842253,0.9486,-0.11921015628115461,0.3664816996188484,0.36285,-0.2100846645240767,0.34463916427064634,0.90345,-0.12960888075850724,0.3112197784660301,0.4056,-0.20299578595377224,0.36675297916876426,0.9184,-0.1268420354753387,0.3259236189431492
iid_student_t,1000,0.000629940788348712,0.01,6.0,,,,,,,iid_student_t,1.0,-0.19216642944419993,-0.3205633493345275,-0.18817160642310207,0.0074,-0.4129139190513364,-0.288088360408399,0.24845,-0.23438655087271903,-0.24559998890429355,0.0053,-0.4251924327054575,-0.32639128455618643,0.20955,-0.2447107905865249,-0.3004660758238679,0.0248,-0.35747966236656936,-0.1151607415778446,0.38235,-0.20675668880978976,-0.09876666698002941,0.0084,-0.4087189550690185,-0.2750021358258745,0.2588,-0.23182444739895725,-0.23198420742448345,0.00885,-0.4065487751264345,-0.2682322416783084,0.235,-0.23778912582935136,-0.2636822863417808
iid_student_t,1000,0.000629940788348712,0.01,6.0,,,,,,,iid_student_t,1.0,-0.25752550359512905,-0.3205633493345275,-0.18817160642310207,0.0065,-0.4161968889295075,-0.29832961189577706,0.237,-0.23726355201056182,-0.2608892304244721,0.0088,-0.4069683457499163,-0.26954109568283763,0.24615,-0.23484430660793726,-0.24803263931271363,0.00535,-0.4245432814778151,-0.32436625197217467,0.20995,-0.2445786588704889,-0.29976388850375285,0.00885,-0.40675106722630433,-0.2688632935446237,0.23875,-0.2367422478695898,-0.25811886484763863,0.01,-0.40082049845174067,-0.25036283556377464,0.23905,-0.23667173487600868,-0.2577441377837554
iid_student_t,1000,0.000629940788348712,0.01,6.0,,,,,,,iid_student_t,1.0,-0.28627600619094734,-0.3205633493345275,-0.18817160642310207,0.00045,-0.5301354227667394,-0.6537618036100271,0.05335,-0.31755821617304325,-0.687599007147851,0.0003,-0.5330995419299267,-0.6630083976743225,0.0539,-0.31667539845650006,-0.6829074506833854,0.00065,-0.5037479126333464,-0.5714457491135537,0.0709,-0.30235623681981716,-0.6068111580020847,0.0003,-0.5330067944737016,-0.6627190712231931,0.0535,-0.31730029971250207,-0.686228362206014,0.00045,-0.5288703902019155,-0.6498155241384342,0.0502,-0.32044881747221365,-0.7029605239787746
iid_student_t,1000,0.000629940788348712,0.01,6.0,,,,,,,iid_student_t,1.0,-0.1511219550131057,-0.3205633493345275,-0.18817160642310207,0.1833,-0.25254234238461676,0.21219208961697822,0.75325,-0.15314856313587555,0.1861228904454243,0.30525,-0.2218193289611385,0.3080327822203516,0.86,-0.13757460136950173,0.26888756500188166,0.2532,-0.23332213229836485,0.2721496927745196,0.82015,-0.14357527931110436,0.2369981739525744,0.1703,-0.25682127725624304,0.19884391715587457,0.7484,-0.15379211039495821,0.18270288850509087,0.19185,-0.24991843582636053,0.22037738766712436,0.7449,-0.15424337622467366,0.18030472738879166
iid_student_t,1000,0.000629940788348712,0.01,6.0,,,,,,,iid_student_t,1.0,-0.22600590419660524,-0.3205633493345275,-0.18817160642310207,0.08395,-0.2938374558167686,0.08337164424205208,0.57585,-0.177410036932104,0.05719018769920467,0.0933,-0.2888301373610009,0.09899201527374572,0.6127,-0.17230408516917975,0.08432473716701101,0.06505,-0.3067342259141518,0.04314006404376626,0.5524,-0.18063782737910744,0.04003674723940551,0.0799,-0.29609223434519555,0.07633784411141417,0.5788,-0.17690961833937874,0.059849561247837045,0.06785,-0.3050742731038604,0.04831830046329871,0.5562,-0.1801336337735505,0.042716182331346414
iid_student_t,1000,0.000629940788348712,0.01,6.0,,,,,,,iid_student_t,1.0,-0.2745204963390671,-0.3205633493345275,-0.18817160642310207,0.07025,-0.30304811509812296,0.054638916996485244,0.55835,-0.17982706688992367,0.04434537012144003,0.04675,-0.3243041779618827,-0.011669545614372194,0.47205,-0.19243326972659547,-0.02264774895905967,0.0174,-0.3745187775363152,-0.16831440123706054,0.3669,-0.2092921658947904,-0.11224094789412044,0.06315,-0.30813710858103255,0.03876376004708954,0.54335,-0.18189794704500856,0.03334009576337065,0.06315,-0.30799945512159055,0.03919317114392192,0.54925,-0.18107547026961496,0.03771098248229608
iid_student_t,1000,0.000629940788348712,0.01,6.0,,,,,,,iid_student_t,1.0,-0.21131151442464743,-0.3205633493345275,-0.18817160642310207,0.0767,-0.29810482172910613,0.07005956124442828,0.5904,-0.17539652426065264,0.06789059415119614,0.06755,-0.30520788646383595,0.04790149248992028,0.5342,-0.18313354136190302,0.026773779301596717,0.04095,-0.33187468178834406,-0.03528579445310349,0.43325,-0.19826866195134252,-0.05365876244653676,0.0908,-0.28995922100277766,0.09546982958370756,0.6305,-0.16994778378967668,0.09684682497979692,0.0915,-0.2896247351151585,0.09651326105618724,0.6018,-0.173721442605697,0.07679247731410668
iid_student_t,1000,0.000629940788348712,0.01,6.0,,,,,,,iid_student_t,1.0,-0.18995018063889907,-0.3205633493345275,-0.18817160642310207,0.0748,-0.29964225998216837,0.06526350999198821,0.5847,-0.17619051269794117,0.06367110295174674,0.07865,-0.2967486781889191,0.07429006215166649,0.58765,-0.1757808353903431,0.06584825026629391,0.0491,-0.3215262669981565,-0.0030038295570219073,0.45795,-0.1946251067888291,-0.034295824372229666,0.07865,-0.2968405881655221,0.0740033482250937,0.6024,-0.1736068628550821,0.07740138825871155,0.0903,-0.29019735847467043,0.0947269577850845,0.60795,-0.17291155198281627,0.08109647746734816
iid_student_t,1000,0.000629940788348712,0.01,6.0,,,,,,,iid_student_t,1.0,-0.1998807755724811,-0.3205633493345275,-0.18817160642310207,0.01,-0.40098234079367917,-0.25086770407813996,0.2671,-0.23023157153348617,-0.22351919032785778,0.014,-0.3834622388289211,-0.19621360216309303,0.30435,-0.22199679907889086,-0.17975715517745627,0.0247,-0.3575688651290993,-0.11543901032789079,0.33145,-0.2160818627001314,-0.14832342034787857,0.00965,-0.40309825161719376,-0.2574683052632321,0.2648,-0.2306992182881817,-0.22600440456174195,0.01125,-0.3944737223628596,-0.23056401544894667,0.2552,-0.23268893736864582,-0.2365783647796839
iid_student_t,1000,0.000629940788348712,0.01,6.0,,,,,,,iid_student_t,1.0,-0.1740817648540555,-0.3205633493345275,-0.18817160642310207,0.03215,-0.343024971473269,-0.0700692146665257,0.4104,-0.2021592084846714,-0.07433428627971815,0.05345,-0.31738862473585466,0.009903579449314498,0.49485,-0.18898560166571546,-0.00432581332585919,0.18,-0.25359950552226235,0.208894260530028,0.72165,-0.1574655183225579,0.16318130393966998,0.03435,-0.34015201481353546,-0.061107002780177395,0.3971,-0.204283759708714,-0.08562478469458308,0.0303,-0.34636538595278016,-0.08048966505939091,0.4064,-0.20286989578550468,-0.07811109041261861
iid_student_t,1000,0.000629940788348712,0.01,6.0,,,,,,,iid_student_t,1.0,-0.14617658288942745,-0.3205633493345275,-0.18817160642310207,0.0585,-0.3125122364420397,0.02511551276589016,0.50685,-0.18721334855020672,0.005092467939826817,0.07415,-0.2999794909149358,0.06421151532863224,0.55885,-0.17973377469717977,0.04484115263888387,0.12365,-0.27407953540746854,0.1450066391668196,0.6428,-0.16814296847502969,0.10643815147668019,0.0611,-0.31029443731585155,0.03203395534765183,0.5066,-0.18725570607834569,0.004867367410878101,0.0536,-0.31727757102229,0.010250012420504814,0.5066,-0.18725742029615097,0.004858257546548022
iid_student_t,1000,0.000629940788348712,0.01,6.0,,,,,,,iid_student_t,1.0,-0.16371668605088296,-0.3205633493345275,-0.18817160642310207,0.13565,-0.2688826487385807,0.16121836979565257,0.70955,-0.1592663305712686,0.15361125092826297,0.12785,-0.2721746165990333,0.1509490490286761,0.655,-0.16643126225638344,0.11553466848678369,0.07895,-0.2966021788676259,0.0747470679871661,0.58185,-0.17654563732802753,0.06178386482460942,0.13865,-0.26772674434690646,0.164824223035188,0.7021,-0.16017931450885092,0.14875938217432627,0.1607,-0.26017750468498974,0.18837413813804849,0.71415,-0.15866529718291864,0.15680532148850757
iid_student_t,1000,0.000629940788348712,0.01,6.0,,,,,,,iid_student_t,1.0,-0.13218971873976892,-0.3205633493345275,-0.18817160642310207,0.4546,-0.19511953548002076,0.3913230071838264,0.93865,-0.12204066277860157,0.35143954447519415,0.4653,-0.19350608278286038,0.39635618611869156,0.9312,-0.12398325550341302,0.3411160277569303,0.5657,-0.1787658599287693,0.4423384323258484,0.955,-0.11751899090518578,0.37546905646888384,0.46185,-0.1940387228760137,0.39469461097524783,0.94025,-0.12160033301908615,0.3537795880550174,0.4871,-0.1902070840941789,0.40664743961204947,0.94085,-0.12143057041206068,0.35468175714552175
iid_student_t,1000,0.000629940788348712,0.01,6.0,,,,,,,iid_student_t,1.0,-0.20363536214459918,-0.3205633493345275,-0.18817160642310207,0.09765,-0.28657312815071945,0.10603277403474215,0.637,-0.16908374731692383,0.10143857231711874,0.12545,-0.27311071556543287,0.14802888061783667,0.6669,-0.16486292346423131,0.12386928826265853,0.07465,-0.29966338015441524,0.06519762544127237,0.538,-0.18264566801053642,0.02936648369861198,0.10235,-0.2841406214135209,0.11362099877175055,0.6478,-0.1674249116832472,0.11025411928091923,0.1142,-0.27821901793690146,0.13209348943205965,0.6672,-0.1648342318722839,0.1240217639336314
iid_student_t,1000,0.000629940788348712,0.01,6.0,,,,,,,iid_student_t,1.0,-0.11508307435207696,-0.3205633493345275,-0.18817160642310207,0.3549,-0.21166903847453353,0.33969669672485264,0.8951,-0.13137853781252007,0.3018152934448746,0.3804,-0.2069798011642796,0.3543248110117433,0.9031,-0.12974677127587464,0.3104869871592622,0.3604,-0.21063403115282375,0.34292541056209697,0.89975,-0.13048605061162794,0.30655823643110486,0.3683,-0.20905187337734138,0.34786096473186356,0.89425,-0.1314809614896888,0.30127098349761067,0.35525,-0.2115603029885944,0.3400358979659329,0.89635,-0.13115441169211328,0.3030063664482205
iid_student_t,1000,0.000629940788348712,0.01,6.0,,,,,,,iid_student_t,1.0,-0.2560002254931534,-0.3205633493345275,-0.18817160642310207,0.1348,-0.2692713068908176,0.1600059474989561,0.66795,-0.16474647936728604,0.12448810689932072,0.21275,-0.24366597341740734,0.23988199548312383,0.75575,-0.15275958463425238,0.1881900381358604,0.1781,-0.25418899867108097,0.20705533181268593,0.7232,-0.15722820553290517,0.1644424548335999,0.1403,-0.2671646370720199,0.16657772129396742,0.65555,-0.16637368165450434,0.11584066896673725,0.1187,-0.27654964188036973,0.1373011217456016,0.6502,-0.16710534277163852,0.11195240372288823
iid_student_t,1000,0.000629940788348712,0.01,6.0,,,,,,,iid_student_t,1.0,-0.17393233122992396,-0.3205633493345275,-0.18817160642310207,0.3205,-0.21851948409687316,0.31832667536539033,0.86665,-0.1363416760286127,0.27543969772968974,0.2459,-0.2348944949451019,0.2672446945892898,0.7918,-0.14774721591685208,0.21482725940786268,0.1971,-0.24817673678601243,0.22581063212243646,0.75395,-0.15306527702495876,0.1865654976617836,0.31025,-0.2207356986662421,0.311413175821635,0.86765,-0.13613568523606312,0.276534394195672,0.2998,-0.22300838723189026,0.3043235051828482,0.8558,-0.13841783567059213,0.264406366604742
iid_student_t,1000,0.000629940788348712,0.01,6.0,,,,,,,iid_student_t,1.0,-0.15870101439629808,-0.3205633493345275,-0.18817160642310207,0.02995,-0.34681024178763903,-0.08187739648839666,0.4095,-0.20230497269184256,-0.07510892072081131,0.03095,-0.3450427062216274,-0.07636355477916532,0.43355,-0.1982138249058079,-0.05336734204269908,0.01265,-0.38846301479680095,-0.21181356385010805,0.3085,-0.22117190225162597,-0.17537340758160425,0.0254,-0.35590565161921506,-0.11025060212920874,0.3882,-0.20578997634128282,-0.09362926879927895,0.02885,-0.3490592340620999,-0.08889314635228358,0.41385,-0.2015220631595882,-0.07094830612471766
iid_student_t,1000,0.000629940788348712,0.01,6.0,,,,,,,iid_student_t,1.0,-0.27723110466183537,-0.3205633493345275,-0.18817160642310207,0.08525,-0.29312885847709236,0.08558211946059242,0.61855,-0.17150432708945135,0.08857488996599469,0.1192,-0.2763749164371128,0.13784617920029704,0.67675,-0.16359870175611985,0.13058773921358935,0.0616,-0.30960718671840914,0.03417783922854182,0.57885,-0.176900702480523,0.059896942779116995,0.0828,-0.2944542799890918,0.08144745617250619,0.5951,-0.1747076944002086,0.07155124133138334,0.0922,-0.2893039761536376,0.09751387127000855,0.59165,-0.17520352181272508,0.0689162666827554
iid_student_t,1000,0.000629940788348712,0.01,6.0,,,,,,,iid_student_t,1.0,-0.18682284110066147,-0.3205633493345275,-0.18817160642310207,0.0469,-0.32415097974840407,-0.01119164252970367,0.50795,-0.18703511441632825,0.006039657248917932,0.0504,-0.32025293221853274,0.0009683487417984185,0.5163,-0.18579726331397145,0.012617966941260703,0.07705,-0.2979392749592831,0.07057598575199198,0.5706,-0.17813249943421816,0.05335080663716647,0.05935,-0.3120730641420453,0.026485514361225697,0.5036,-0.18769582194629125,0.0025284605146061357,0.05645,-0.31434216393816683,0.0194070389184401,0.5192,-0.18531282143157274,0.01519243548945096
iid_student_t,1000,0.000629940788348712,0.01,6.0,,,,,,,iid_student_t,1.0,-0.333332080119822,-0.3205633493345275,-0.18817160642310207,0.00065,-0.513515316382677,-0.6019152452977158,0.0713,-0.3020174180294992,-0.6050105739673387,0.00065,-0.5114652116594276,-0.5955199267826538,0.08415,-0.29371596392773847,-0.5608941726698177,0.00015,-0.5588035892042041,-0.743192384170713,0.04905,-0.32173621500960303,-0.7098021381939111,0.00055,-0.5181004867507792,-0.6162187219041988,0.05935,-0.31204663886917006,-0.6583088426610769,0.00065,-0.5093651366314048,-0.5889687254916065,0.0631,-0.308271229166624,-0.638245190262547
iid_student_t,1000,0.000629940788348712,0.01,6.0,,,,,,,iid_student_t,1.0,-0.2623049866977942,-0.3205633493345275,-0.18817160642310207,0.00215,-0.45692405404974357,-0.42537833784895757,0.1568,-0.2615751622228092,-0.39008837302828736,0.0014,-0.48096209493421294,-0.5003652037348146,0.10445,-0.28308781484170364,-0.504413020767774,0.00135,-0.48336160610288703,-0.5078504985249251,0.11,-0.2802329434298908,-0.4892413832073564,0.00285,-0.4491438786162357,-0.40110801671068935,0.1634,-0.259167949765575,-0.3772957285746837,0.00225,-0.4544130845277632,-0.4175453478106609,0.1454,-0.2653965329265253,-0.4103962758854475
iid_student_t,1000,0.000629940788348712,0.01,6.0,,,,,,,iid_student_t,1.0,-0.1865800617231534,-0.3205633493345275,-0.18817160642310207,0.0809,-0.29547262206216046,0.07827072971521563,0.58195,-0.17653265872975496,0.061852836964026596,0.09705,-0.28694428427668084,0.10487494945269965,0.60945,-0.1727093767630992,0.08217089684208893,0.05395,-0.3165580704607046,0.012494500329303554,0.5108,-0.18658006172315345,0.008457942886293132,0.08675,-0.29229803941321236,0.0881738663511984,0.5904,-0.17538397328447236,0.06795729377936456,0.0942,-0.2883644103416878,0.10044485453400395,0.58615,-0.17599017233628853,0.06473577134386421
iid_student_t,1000,0.000629940788348712,0.01,6.0,,,,,,,iid_student_t,1.0,-0.30392579882659215,-0.3205633493345275,-0.18817160642310207,0.0066,-0.41579052853654225,-0.2970619673137971,0.2219,-0.2410129309484546,-0.28081454758131424,0.00885,-0.4066551807904757,-0.2685641750208508,0.23995,-0.23643203290773201,-0.25647029008253686,0.00475,-0.4310201965562267,-0.3445710417332541,0.20025,-0.24718637601038917,-0.3136220746003143,0.00605,-0.41895687980805024,-0.30693942610027775,0.22925,-0.23910620764627905,-0.27068165166561314,0.00605,-0.4193128659381252,-0.3080499277556104,0.21635,-0.24239332196521596,-0.28815035686200646
iid_student_t,1000,0.000629940788348712,0.01,6.0,,,,,,,iid_student_t,1.0,-0.1804049115229278,-0.3205633493345275,-0.18817160642310207,0.15965,-0.26041415149635977,0.1876359164671641,0.6938,-0.1612806390532511,0.14290661530192225,0.1381,-0.2679428245585607,0.164150159040964,0.69595,-0.16096382658997554,0.14459025115590549,0.1555,-0.26201789809455117,0.18263301578771743,0.7199,-0.15781011510117327,0.1613500139530152,0.1215,-0.27506586537812705,0.1419297747258095,0.69615,-0.16090258580768343,0.14491570292546954,0.12965,-0.27154949775561565,0.15289911239279852,0.7014,-0.16030348942986983,0.14809947963440906
ar1,1000,0.000629940788348712,0.01,,0.2,,,,,,ar1,1.0,-0.27279618302843894,-0.4015684117650826,-0.2364505500763835,0.09705,-0.36085038916066425,0.10139747403298842,0.6464,-0.21080927186211157,0.10844245532940697,0.06155,-0.3891698593385364,0.03087531803621894,0.5121,-0.23427587505350284,0.009197166266596314,0.0261,-0.4350300272393526,-0.08332730985286012,0.35815,-0.2653177931793669,-0.12208575151826905,0.04275,-0.41040205088240433,-0.021997843601526575,0.49425,-0.2373750244414936,-0.003909800018699356,0.0405,-0.41325367454770423,-0.029099058691542407,0.49735,-0.23699277153416112,-0.0022931706337856704
ar1,1000,0.000629940788348712,0.01,,0.2,,,,,,ar1,1.0,-0.16886064235039086,-0.4015684117650826,-0.2364505500763835,0.26505,-0.28908316529720934,0.28011477788665584,0.8488,-0.17426861841338387,0.2629807020660863,0.113,-0.35114571766501207,0.12556439356980054,0.6533,-0.20968186455636095,0.11321050220172939,0.1894,-0.3147249288592796,0.21626074253222494,0.7489,-0.19316545645439387,0.1830619282044669,0.14095,-0.3357075600156787,0.16400904508378636,0.7222,-0.1977716774565103,0.1635812334011415,0.1473,-0.33242627053679996,0.17218022932722804,0.7048,-0.2007170645412482,0.15112456081659298
ar1,1000,0.000629940788348712,0.01,,0.2,,,,,,ar1,1.0,-0.19562172997465618,-0.4015684117650826,-0.2364505500763835,0.08795,-0.3673199995995401,0.08528661907196484,0.638,-0.21211531774925235,0.10291890765011895,0.0362,-0.4190796060550675,-0.04360700138991241,0.47195,-0.24165361790222184,-0.022004887804902708,0.08845,-0.36704891151973534,0.0859616922895349,0.573,-0.2234152921417868,0.055128896635621115,0.05085,-0.400356754238194,0.003017312844809716,0.53175,-0.23091376992981588,0.0234162286566007,0.0521,-0.3993140015299701,0.005614012878162723,0.4978,-0.23694268575940064,-0.0020813471690303404
ar1,1000,0.000629940788348712,0.01,,0.2,,,,,,ar1,1.0,-0.22444359968323183,-0.4015684117650826,-0.2364505500763835,0.22635,-0.3009238145155186,0.2506287703437219,0.8272,-0.17828795656858282,0.24598206047315901,0.0612,-0.38971824887948314,0.02950969881697722,0.5594,-0.22583525540644733,0.04489435387867346,0.09695,-0.36087977243679953,0.10132430274940533,0.616,-0.21600017327873028,0.08648902187390504,0.10325,-0.35682059582623066,0.11143260930849666,0.62965,-0.2135646951894555,0.09678918014584821,0.0865,-0.3684696228116161,0.08242378629330362,0.60455,-0.21802541280461926,0.07792385031801422
ar1,1000,0.000629940788348712,0.01,,0.2,,,,,,ar1,1.0,-0.2838981782820386,-0.4015684117650826,-0.2364505500763835,0.35475,-0.2662250316852924,0.3370369185287564,0.90725,-0.16071289670625688,0.32031075142629256,0.16545,-0.3240906050440642,0.19293800122491442,0.7635,-0.19029895118150786,0.19518499271820988,0.14445,-0.3339726443707798,0.1683293939809348,0.7078,-0.20029966479543065,0.15288983370634823,0.2335,-0.2985346578714491,0.2565783335416039,0.78955,-0.18526917527508424,0.21645699189435386,0.2206,-0.30291264723798067,0.24567610807200527,0.78335,-0.18635595216455142,0.21186077975140852
ar1,1000,0.000629940788348712,0.01,,0.2,,,,,,ar1,1.0,-0.5046582437616313,-0.4015684117650826,-0.2364505500763835,5e-05,-0.6420623693998466,-0.5988866419489511,0.02565,-0.4362064027269947,-0.8448102683038023,0.0,-0.6872870857153484,-0.7115068456066984,0.01395,-0.4708235432970062,-0.9912135672550153,0.0,-0.712967675525667,-0.7754575674711008,0.00855,-0.49692814065637797,-1.1016154984450204,0.0,-0.6828672366131215,-0.7005003795283545,0.01365,-0.47221739901811455,-0.9971084815221128,0.0,-0.6892625241621507,-0.7164261529748238,0.0143,-0.4691089006575572,-0.9839619764302315
ar1,1000,0.000629940788348712,0.01,,0.2,,,,,,ar1,1.0,-0.34000695436495526,-0.4015684117650826,-0.2364505500763835,0.0271,-0.43331307663342494,-0.07905169813733491,0.4772,-0.24058923807005192,-0.017503397612445633,0.0172,-0.4594569731555288,-0.1441561629212782,0.36945,-0.2629168230295057,-0.11193153471020678,0.00945,-0.49242432252897045,-0.22625263367836437,0.255,-0.29215409782463364,-0.23558222947781493,0.01665,-0.46086485098027796,-0.14766211055934284,0.3295,-0.27186945519649497,-0.1497941328902372,0.01635,-0.46191105398226523,-0.1502674026374441,0.32735,-0.2723261898294156,-0.15172576143909478
ar1,1000,0.000629940788348712,0.01,,0.2,,,,,,ar1,1.0,-0.2752795813416222,-0.4015684117650826,-0.2364505500763835,0.2115,-0.3063210754325791,0.2371883184582337,0.7786,-0.18728772774700672,0.20792010132137612,0.08965,-0.36584214606806126,0.08896682271393701,0.61575,-0.21606059413865852,0.0862334891212482,0.05375,-0.39718101844944725,0.010925643519495732,0.51005,-0.23468205291763652,0.007479353117071069,0.0772,-0.3753150094342728,0.06537716005951194,0.5698,-0.2239423351623135,0.05289991886265151,0.0579,-0.393283729857748,0.02063081075256773,0.5453,-0.22836664998118056,0.03418854425414317
ar1,1000,0.000629940788348712,0.01,,0.2,,,,,,ar1,1.0,-0.17919279990652154,-0.4015684117650826,-0.2364505500763835,0.22635,-0.30092861692219564,0.2506168112191086,0.8181,-0.1798420304868312,0.23940954914786772,0.08245,-0.3716756117429245,0.07444011816259438,0.5927,-0.22021992533915397,0.06864278696744985,0.13405,-0.3392757165313734,0.15512349430051892,0.65405,-0.20953050660761402,0.11385062737250205,0.09465,-0.3622835653404141,0.09782852752783286,0.6115,-0.21682848524872922,0.0829859132123631,0.0897,-0.3658255159496868,0.08900823562861658,0.5827,-0.22179563040871597,0.06197879287205449
ar1,1000,0.000629940788348712,0.01,,0.2,,,,,,ar1,1.0,-0.30825766209116573,-0.4015684117650826,-0.2364505500763835,0.02145,-0.445358763683187,-0.10904829821057169,0.38025,-0.26023116757157577,-0.10057332278360163,0.00595,-0.5151257471458441,-0.28278453198453396,0.2033,-0.3093637992276783,-0.30836574128392075,0.0035,-0.531170925617636,-0.3227408084288533,0.1869,-0.315593658149204,-0.3347131484670005,0.00935,-0.49283521701767635,-0.22727585780822018,0.25895,-0.2909125075989427,-0.23033127859066396,0.0052,-0.5178687236624592,-0.28961519006483055,0.23175,-0.299046859464115,-0.2647331941816599
ar1,1000,0.000629940788348712,0.01,,0.2,,,,,,ar1,1.0,-0.21235068701343057,-0.4015684117650826,-0.2364505500763835,0.2259,-0.3010900658564731,0.2502147653172216,0.7986,-0.18346692242544124,0.2240791050552697,0.06515,-0.38530021301275014,0.04051164951153921,0.54645,-0.22813979059046935,0.035147981187734254,0.0786,-0.37412992090073927,0.06832830984822298,0.59825,-0.21919873204388646,0.07296163204917042,0.0967,-0.3611586897191363,0.10062973297208948,0.6195,-0.21539468992929156,0.08904974059180662,0.07485,-0.3773721877147417,0.060254301238454294,0.58615,-0.2212377954494136,0.06433799634661677
ar1,1000,0.000629940788348712,0.01,,0.2,,,,,,ar1,1.0,-0.20272948172139982,-0.4015684117650826,-0.2364505500763835,0.2765,-0.28576425628246543,0.28837964364179763,0.8512,-0.1737627559339811,0.265120102795919,0.13065,-0.3410253759679135,0.15076642988688757,0.70665,-0.20046636596603906,0.15218481876536138,0.23325,-0.2987093559739414,0.256143294087867,0.7856,-0.18589312132269026,0.21381819047306533,0.1664,-0.32384766864553177,0.1935429701204124,0.71035,-0.19983939093739986,0.1548364303959398,0.1371,-0.3374547285084067,0.15965818370739385,0.6917,-0.2030139370095117,0.14141059539117315
ar1,1000,0.000629940788348712,0.01,,0.2,,,,,,ar1,1.0,-0.36627047615573155,-0.4015684117650826,-0.2364505500763835,0.09495,-0.36216286795078234,0.09812909247790265,0.6311,-0.2133291404405725,0.09778539161081168,0.0272,-0.4330343970894803,-0.0783577203846534,0.4383,-0.24805052234778668,-0.049058766273353614,0.00855,-0.4968092112995296,-0.23717204029026767,0.286,-0.2831713747094954,-0.19759237023563317,0.02445,-0.43796040827454774,-0.0906246493580138,0.4457,-0.24666685086685786,-0.04320692333840657,0.03615,-0.4191160739395917,-0.04369781501831491,0.4245,-0.2508100230220911,-0.06072928543016243
ar1,1000,0.000629940788348712,0.01,,0.2,,,,,,ar1,1.0,-0.145315948786971,-0.4015684117650826,-0.2364505500763835,0.4292,-0.24981052103129153,0.3779129191629978,0.9284,-0.15504020307209143,0.34430178732082917,0.15435,-0.3296250676355347,0.179155884829992,0.7003,-0.20146816576477974,0.14794799293257285,0.4188,-0.25218093187784857,0.37201003741954103,0.89775,-0.163250665944838,0.309577981983543,0.24935,-0.29368481237877636,0.2686555919876938,0.80155,-0.1829125759425086,0.22642355501638664,0.1898,-0.31447697481660314,0.2168782065443632,0.76215,-0.1905178842673041,0.19425907782511487
ar1,1000,0.000629940788348712,0.01,,0.2,,,,,,ar1,1.0,-0.2010230267833644,-0.4015684117650826,-0.2364505500763835,0.13545,-0.3383635928076081,0.15739489737168205,0.71805,-0.19845163006753147,0.16070556823224463,0.035,-0.4208243642848903,-0.04795186064354182,0.4365,-0.24839538122079033,-0.050517248281080986,0.06345,-0.38733973603805294,0.035432756437409854,0.5463,-0.22816932373196291,0.03502307920935432,0.04815,-0.40395346278003735,-0.005939339213638111,0.48175,-0.2396742984337836,-0.013633922003390144,0.046,-0.40641968156514807,-0.012080805307224815,0.47875,-0.24027884868238747,-0.016190694438085577
ar1,1000,0.000629940788348712,0.01,,0.2,,,,,,ar1,1.0,-0.2328205412710185,-0.4015684117650826,-0.2364505500763835,0.19235,-0.3135377097913796,0.219217197853702,0.78845,-0.18544762840573098,0.21570227539828696,0.1382,-0.33694541286533103,0.1609264997107293,0.70405,-0.2008194209879356,0.15069167348918217,0.06905,-0.3820185403610688,0.04868378794557797,0.56295,-0.22519459384532356,0.04760384878539629,0.10475,-0.35602569017512387,0.113412111748972,0.6591,-0.20862868471921342,0.11766462521733376,0.1103,-0.352762978587648,0.12153703266377883,0.6742,-0.2061467055688593,0.1281614464323926
ar1,1000,0.000629940788348712,0.01,,0.2,,,,,,ar1,1.0,-0.23105323015175627,-0.4015684117650826,-0.2364505500763835,0.0081,-0.49926335629398655,-0.2432834397991828,0.2362,-0.29765500693788755,-0.2588467518545947,0.0018,-0.5591974642454379,-0.39253349581831215,0.1392,-0.33650775472845595,-0.42316334057903343,0.0024,-0.5474327790159427,-0.3632366565131887,0.1462,-0.33301925753715267,-0.4084097390747174,0.0026,-0.5426406857069681,-0.3513032146174204,0.1681,-0.32315548086226875,-0.3666937156960553,0.00265,-0.541512543478691,-0.34849387455175557,0.16245,-0.32550464393257417,-0.37662882927285407
ar1,1000,0.000629940788348712,0.01,,0.2,,,,,,ar1,1.0,-0.25734891831378925,-0.4015684117650826,-0.2364505500763835,0.47235,-0.24156490701165176,0.3984464416664149,0.9544,-0.14604308587895404,0.38235252220062094,0.32535,-0.27304285819433916,0.32005892347411746,0.8813,-0.16720011596329548,0.29287491228384627,0.11695,-0.3485097273678827,0.13212863074558567,0.64275,-0.21145206545637177,0.10572394359808493,0.2462,-0.2944379760705703,0.2667800368650101,0.8325,-0.17724578352297932,0.25038963341078524,0.2887,-0.28242651369935706,0.2966914094214749,0.86475,-0.17079058863072455,0.27769003465818964
ar1,1000,0.000629940788348712,0.01,,0.2,,,,,,ar1,1.0,-0.17852791020069025,-0.4015684117650826,-0.2364505500763835,0.3089,-0.27738013110524645,0.30925809157640183,0.88305,-0.16662205394525553,0.2953196603203943,0.08845,-0.36704581535167075,0.08596940247782135,0.6091,-0.21720614097391622,0.08138872629499284,0.3698,-0.2628010163855902,0.34556352370831217,0.87245,-0.16912637878904524,0.2847283343836151,0.1604,-0.3266487304694633,0.1865676659334632,0.7309,-0.1963203710697406,0.16971911883342694,0.1338,-0.33943956292120275,0.15471547816919728,0.67125,-0.20663069696706865,0.12611454318749427
ar1,1000,0.000629940788348712,0.01,,0.2,,,,,,ar1,1.0,-0.15024824105201623,-0.4015684117650826,-0.2364505500763835,0.6234,-0.21463122690202913,0.4655176537451648,0.9777,-0.13612853626208143,0.42428327522136794,0.4312,-0.24941016518293713,0.37890989959428883,0.9302,-0.1544938553426201,0.3466124088410364,0.4694,-0.24204747507959545,0.3972447334298965,0.92925,-0.15478976412108975,0.34536094726323907,0.3928,-0.25767353625721345,0.35833215783926653,0.92355,-0.15623185877051238,0.3392620202404143,0.4068,-0.25461538742845025,0.3659476692668741,0.92235,-0.15653824457451043,0.337966249078541
ar1,1000,0.000629940788348712,0.01,,0.2,,,,,,ar1,1.0,-0.30824741855939347,-0.4015684117650826,-0.2364505500763835,0.0562,-0.3950316424072849,0.016278096499337556,0.5339,-0.23050122660448913,0.025160962704347617,0.0171,-0.45975954497801513,-0.14490963807923793,0.3598,-0.26498425558660876,-0.12067514962857004,0.00985,-0.48986766053190123,-0.219885942668403,0.27795,-0.2853652175353632,-0.20687060124486162,0.01815,-0.45654194901712486,-0.13689706570894758,0.3434,-0.26865121822089927,-0.13618351970047693,0.0166,-0.4613325668848823,-0.1488268334083052,0.33395,-0.27083009518386036,-0.14539845687130282
ar1,1000,0.000629940788348712,0.01,,0.2,,,,,,ar1,1.0,-0.19669497634843422,-0.4015684117650826,-0.2364505500763835,0.4917,-0.23782129952973838,0.4077689067115574,0.95025,-0.14755235024798416,0.37596952005263456,0.1863,-0.31578369335074236,0.21362416938442932,0.7523,-0.19243069038518906,0.18616941122350597,0.19005,-0.31434890427074147,0.2171971323913907,0.738,-0.19500803378458365,0.17526927418190472,0.21255,-0.30595992074720246,0.23808767875350487,0.7947,-0.18425136592000751,0.2207615255685108,0.22445,-0.3016073127089291,0.2489266987330436,0.79235,-0.18471116480689487,0.2188169376335755
ar1,1000,0.000629940788348712,0.01,,0.2,,,,,,ar1,1.0,-0.2583778572730095,-0.4015684117650826,-0.2364505500763835,0.2446,-0.2949662486906195,0.2654645135206137,0.8453,-0.1748820600166999,0.26038632618868673,0.0847,-0.36974007728401526,0.07926005519499608,0.5878,-0.2209469158254873,0.06556818855311546,0.02805,-0.43092231041794393,-0.073098126727242,0.37605,-0.26119604432865295,-0.10465399316802446,0.05915,-0.39203575636877414,0.023738558903096906,0.5102,-0.23465628478942196,0.007588332048210097,0.0728,-0.3788042392456996,0.05668815537388444,0.5498,-0.22759182720798862,0.03746543565042724
ar1,1000,0.000629940788348712,0.01,,0.2,,,,,,ar1,1.0,-0.16493523951897981,-0.4015684117650826,-0.2364505500763835,0.41135,-0.2536573715113297,0.3683333547168566,0.93345,-0.1535337211396998,0.3506730219485557,0.2549,-0.29216575519956006,0.2724384024247482,0.8388,-0.17608134827111604,0.25531427939484874,0.2874,-0.282819465602111,0.29571286655993173,0.8314,-0.17744472121271074,0.24954828332863419,0.2386,-0.29693355931548476,0.2605654463449411,0.82695,-0.17831418928426415,0.24587111670215547,0.25595,-0.2919379296623517,0.27300574171373,0.83635,-0.1765214571116102,0.25345296488172114
ar1,1000,0.000629940788348712,0.01,,0.2,,,,,,ar1,1.0,-0.26909929503460367,-0.4015684117650826,-0.2364505500763835,0.0143,-0.46960464059754664,-0.1694262467842346,0.32305,-0.2736107506901881,-0.1571584443419577,0.0078,-0.5017784225202211,-0.2495465475351216,0.2291,-0.2999724412971053,-0.26864767791913186,0.01005,-0.4883037441590794,-0.215991422265397,0.22795,-0.30028722308469297,-0.2699789574931737,0.007,-0.5063912223900371,-0.26103350650567547,0.2368,-0.29748781430656246,-0.258139658421016,0.00665,-0.5086383374600565,-0.26662935270319454,0.24215,-0.29571014792614847,-0.25062152670239773
ar1,1000,0.000629940788348712,0.01,,0.2,,,,,,ar1,1.0,-0.5694404274828642,-0.4015684117650826,-0.2364505500763835,5e-05,-0.6716207399644074,-0.6724939519329157,0.01265,-0.47602444650972375,-1.0132093004475895,0.0,-0.6926074017846736,-0.7247556866844613,0.0102,-0.4875789248515006,-1.0620756631523678,0.0,-0.7394892710782709,-0.841502591869382,0.0052,-0.5178461940418344,-1.1900824247376387,0.0,-0.7175013702860403,-0.7867475360730773,0.0075,-0.5036401623159064,-1.1300020750774713,0.0,-0.7074420195279206,-0.761697381570376,0.0073,-0.5048607741182055,-1.1351643037206478
ar1,1000,0.000629940788348712,0.01,,0.2,,,,,,ar1,1.0,-0.17299162010642138,-0.4015684117650826,-0.2364505500763835,0.2948,-0.28085285142603733,0.30061019941395156,0.87405,-0.1687603480054544,0.28627635693409176,0.20385,-0.3091569132991267,0.23012641372802156,0.7739,-0.18833707484425016,0.20348218778341032,0.16015,-0.32692092750794904,0.185889831147382,0.7559,-0.19164523714691434,0.18949126113259263,0.17075,-0.32190230826489086,0.19838737601401876,0.7607,-0.1907452686747348,0.19329742048341172,0.14505,-0.3336216518844239,0.16920344800528675,0.7205,-0.19806087525784027,0.16235815398247852
ar1,1000,0.000629940788348712,0.01,,0.2,,,,,,ar1,1.0,-0.2987647358856767,-0.4015684117650826,-0.2364505500763835,0.0054,-0.5170873734277193,-0.2876694438062902,0.2401,-0.2964201150426638,-0.25362412964109243,0.00145,-0.5676252705246059,-0.41352071999295215,0.13605,-0.3380670940274141,-0.4297581203266567,0.00185,-0.5581114189466337,-0.38982898702980834,0.12035,-0.3464097174007879,-0.46504086071647105,0.00225,-0.5515486400941227,-0.373486120757871,0.15595,-0.32890171115293443,-0.39099575385502516,0.0024,-0.5492910368484049,-0.36786415653066834,0.1515,-0.330798773056867,-0.3990188348050155
ar1,1000,0.000629940788348712,0.01,,0.2,,,,,,ar1,1.0,-0.1847226180759706,-0.4015684117650826,-0.2364505500763835,0.12385,-0.3443671544834294,0.14244461368419567,0.7099,-0.19991884594418138,0.15450039816105662,0.04085,-0.4130670466551492,-0.028634311248548306,0.45875,-0.2440549530171941,-0.03216064812855823,0.03815,-0.4161230089729687,-0.03624437774851806,0.44535,-0.24676050344788336,-0.04360300015444802,0.04375,-0.40894008991959385,-0.018357216201616126,0.48015,-0.24004198556819928,-0.015188949616127352,0.03145,-0.4250961312572458,-0.05858956731369326,0.42475,-0.2507309032779891,-0.06039467109293014
ar1,1000,0.000629940788348712,0.01,,0.2,,,,,,ar1,1.0,-0.23562797812336556,-0.4015684117650826,-0.2364505500763835,0.02965,-0.4280209896984942,-0.06587315425817494,0.4527,-0.24535474272974134,-0.03765773710605205,0.0078,-0.5017388442800599,-0.2494479883880332,0.2581,-0.29117466870920705,-0.23144001405429324,0.00985,-0.49010903286445856,-0.2204870166709531,0.2519,-0.2929408630457443,-0.2389096280432084,0.0116,-0.4803788235518195,-0.1962565019502603,0.2932,-0.28111415553223784,-0.18889194988730676,0.0094,-0.4926847643547806,-0.22690119521403243,0.2756,-0.286094962106511,-0.20995684727352187
ar1,1000,0.000629940788348712,0.01,,0.2,,,,,,ar1,1.0,-0.19108290759792756,-0.4015684117650826,-0.2364505500763835,0.11275,-0.35140978846521576,0.12490679503249784,0.6731,-0.20635651810830002,0.12727410428253108,0.03605,-0.4192838195571556,-0.04411554114579233,0.442,-0.24737868961925302,-0.04621744182595169,0.0501,-0.4015173849981406,0.00012706867733378916,0.48335,-0.2393836192745263,-0.012404577604895878,0.0454,-0.4070455109962384,-0.013639268106476221,0.46605,-0.2426745558247409,-0.026322652860595132,0.0435,-0.40961086221413195,-0.020027597324448324,0.46955,-0.24200585989153894,-0.02349459459223441
ar1,1000,0.000629940788348712,0.01,,0.2,,,,,,ar1,1.0,-0.2024060130327576,-0.4015684117650826,-0.2364505500763835,0.2025,-0.3097250378983342,0.22871164956191012,0.7913,-0.1849555683793561,0.21778330259917922,0.0524,-0.398967959449531,0.006475739224909153,0.51115,-0.23446828275744935,0.008383432892390325,0.0533,-0.39790225555272535,0.009129593127713378,0.47515,-0.2410534388147718,-0.019466601946586157,0.06265,-0.3882268258790784,0.033223693635068656,0.5563,-0.22643092088448313,0.04237515704092715,0.0459,-0.40650428351534035,-0.012291484104943016,0.51545,-0.2336534414025096,0.011829571438807437
ar1,1000,0.000629940788348712,0.01,,0.2,,,,,,ar1,1.0,-0.22188803602317564,-0.4015684117650826,-0.2364505500763835,0.18375,-0.3166614101222437,0.21143844773455311,0.78335,-0.1863552458430568,0.2118637669362317,0.0512,-0.4000840187957327,0.003696488383698626,0.4881,-0.23847225210320397,-0.008550210714956602,0.0551,-0.39599619567206534,0.013876131512747133,0.50785,-0.23507292636703114,0.005826265614130814,0.05595,-0.39535269097262415,0.015478609896474283,0.51825,-0.23321481872529695,0.013684600649231998,0.05285,-0.3983125187347135,0.008107941100391636,0.4687,-0.24220694260935693,-0.02434501645741101
ar1,1000,0.000629940788348712,0.01,,0.2,,,,,,ar1,1.0,-0.17657287251806453,-0.4015684117650826,-0.2364505500763835,0.27675,-0.2856429187398451,0.28868180272370103,0.85935,-0.1719032438096696,0.2729843776885374,0.0825,-0.3715174088670387,0.07483408061394962,0.6091,-0.21720872984188117,0.08137777741809613,0.12905,-0.3418853327086123,0.14862493489997136,0.6643,-0.2077075848265624,0.12156015386953382,0.10915,-0.35356060786455956,0.11955074775305685,0.64425,-0.21110893086805313,0.1071751332367125,0.11865,-0.3475643451995018,0.1344828551832737,0.64765,-0.21055208257982488,0.10953016386805745
ar1,1000,0.000629940788348712,0.01,,0.2,,,,,,ar1,1.0,-0.162069800783637,-0.4015684117650826,-0.2364505500763835,0.3407,-0.2693516015147842,0.3292510226816476,0.8933,-0.16412794031964345,0.30586780082929305,0.08055,-0.372786872912827,0.07167281591135904,0.62005,-0.21527379267846522,0.08956104094948092,0.1611,-0.3263153665509655,0.18739782066857424,0.7261,-0.1971402098750237,0.16625184499956078,0.13335,-0.3396912848774285,0.15408863116417687,0.66435,-0.20766890642356362,0.12172373311680684,0.123,-0.34486087540150695,0.14121513222197757,0.6625,-0.2079794504843991,0.12041037579649123
ar1,1000,0.000629940788348712,0.01,,0.2,,,,,,ar1,1.0,-0.3005912566579237,-0.4015684117650826,-0.2364505500763835,0.15635,-0.328731062910605,0.1813821673231794,0.7654,-0.19001349975191403,0.19639222792870786,0.03625,-0.4190233297027738,-0.04346686000765987,0.4408,-0.2476154230786891,-0.047218638310204376,0.02305,-0.44116245321230657,-0.0985984960151359,0.4125,-0.25340228605279425,-0.07169252078683948,0.05595,-0.3953762403233887,0.01541996646219361,0.4975,-0.23697694526211938,-0.002226237940938755,0.05245,-0.39891653193835513,0.006603805849845671,0.4835,-0.23931914692367118,-0.012131910229690766
ar1,1000,0.000629940788348712,0.01,,0.2,,,,,,ar1,1.0,-0.17674254306847298,-0.4015684117650826,-0.2364505500763835,0.42475,-0.25070768366619056,0.3756787727296278,0.9374,-0.15236194421420327,0.35562871744225616,0.2451,-0.29481313894791294,0.2658457928698373,0.81865,-0.1797723459614397,0.23970425992510627,0.30935,-0.277242809062563,0.3096000558312093,0.83515,-0.1767425430684728,0.25251794503595987,0.23915,-0.29675629410627596,0.2610068784995014,0.81075,-0.18110710700649724,0.23405926969511381,0.21575,-0.3047401910189109,0.24112509328252685,0.7992,-0.18334261510013966,0.22460482734799192
ar1,1000,0.000629940788348712,0.01,,0.2,,,,,,ar1,1.0,-0.30306337566862634,-0.4015684117650826,-0.2364505500763835,0.37125,-0.26247255450785095,0.34638147120646207,0.9231,-0.15635446895114327,0.3387434755358607,0.11805,-0.3479324498470675,0.13356618784395854,0.64705,-0.21070054165362487,0.10890229866008046,0.1099,-0.35303113742896075,0.12086925394051204,0.6326,-0.21309090028163935,0.09879296024981964,0.14615,-0.3330377845291782,0.170657415344698,0.70605,-0.20055604942505553,0.15180552821607954,0.1371,-0.33740432270471094,0.1597837060398756,0.7058,-0.2006016019232385,0.15161287694853856
ar1,1000,0.000629940788348712,0.01,,0.2,,,,,,ar1,1.0,-0.3574079939454704,-0.4015684117650826,-0.2364505500763835,0.0892,-0.36614136847852674,0.08822168838140758,0.6491,-0.21039110232062563,0.11021098384985596,0.0286,-0.42972196712701444,-0.07010898899687766,0.4214,-0.2515501768884788,-0.06385955459700769,0.01615,-0.46274231150154754,-0.15233742979826717,0.30695,-0.2778764729128004,-0.17519909690645494,0.02475,-0.43777278762873373,-0.09015742972540045,0.4045,-0.2550916262758598,-0.07883710227552632,0.0255,-0.43657581534104456,-0.0871766865876922,0.41935,-0.2520518096014349,-0.06598106673895053
ar1,1000,0.000629940788348712,0.01,,0.2,,,,,,ar1,1.0,-0.2305664596989743,-0.4015684117650826,-0.2364505500763835,0.19965,-0.3106089574898577,0.2265104814280965,0.77995,-0.1869706096326776,0.20926126172141193,0.07715,-0.3754394378555215,0.06506730396126523,0.58475,-0.22146465353896166,0.06337856491592322,0.066,-0.3846643342537047,0.04209513750615121,0.5252,-0.23208456323717797,0.018464693094582055,0.10095,-0.35849429260740284,0.10726470981208085,0.605,-0.2179457985623912,0.07826055599369282,0.09745,-0.36062139476912614,0.10196772404476495,0.63075,-0.21342074255624294,0.0973979866517585
ar1,1000,0.000629940788348712,0.01,,0.2,,,,,,ar1,1.0,-0.20448929637658533,-0.4015684117650826,-0.2364505500763835,0.0832,-0.3708535030202303,0.07648736266342718,0.5966,-0.21958519504875795,0.07132719726038834,0.0138,-0.47136049898964516,-0.17379874805837786,0.3111,-0.27681711194088815,-0.1707188325485585,0.0271,-0.433194397200359,-0.07875615837477173,0.3932,-0.25757204757877794,-0.08932733502024552,0.0195,-0.45151715669517667,-0.1243841484208027,0.3607,-0.26471288804961424,-0.11952747821521591,0.01405,-0.47017079798728123,-0.1708361121350625,0.3423,-0.26889999465607506,-0.1372356485075168
ar1,1000,0.000629940788348712,0.01,,0.2,,,,,,ar1,1.0,-0.39027392601855093,-0.4015684117650826,-0.2364505500763835,0.04985,-0.40182473034752325,-0.0006382936877778504,0.558,-0.226021140902734,0.04410820431705634,0.02005,-0.4498044868734803,-0.12011919686704779,0.36545,-0.2638333775624741,-0.11580784006315402,0.00945,-0.4924497596447148,-0.2263159780924147,0.25295,-0.29263503557895365,-0.23761621820892445,0.0148,-0.4667978289219244,-0.16243662411126342,0.30955,-0.2771862889144747,-0.17228016101012186,0.0104,-0.48628370643738517,-0.21096105219018313,0.31305,-0.276276526249169,-0.16843257991964927
ar1,1000,0.000629940788348712,0.01,,0.2,,,,,,ar1,1.0,-0.20354405714211063,-0.4015684117650826,-0.2364505500763835,0.0357,-0.4199907285656422,-0.045875911204232386,0.4981,-0.2368756077893387,-0.001797660072340241,0.0151,-0.4661989260605933,-0.1609452148176424,0.3096,-0.27715379569545917,-0.17214274023015305,0.0181,-0.4566759210085878,-0.13723068754656687,0.35725,-0.2655422830005042,-0.12303516703481066,0.0105,-0.4853011941130155,-0.2085143649120402,0.2894,-0.28214926090105563,-0.19326963210662665,0.0124,-0.4772479740087766,-0.1884599486076273,0.3047,-0.2783286175593241,-0.1771113134201304
ar1,1000,0.000629940788348712,0.01,,0.2,,,,,,ar1,1.0,-0.36892273279741555,-0.4015684117650826,-0.2364505500763835,0.0305,-0.4268006075478152,-0.06283411504362396,0.414,-0.25310847715547147,-0.0704499400559938,0.00555,-0.5156316042363203,-0.28404423537667245,0.2203,-0.3030867484044644,-0.2818187494448824,0.00135,-0.5723502524290217,-0.4252870386723705,0.1297,-0.3414837673157539,-0.4442079631679447,0.0047,-0.522137463905807,-0.30024535946631475,0.17735,-0.3192243534976401,-0.35006813642225487,0.00455,-0.5233525910024913,-0.3032713123577369,0.19225,-0.31361527472152884,-0.3263461413822801
ar1,1000,0.000629940788348712,0.01,,0.2,,,,,,ar1,1.0,-0.16830331623656816,-0.4015684117650826,-0.2364505500763835,0.279,-0.2850543562070716,0.2901474621618687,0.85725,-0.172429535800525,0.27075857618084204,0.208,-0.3074822435576465,0.2342967361249433,0.788,-0.1855109649596171,0.21543441155163628,0.1723,-0.32114008779982595,0.20028548463694204,0.7619,-0.1905473449245203,0.19413448239826264,0.17195,-0.32137658961951304,0.19969653935947973,0.7572,-0.19141590098720723,0.19046117285254008,0.1618,-0.3259846279970548,0.18822143762703206,0.7266,-0.19703775907509158,0.1666851313670445
ar1,1000,0.000629940788348712,0.01,,0.2,,,,,,ar1,1.0,-0.38934787458549247,-0.4015684117650826,-0.2364505500763835,0.0013,-0.573640627572856,-0.42850037693810344,0.1046,-0.35608927879294894,-0.5059777982242676,0.0004,-0.6123710903061582,-0.5249483583992535,0.0661,-0.38459669610772973,-0.6265417694460376,0.0002,-0.6272818491804075,-0.5620796626487822,0.05065,-0.40083843603720104,-0.6952315649412248,0.00045,-0.6042081231465675,-0.5046206460582587,0.06825,-0.3827131108492522,-0.6185756841150073,0.0004,-0.6103719559498003,-0.5199700426309122,0.0641,-0.38633004665542636,-0.6338724800201373
ar1,1000,0.000629940788348712,0.01,,0.2,,,,,,ar1,1.0,-0.4265730878519235,-0.4015684117650826,-0.2364505500763835,0.0272,-0.4327847600053641,-0.07773606520261614,0.41295,-0.2533113225010528,-0.07130781645135773,0.00935,-0.49303694153875116,-0.227778199414693,0.25475,-0.29222983054484575,-0.2359025193658598,0.0012,-0.5765379235316797,-0.43571532680452496,0.13255,-0.34007988499712055,-0.43827064427323353,0.0073,-0.5043163748609444,-0.25586664709068124,0.22375,-0.30175309599364847,-0.2761784478664545,0.0075,-0.5036087711851363,-0.2541045471468687,0.23085,-0.29929922960651495,-0.2658005215459583
ar1,1000,0.000629940788348712,0.01,,0.2,,,,,,ar1,1.0,-0.34315256791617477,-0.4015684117650826,-0.2364505500763835,0.0124,-0.47695269574392113,-0.1877246361273513,0.285,-0.2834515440894885,-0.19877726652749056,0.00415,-0.5270549133066436,-0.31249096757882067,0.1681,-0.3230949660138195,-0.36643778544582023,0.00235,-0.5507588528734803,-0.37151936441572997,0.14545,-0.33345642418004384,-0.41025861040426154,0.0024,-0.5484219842450646,-0.3657000107017662,0.15465,-0.32951395299961905,-0.3935850557047643,0.00365,-0.5303586658698853,-0.32071809019715664,0.1895,-0.314687935073922,-0.33088265166760894
ar1,1000,0.000629940788348712,0.01,,0.2,,,,,,ar1,1.0,-0.13738387304635585,-0.4015684117650826,-0.2364505500763835,0.3853,-0.2593139983521572,0.3542470205453915,0.91575,-0.1586209842497438,0.32915789708037246,0.26695,-0.28851864743657035,0.2815205604235782,0.8105,-0.18120637531376182,0.23363944277048826,0.4903,-0.238087463758582,0.4071060950434939,0.9397,-0.15162171045695988,0.3587593244846346,0.31145,-0.2767277379275179,0.31088270436619014,0.8794,-0.16761262812823902,0.29113031002003137,0.277,-0.28559507363472547,0.2888009483131395,0.84035,-0.17584536930525646,0.25631228496423036
ar1,1000,0.000629940788348712,0.01,,0.2,,,,,,ar1,1.0,-0.2958893463407116,-0.4015684117650826,-0.2364505500763835,0.00305,-0.5353661457893483,-0.3331878955223631,0.1757,-0.31985425442700893,-0.35273212231345,0.0012,-0.5779226044400383,-0.43916350865297343,0.10315,-0.35702265053927706,-0.5099252271730546,0.00045,-0.6067474977574143,-0.5109442874016729,0.06695,-0.3837376762804305,-0.622908790681464,0.001,-0.5823577099670915,-0.4502079668252654,0.10535,-0.35561084953758726,-0.5039544184723189,0.001,-0.5828250949121523,-0.4513718655069532,0.1045,-0.3561426484945696,-0.5062035101187987
ar1,1000,0.000629940788348712,0.01,,0.2,,,,,,ar1,1.0,-0.36969311269004135,-0.4015684117650826,-0.2364505500763835,0.02665,-0.4343594067166858,-0.08165730667776211,0.42725,-0.25021309345651666,-0.05820474249557585,0.01045,-0.4857120216631213,-0.20953742234900347,0.2746,-0.2864046448883016,-0.21126656206035813,0.007,-0.5064711464188855,-0.2612325361766027,0.22165,-0.30259522171284536,-0.27973997783085874,0.0099,-0.4897772794394791,-0.21966087244431617,0.26745,-0.2883396318040282,-0.21945003600491675,0.0065,-0.5096967041333247,-0.26926493518991496,0.24545,-0.29473992090247403,-0.24651822889505062
ar1,1000,0.000629940788348712,0.01,,0.2,,,,,,ar1,1.0,-0.17230315621292616,-0.4015684117650826,-0.2364505500763835,0.42365,-0.25103319405005037,0.3748681751469418,0.94105,-0.15096341728075835,0.36154338726642504,0.2739,-0.28662550727228114,0.2862349256695097,0.82675,-0.17836888669623982,0.24563978963627214,0.33425,-0.27078032202475516,0.3256931718444987,0.8547,-0.1730937253720214,0.26794957628093985,0.23065,-0.2993515828431623,0.2545439978025889,0.8356,-0.17666069672586454,0.252864090742036,0.24705,-0.29430223776247566,0.26711805724738535,0.81315,-0.18069033417064095,0.2358218912484223
ar1,1000,0.000629940788348712,0.01,,0.2,,,,,,ar1,1.0,-0.2342482471340945,-0.4015684117650826,-0.2364505500763835,0.23295,-0.2987891364224825,0.2559446219657485,0.79745,-0.1837527461148743,0.22287029547821133,0.083,-0.37092380525306884,0.07631229353254226,0.55665,-0.22632059924994447,0.042841730853096456,0.061,-0.38980749421273914,0.029287456900926805,0.4993,-0.23655306463676232,-0.00043355602406383977,0.075,-0.37722393927780534,0.06062347479043941,0.56515,-0.22480591905400593,0.04924763769259938,0.08265,-0.37125941318487576,0.07547655067534946,0.56085,-0.22552151999966652,0.046221208084254554
ar1,1000,0.000629940788348712,0.01,,0.2,,,,,,ar1,1.0,-0.2275873011733703,-0.4015684117650826,-0.2364505500763835,0.715,-0.19900522354066422,0.5044300853596966,0.988,-0.12814848113498212,0.4580326368723407,0.4196,-0.25199570227176554,0.37247130279962626,0.92245,-0.15651008650564593,0.3380853355803715,0.2573,-0.2913839162541697,0.27438536568800337,0.8151,-0.1803394238184225,0.23730596625736222,0.3926,-0.25769058722410826,0.358289696912572,0.90605,-0.1610950871229298,0.3186943863277573,0.39025,-0.25827504516261535,0.35683425888163195,0.90815,-0.16047920598598264,0.32129907951518366
ar1,1000,0.000629940788348712,0.01,,0.2,,,,,,ar1,1.0,-0.13778578264599267,-0.4015684117650826,-0.2364505500763835,0.4876,-0.23862817350865795,0.4057596003137434,0.95725,-0.14494434704251974,0.3869993239783261,0.35755,-0.26542263635552626,0.3390350720345045,0.8902,-0.16473031588799192,0.30332022558299365,0.47625,-0.24080694133102368,0.40033395487318446,0.9329,-0.1536612724867207,0.350133579993442,0.35105,-0.2670554425473951,0.33496899974387817,0.90005,-0.16261937601044574,0.31224784227436636,0.3567,-0.2656934510313055,0.3383606796574028,0.87895,-0.1676864089906412,0.2908182749565547
ar1,1000,0.000629940788348712,0.01,,0.2,,,,,,ar1,1.0,-0.3115553103466292,-0.4015684117650826,-0.2364505500763835,0.02655,-0.4346032911058732,-0.08226463629344424,0.4124,-0.2534168764709296,-0.07175422678892164,0.01155,-0.4805616754403106,-0.19671184625308377,0.2905,-0.28179908539351367,-0.19178866491315283,0.01725,-0.4592718266144516,-0.14369510439263697,0.365,-0.2639303387399351,-0.11621790964188697,0.0108,-0.48334225873068853,-0.20363615406443766,0.2712,-0.2872905317810021,-0.2150131673967143,0.0102,-0.48750005057467216,-0.21399003579957757,0.2852,-0.28341418567915844,-0.198619269811822
ar1,1000,0.000629940788348712,0.01,,0.2,,,,,,ar1,1.0,-0.2840615363432769,-0.4015684117650826,-0.2364505500763835,0.038,-0.4164787338594259,-0.03713021656460822,0.4943,-0.23737055027742765,-0.0038908778209522407,0.00845,-0.49730792979444216,-0.23841396689679645,0.27445,-0.2864981588894912,-0.2116620527926039,0.00985,-0.4901504259587149,-0.2205900952325222,0.26225,-0.2898526291848156,-0.22584882585885702,0.00905,-0.49398278357579467,-0.23013356903374765,0.28055,-0.28469990389401123,-0.20405684741287836,0.00975,-0.49148841988425124,-0.22392201548903648,0.27955,-0.2849321963484114,-0.20503926193602118
ar1,1000,0.000629940788348712,0.01,,0.2,,,,,,ar1,1.0,-0.2125631878340208,-0.4015684117650826,-0.2364505500763835,0.0227,-0.44222670384542434,-0.10124873094880482,0.415,-0.2529031943501754,-0.06958175512163958,0.00725,-0.504899156048858,-0.2573179096174125,0.2351,-0.2979788753749181,-0.26021646081456923,0.00605,-0.5142870697444982,-0.2806960275684134,0.23415,-0.2983376803504103,-0.26173392387556155,0.00505,-0.5190691925053662,-0.2926046404492132,0.21205,-0.3060729470536069,-0.2944480228729957,0.003,-0.5359503324600011,-0.3346426580324049,0.20155,-0.31009352616763775,-0.3114519127465107
ar1,1000,0.000629940788348712,0.01,,0.2,,,,,,ar1,1.0,-0.2980179150112196,-0.4015684117650826,-0.2364505500763835,0.0782,-0.3744661340935084,0.06749105974856676,0.60055,-0.21868868545264908,0.07511872828376412,0.0282,-0.43064564878355666,-0.07240917404500483,0.40075,-0.2558445685237789,-0.08202145624584221,0.0047,-0.5220338096325562,-0.2999872358933097,0.1985,-0.31095842628132997,-0.31510976050120115,0.0181,-0.45658233382669333,-0.13699763340397858,0.35695,-0.26560282660208845,-0.12329121888820957,0.02305,-0.44120613091647465,-0.09870726379389641,0.4009,-0.25582181690848493,-0.08192523479367549
ar1,1000,0.000629940788348712,0.01,,0.2,,,,,,ar1,1.0,-0.30890996641252444,-0.4015684117650826,-0.2364505500763835,0.09675,-0.3610891032374678,0.10080301971384943,0.6614,-0.2081655433313291,0.11962334930460991,0.02265,-0.4424403671243673,-0.1017808028764841,0.42605,-0.25044839062740437,-0.05919986460805013,0.021,-0.44674515464944536,-0.11250073850627255,0.396,-0.25699505069532347,-0.08688709166590323,0.0309,-0.42618848801638715,-0.06130979312612681,0.4286,-0.24994311786783963,-0.05706295792967056,0.0429,-0.4102463332390621,-0.021610069965005318,0.4444,-0.24689113848365588,-0.04415548368950562
ar1,1000,0.000629940788348712,0.01,,0.2,,,,,,ar1,1.0,-0.24736445267624074,-0.4015684117650826,-0.2364505500763835,0.26505,-0.2891041518775811,0.2800625163547303,0.8498,-0.17406936592482788,0.2638233834998644,0.1051,-0.3557776083601301,0.11402989394429787,0.629,-0.21371202505263215,0.09616609061135972,0.0696,-0.3814056661973583,0.05020998907533481,0.52325,-0.23249174768796338,0.016742622874597893,0.0946,-0.3623054628054562,0.0977739976783712,0.63095,-0.21336852246587074,0.09761883659418973,0.1069,-0.35482839816701656,0.11639365106588354,0.6274,-0.21398100745321735,0.09502850645053491
ar1,1000,0.000629940788348712,0.01,,0.2,,,,,,ar1,1.0,-0.38077560470295546,-0.4015684117650826,-0.2364505500763835,0.00255,-0.5443726449684435,-0.3556162014229877,0.14605,-0.3331737035181741,-0.4090629241951222,0.00115,-0.5805057631157085,-0.44559618263825024,0.09895,-0.3596140070988975,-0.5208846288694488,0.00055,-0.5976921113992737,-0.4883942409019048,0.08745,-0.3677582490232337,-0.5553283716380962,0.0009,-0.5865803406825629,-0.4607233126337443,0.103,-0.3570993587411907,-0.5102496425820644,0.0012,-0.5773543551175878,-0.43774843389658824,0.1015,-0.35810470459440713,-0.5145014654384361
ar1,1000,0.000629940788348712,0.01,,0.2,,,,,,ar1,1.0,-0.251186387388545,-0.4015684117650826,-0.2364505500763835,0.54845,-0.22780668234268156,0.43270766407804906,0.96195,-0.14305617311768565,0.3949848157618053,0.25775,-0.2912591356399471,0.27469609882977153,0.815,-0.18034799531455203,0.23726971556508525,0.11805,-0.34796952282796967,0.13347386738294617,0.65825,-0.20875809814142915,0.11711730814755353,0.23335,-0.2986735282913417,0.25623251346257386,0.81315,-0.18067567573906784,0.23588388489389436,0.2611,-0.2901243089897958,0.27752208468150524,0.8137,-0.1806058684546739,0.23617911484523674
ar1,1000,0.000629940788348712,0.01,,0.2,,,,,,ar1,1.0,-0.2648384881131866,-0.4015684117650826,-0.2364505500763835,0.313,-0.2762860197453138,0.3119826867583872,0.88555,-0.16591993964285906,0.29828905202690403,0.13255,-0.3400836240178293,0.15311161422532876,0.6702,-0.20677091367867342,0.12552153669391886,0.0914,-0.364583854930729,0.09210026424087758,0.6086,-0.21728257479723426,0.08106547129180783,0.12365,-0.344492507250741,0.14213245574637234,0.69045,-0.20325410629666568,0.14039486805589566,0.1424,-0.33484891656779014,0.16614726966204543,0.6807,-0.20499948753437935,0.13301327711796027
ar1,1000,0.000629940788348712,0.01,,0.2,,,,,,ar1,1.0,-0.23929784482359498,-0.4015684117650826,-0.2364505500763835,0.1414,-0.335448797583909,0.1646534245324395,0.7462,-0.19359506243765917,0.18124503252320703,0.0603,-0.39079201560195526,0.02683576657775451,0.52855,-0.2315035734611297,0.020921823246576092,0.0643,-0.3862159544407151,0.03823123750418073,0.4887,-0.23838211232804424,-0.00816899030700825,0.05335,-0.39778562022339264,0.00942004259015998,0.56435,-0.22499072690437372,0.04846604572629571,0.06055,-0.39037314036315995,0.027878864656495687,0.5532,-0.22698457500795344,0.04003363521620967
ar1,1000,0.000629940788348712,0.01,,0.2,,,,,,ar1,1.0,-0.2949083953965917,-0.4015684117650826,-0.2364505500763835,0.2049,-0.30865297366792455,0.23138134219459866,0.79155,-0.18488931298456124,0.21806351084895256,0.1029,-0.35723461996230776,0.11040159161898946,0.6132,-0.21654085863185157,0.08420234775558885,0.07355,-0.37829013584821375,0.05796839401423501,0.59325,-0.2201361633241979,0.06899703446202757,0.10075,-0.35871374679682416,0.1067182171523203,0.6451,-0.21097761070852608,0.10773051430681205,0.09095,-0.36473953585696006,0.09171258203861772,0.61475,-0.21624267776462588,0.0854634184831865
ar1,1000,0.000629940788348712,0.01,,0.2,,,,,,ar1,1.0,-0.31342267909933746,-0.4015684117650826,-0.2364505500763835,0.4386,-0.24799450567739142,0.3824352254517765,0.9381,-0.15206637007539778,0.3568787637572679,0.12905,-0.3418826586249454,0.14863159399861708,0.71535,-0.19886708023548366,0.15894854052468385,0.0607,-0.39018479439839776,0.02834789050425678,0.5363,-0.23002867835014382,0.0271594704438841,0.09055,-0.36497386157917716,0.0911290557567891,0.63725,-0.21231942354550043,0.10205570053902473,0.11915,-0.3471652360920986,0.13547673093572377,0.6494,-0.21031287390163828,0.1105418285823469
ar1,1000,0.000629940788348712,0.01,,0.2,,,,,,ar1,1.0,-0.14237305330080532,-0.4015684117650826,-0.2364505500763835,0.27035,-0.28752522384890467,0.28399441931924957,0.8645,-0.17086806216280165,0.2773623825040624,0.2074,-0.30766918600699705,0.23383120536138333,0.7922,-0.18472677511167213,0.21875091831252838,0.2279,-0.3003072457612964,0.25216417187471396,0.7976,-0.18372664537000755,0.22298068111638522,0.14005,-0.3361082634570997,0.16301119906382744,0.7246,-0.19740599748125987,0.165127772308039,0.1218,-0.345557369566756,0.13948069757810802,0.69235,-0.2028747778226399,0.14199912938623824
ar1,1000,0.000629940788348712,0.01,,0.2,,,,,,ar1,1.0,-0.1840604692800017,-0.4015684117650826,-0.2364505500763835,0.1032,-0.3570192127646575,0.11093800631531349,0.66015,-0.20844062548421116,0.11845996798537345,0.0222,-0.443739196496146,-0.10501519416256597,0.37955,-0.26039843339162627,-0.10128072574796973,0.1027,-0.3574623255406937,0.10983455105575134,0.58515,-0.22138616730128263,0.06371050001885988,0.0335,-0.42225353872348176,-0.05151084186995248,0.4479,-0.24625448625702057,-0.04146294511672732,0.03775,-0.41671662734070253,-0.03772262740746054,0.4691,-0.24210554788655347,-0.02391619646620902
ar1,1000,0.000629940788348712,0.01,,0.2,,,,,,ar1,1.0,-0.35290062351648316,-0.4015684117650826,-0.2364505500763835,0.0272,-0.43258440580565005,-0.07723713601933355,0.4268,-0.25029405665626325,-0.058547153201410296,0.0046,-0.523159664616068,-0.30279088018037686,0.2124,-0.305974466297218,-0.29403152666963694,0.0084,-0.4978247073716597,-0.23970086487501652,0.25205,-0.2928587457756246,-0.2385623365266813,0.008,-0.5002719479060312,-0.2457950706508513,0.2573,-0.2913845295381896,-0.2323275604309659,0.00855,-0.4969104198768573,-0.23742407350394312,0.2396,-0.2966188517871052,-0.2544646298825898
ar1,1000,0.000629940788348712,0.01,,0.2,,,,,,ar1,1.0,-0.16922152419022954,-0.4015684117650826,-0.2364505500763835,0.7744,-0.18824088940799977,0.5312358146384267,0.995,-0.11899564544055663,0.49674193863318983,0.59445,-0.21995971123671368,0.45224847176129473,0.97015,-0.13959657411000453,0.40961620066052307,0.6131,-0.21656346177845603,0.46070593345089705,0.9666,-0.1412918887450555,0.4024463521044368,0.56085,-0.22553824366151756,0.43835661109356044,0.96605,-0.1415893665717951,0.40118825468557473,0.539,-0.22953892215474506,0.4283939786353882,0.95735,-0.14488087487026954,0.3872677613840741
ar1,1000,0.000629940788348712,0.01,,0.2,,,,,,ar1,1.0,-0.3748238530945457,-0.4015684117650826,-0.2364505500763835,0.01565,-0.4645048461857709,-0.15672655661348706,0.37915,-0.26048542072744946,-0.10164861381503104,0.0035,-0.5311312563091204,-0.32264202250009644,0.19225,-0.313585217386614,-0.32621902247769247,0.00155,-0.5625056651394648,-0.4007716958288302,0.13285,-0.3399509103868573,-0.43772518303314945,0.0026,-0.5430769450630045,-0.3523896032457462,0.17455,-0.3203387235276664,-0.3547810458642769,0.0035,-0.531309966152161,-0.3230870521334161,0.1834,-0.31704576537026774,-0.340854420798973
ar1,1000,0.000629940788348712,0.01,,0.2,,,,,,ar1,1.0,-0.2593770570624919,-0.4015684117650826,-0.2364505500763835,0.00615,-0.5140884243912821,-0.2802013538157071,0.2204,-0.30301050588169187,-0.2814963034926614,0.00275,-0.5384354951168707,-0.3408312988319791,0.1463,-0.3329137200427607,-0.4079633984155061,0.00295,-0.5360986285149901,-0.3350119501645653,0.15875,-0.32758790012353944,-0.3854393657266382,0.0027,-0.5398718417114698,-0.3444081404174158,0.1448,-0.3338821121198747,-0.4120589358409895,0.0018,-0.5591885727672602,-0.3925113539418168,0.15185,-0.3306598537628895,-0.398431315368361
ar1,1000,0.000629940788348712,0.01,,0.2,,,,,,ar1,1.0,-0.13825960995570236,-0.4015684117650826,-0.2364505500763835,0.5132,-0.23398385966023566,0.4173250365192665,0.94825,-0.14824044525420488,0.3730594189511635,0.28555,-0.28332748128522955,0.2944477877633064,0.8426,-0.17533427631359474,0.25847380665025144,0.3802,-0.2602324521407688,0.3519598541206855,0.87875,-0.16775946370698086,0.29050931092024324,0.30015,-0.27961893894134543,0.30368293234946375,0.88425,-0.16632659959014479,0.2965692000445155,0.3113,-0.27678458622336394,0.3107411387096781,0.87385,-0.1687944075880294,0.28613231166727376
ar1,1000,0.000629940788348712,0.01,,0.2,,,,,,ar1,1.0,-0.21836384900785166,-0.4015684117650826,-0.2364505500763835,0.04265,-0.41056036749450087,-0.022392089282855583,0.50465,-0.235580927451803,0.0036778202643197922,0.01965,-0.4510977070135497,-0.12333961984400724,0.32745,-0.27228643833017185,-0.1515576438380535,0.0195,-0.4515787550960908,-0.1245375429585936,0.36815,-0.2632491316300809,-0.11333693892883877,0.0186,-0.45496535749165723,-0.13297098118816128,0.3595,-0.2650476554495814,-0.12094328122290203,0.0162,-0.46236789716348464,-0.15140504984234093,0.3352,-0.2705186778891039,-0.14408140645777712
ar1,1000,0.000629940788348712,0.01,,0.2,,,,,,ar1,1.0,-0.23440359440927436,-0.4015684117650826,-0.2364505500763835,0.145,-0.33374593018773674,0.16889396573608487,0.72905,-0.19665887889131733,0.16828749678193505,0.09025,-0.3653405062211696,0.09021602417549303,0.61725,-0.2157374536286013,0.08760011952220446,0.0593,-0.3918982116903278,0.024081077573431982,0.5165,-0.23345803122716252,0.012656002907391254,0.0708,-0.380425015980841,0.052652039266003085,0.6048,-0.2179936706492488,0.0780580946890263,0.06915,-0.38196046239084186,0.04882841578114816,0.59935,-0.2189312701797875,0.07409278553565016
ar1,1000,0.000629940788348712,0.01,,0.2,,,,,,ar1,1.0,-0.1778371250871234,-0.4015684117650826,-0.2364505500763835,0.58395,-0.221563291727803,0.44825517835447315,0.97685,-0.13649547324729694,0.42273142015020415,0.2423,-0.29569455762039293,0.26365085261393983,0.83105,-0.1775104923144415,0.24927012325791537,0.24435,-0.295058252498284,0.2652354023530791,0.77135,-0.18878426381260374,0.20159092989372,0.2665,-0.2886623678673915,0.2811626626741276,0.8263,-0.17846475854826593,0.24523432704802633,0.28895,-0.2823104871644837,0.2969803428422173,0.83505,-0.1767660144637459,0.25241867948015756
ar1,1000,0.000629940788348712,0.01,,0.2,,,,,,ar1,1.0,-0.30813232837233,-0.4015684117650826,-0.2364505500763835,0.3454,-0.26825483680126777,0.33198222533948524,0.8869,-0.16558039193081048,0.29972507199784043,0.1198,-0.3468622905751264,0.13623113668103773,0.6761,-0.20577571141969403,0.129730460118533,0.0555,-0.39577969538717195,0.01441526825396085,0.5426,-0.22893198921052954,0.031797603614900194,0.1269,-0.3430729491976181,0.1456674899062637,0.70105,-0.20132098377664548,0.1485704570718473,0.13195,-0.34023812437007633,0.1527268719305653,0.6806,-0.20506432801631103,0.13273905283761614
ar1,1000,0.000629940788348712,0.01,,0.2,,,,,,ar1,1.0,-0.167488662127178,-0.4015684117650826,-0.2364505500763835,0.5327,-0.23072493985581402,0.4254405150004975,0.9612,-0.14330693519588011,0.39392428924531603,0.20705,-0.30783986279766334,0.2334061799219667,0.76355,-0.1902943719029847,0.19520435946750134,0.39505,-0.25720859098698806,0.35948998115555214,0.9039,-0.1616393481129005,0.31639259007566617,0.3633,-0.26422057455621406,0.34202848925581575,0.88435,-0.16626510715158466,0.29682926473263005,0.3194,-0.27463835750003024,0.3160857541237741,0.85015,-0.17398627489290638,0.2641747932635323
ar1,1000,0.000629940788348712,0.01,,0.2,,,,,,ar1,1.0,-0.24197920675102016,-0.4015684117650826,-0.2364505500763835,0.4825,-0.23953141499459232,0.4035103161084341,0.9544,-0.14604919935226535,0.3823266670131015,0.19615,-0.31195557344578806,0.22315709028358047,0.75035,-0.19291149918165593,0.1841359678827671,0.11435,-0.35021804387228295,0.1278745199780296,0.64245,-0.21147444608221108,0.10562929113975027,0.17185,-0.32142936667567995,0.19956511204941085,0.7445,-0.19392922203180857,0.1798318000564547,0.21045,-0.30664326757979543,0.23638598406693992,0.7543,-0.1919997078571729,0.18799212860723347
ar1,1000,0.000629940788348712,0.01,,0.2,,,,,,ar1,1.0,-0.19961600419909942,-0.4015684117650826,-0.2364505500763835,0.0605,-0.39040773205575596,0.027792723188236362,0.59085,-0.22047498772189608,0.06756407354233954,0.0258,-0.4354779995051917,-0.08444286638747422,0.42325,-0.2510988452051317,-0.06195077627866036,0.04345,-0.40963301946581415,-0.020082774103878775,0.45465,-0.2449221583910598,-0.03582824532207524,0.02805,-0.43088742866778673,-0.07301126294728512,0.41985,-0.2519717158548035,-0.06564233313648883,0.02305,-0.4411493694989607,-0.09856591448490959,0.3878,-0.2587032053730854,-0.09411124351164905
ar1,1000,0.000629940788348712,0.01,,0.2,,,,,,ar1,1.0,-0.24350239899758724,-0.4015684117650826,-0.2364505500763835,0.04,-0.4137791781158814,-0.030407686444077323,0.4848,-0.23910026704802112,-0.01120622037369614,0.01265,-0.47583634984746287,-0.1849446717084584,0.29005,-0.2819663580959132,-0.19249609698444844,0.0105,-0.4851954579274875,-0.208251056886732,0.2897,-0.2820900032771903,-0.19301901892832707,0.01565,-0.4645373569280012,-0.1568075160248296,0.2995,-0.2798411419042353,-0.1835081027040742,0.01265,-0.47609586804377557,-0.18559093318896677,0.31155,-0.276702150508673,-0.17023263603864114
ar1,1000,0.000629940788348712,0.01,,0.2,,,,,,ar1,1.0,-0.1502026937771802,-0.4015684117650826,-0.2364505500763835,0.3759,-0.26121327217545803,0.3495173810427407,0.90625,-0.16101065849367402,0.31905145307692967,0.32515,-0.2730969791887625,0.31992414944100694,0.8836,-0.16649995736113438,0.29583603291534794,0.3864,-0.2590273316224269,0.354960888273359,0.89925,-0.16281363727581102,0.3114262697920755,0.3154,-0.27568810030038055,0.3134716471133741,0.84815,-0.1743604850399384,0.2625921784338729,0.25505,-0.2921352736568634,0.2725143086509442,0.8242,-0.17879234269290634,0.24384890356504194
ar1,1000,0.000629940788348712,0.01,,0.2,,,,,,ar1,1.0,-0.2074168287514883,-0.4015684117650826,-0.2364505500763835,0.33965,-0.2695419465604476,0.3287770186512341,0.8855,-0.16594313583827675,0.29819095035021015,0.10325,-0.35680902256817426,0.11146142944901899,0.61635,-0.21594569458670265,0.08671942392630048,0.1608,-0.32641957818857953,0.1871383091269269,0.71235,-0.19953875172274346,0.1561078980011506,0.12185,-0.3455398783765048,0.13952425476472613,0.68305,-0.20457257850740354,0.13481876679365737,0.11685,-0.34855811895588434,0.13200812428495814,0.6364,-0.21246747582066725,0.1014295557695624
ar1,1000,0.000629940788348712,0.01,,0.2,,,,,,ar1,1.0,-0.3515873951618809,-0.4015684117650826,-0.2364505500763835,0.17165,-0.32155955000422237,0.19924092487549894,0.7568,-0.19150357027557408,0.19009040066216656,0.04995,-0.401615453010677,-0.00011714378974091893,0.4571,-0.24440155320319756,-0.03362649452177448,0.02155,-0.4453167323963196,-0.108943630398971,0.3639,-0.2641468241560403,-0.11713347281581599,0.0617,-0.3890115488802081,0.03126954839321443,0.56375,-0.22506476507487436,0.04815292245178134,0.0719,-0.37962362844013553,0.05464768313944171,0.57365,-0.2233335277461566,0.05547469577038213
ar1,1000,0.000629940788348712,0.01,,0.2,,,,,,ar1,1.0,-0.23025832003683327,-0.4015684117650826,-0.2364505500763835,0.0204,-0.4489048765439149,-0.11787895509700627,0.393,-0.25763981233657113,-0.08961392668929131,0.00935,-0.49333861136511975,-0.22852942838970777,0.26025,-0.2904945077889234,-0.2285634679009265,0.0108,-0.48361869232860183,-0.20432453888210358,0.29955,-0.2798231989460529,-0.1834322180923589,0.00825,-0.49866847809655185,-0.24180205286732745,0.26555,-0.2889290519684327,-0.2219428200742035,0.00625,-0.5126235149861101,-0.2765533840993318,0.24325,-0.2953376208476678,-0.24904602992998448
ar1,1000,0.000629940788348712,0.01,,0.2,,,,,,ar1,1.0,-0.3139687091102278,-0.4015684117650826,-0.2364505500763835,0.0721,-0.37932306957630063,0.0553961455558798,0.57005,-0.22390566964868286,0.05305498516982984,0.0203,-0.44926637651487655,-0.11877917523477226,0.4157,-0.25279786049350683,-0.06913627568995914,0.01225,-0.47766474487761873,-0.1894978063091587,0.31175,-0.2766236703083467,-0.169900726468962,0.0252,-0.4369517625450395,-0.08811288374110487,0.3969,-0.25665143970217813,-0.08543388720926595,0.03025,-0.4271316400272493,-0.06365846394591701,0.4098,-0.25403592702817374,-0.0743723241333523
ar1,1000,0.000629940788348712,0.01,,0.2,,,,,,ar1,1.0,-0.35092925728185553,-0.4015684117650826,-0.2364505500763835,0.12015,-0.34660724797859616,0.1368662528631329,0.6823,-0.20474826881940822,0.1340757348491433,0.08515,-0.3693954305161194,0.08011830688461724,0.6172,-0.21576304891277195,0.0874918715855328,0.03345,-0.42231459628763646,-0.0516628895967304,0.43525,-0.24866299205657771,-0.05164903180072573,0.0766,-0.3757946957463299,0.06418262807441721,0.57385,-0.2232914460487615,0.055652668278297714,0.06025,-0.3908791126922766,0.026618874292979152,0.5487,-0.2277915027558644,0.03662096500820933
ar1,1000,0.000629940788348712,0.01,,0.2,,,,,,ar1,1.0,-0.21369554061011403,-0.4015684117650826,-0.2364505500763835,0.12775,-0.34263113947771356,0.14676770024891136,0.72385,-0.19751604644414522,0.16466235168267015,0.05325,-0.39793614432052665,0.009045202107881048,0.4898,-0.23822511824542353,-0.007505028719395137,0.04265,-0.41055344432337937,-0.022374848954884896,0.46895,-0.24212894400876972,-0.024015143676138065,0.0458,-0.40662255959278726,-0.012586019416938876,0.4979,-0.23693527437829043,-0.0020500028515490847,0.05155,-0.39981596362474114,0.004364008943429195,0.51945,-0.23306994061683456,0.014297321188116729
ar1,1000,0.000629940788348712,0.01,,0.2,,,,,,ar1,1.0,-0.20342578284477547,-0.4015684117650826,-0.2364505500763835,0.0604,-0.39049110557246647,0.027585103479444928,0.58495,-0.2214187912304122,0.06357252643783408,0.0272,-0.4327354722912098,-0.0776133271766403,0.3962,-0.25683972156568,-0.08623017152089504,0.023,-0.4412965096036277,-0.09893232802829623,0.3736,-0.26176970403756894,-0.10708012289675915,0.02385,-0.4395312723844622,-0.09453647126404915,0.4414,-0.2474774936995315,-0.046635305435262675,0.0268,-0.434021988872331,-0.080817056711706,0.41815,-0.252296123824856,-0.06701432389712657
ar1,1000,0.000629940788348712,0.01,,0.2,,,,,,ar1,1.0,-0.23735575239604242,-0.4015684117650826,-0.2364505500763835,0.59375,-0.22005903737059426,0.4520011262755181,0.9716,-0.13880128472014697,0.4129796497605597,0.37395,-0.26162743307254605,0.3484860227860801,0.90235,-0.16207919472175303,0.31453238459629457,0.33025,-0.2717082846439574,0.3233823261902715,0.8877,-0.16539542887899278,0.30050732034430416,0.40395,-0.2552048532120926,0.3644797605211355,0.91315,-0.1592577104283379,0.3264650457489275,0.3787,-0.2606391540666146,0.3509470704605909,0.9138,-0.15912430427193391,0.3270292489464285
ar1,1000,0.000629940788348712,0.01,,0.2,,,,,,ar1,1.0,-0.4485979844693974,-0.4015684117650826,-0.2364505500763835,0.00015,-0.6326381432683092,-0.5754180974732702,0.0284,-0.43041716462909535,-0.8203263409201309,5e-05,-0.6567693149884326,-0.6355104030758336,0.02,-0.4501192655298789,-0.9036507438213673,5e-05,-0.647898533989871,-0.6134200674352129,0.0271,-0.43332703578522896,-0.8326328090387021,5e-05,-0.65556177284119,-0.632503338496389,0.023,-0.44128523640193484,-0.8662897432862013,5e-05,-0.661080581598014,-0.6462464731532367,0.0207,-0.447708714867027,-0.8934560089726932
ar1,1000,0.000629940788348712,0.01,,0.2,,,,,,ar1,1.0,-0.3415244001054193,-0.4015684117650826,-0.2364505500763835,0.0451,-0.40731695263329315,-0.014315221764936586,0.50045,-0.2363355067317892,0.00048654293490590336,0.01915,-0.4530576971906481,-0.12822045737921905,0.36215,-0.26439429478102416,-0.11818007907198214,0.01335,-0.47319163030647104,-0.17835869665786358,0.31185,-0.2765646976320624,-0.16965131839498923,0.0227,-0.44216710308442847,-0.10110031100527914,0.36765,-0.26333038548242294,-0.11368057886672762,0.0192,-0.4526386999634362,-0.12717705552056638,0.3639,-0.2641432743753175,-0.11711846003313621
ar1,1000,0.000629940788348712,0.01,,0.2,,,,,,ar1,1.0,-0.33409062379436133,-0.4015684117650826,-0.2364505500763835,0.0877,-0.3674685061314197,0.08491680280273482,0.6326,-0.21308835755131372,0.09880371400076167,0.0257,-0.4361114932725706,-0.0860204151906641,0.39005,-0.2582997797580192,-0.09240507021268293,0.00715,-0.5052551007380109,-0.25820429579402526,0.2374,-0.2972534994075662,-0.2571486905466736,0.018,-0.4571721954281442,-0.13846652782935964,0.3875,-0.2588080060147994,-0.09455446786312625,0.02645,-0.43474036341566247,-0.08260597865447998,0.4174,-0.252471671355479,-0.06775675198860819
ar1,1000,0.000629940788348712,0.01,,0.2,,,,,,ar1,1.0,-0.17480150232045352,-0.4015684117650826,-0.2364505500763835,0.17615,-0.31960935495984316,0.20409737022140448,0.77425,-0.1882642328112083,0.20379025233652018,0.10545,-0.3555814025474057,0.11451849266614945,0.6141,-0.2164132557289437,0.08474200775158651,0.0607,-0.3901524172944772,0.02842851712470796,0.54285,-0.22885404160002615,0.032127260748191756,0.0936,-0.36336967382439356,0.09512386139334912,0.60305,-0.21831925757226672,0.07668111788388565,0.07405,-0.37790696012962144,0.058922591872846625,0.593,-0.22017225693988118,0.06884438683371104
ar1,1000,0.000629940788348712,0.01,,0.2,,,,,,ar1,1.0,-0.299752131765333,-0.4015684117650826,-0.2364505500763835,0.34195,-0.2690661320770061,0.3299619088704376,0.90545,-0.16128342530058196,0.31789786385153,0.1165,-0.3486794862354018,0.1317058911511716,0.6774,-0.20557450327248933,0.13058141245144025,0.08325,-0.37079898120175514,0.0766231348429059,0.61285,-0.21659123992134327,0.08398927449576593,0.18165,-0.3177909717290551,0.20862557308177235,0.74055,-0.194603826802729,0.17697875204830876,0.15175,-0.33068832429959155,0.17650812511357566,0.7292,-0.19663436931960776,0.16839115300815932
ar1,1000,0.000629940788348712,0.01,,0.2,,,,,,ar1,1.0,-0.28093682403832887,-0.4015684117650826,-0.2364505500763835,0.21695,-0.30424780631437437,0.24235124725806564,0.8038,-0.18241423422386818,0.22853114883877115,0.1201,-0.3466904312302985,0.13665910695905956,0.6423,-0.2114988770580153,0.10552596731243705,0.0202,-0.4494634186681537,-0.11926985664173616,0.38085,-0.2600663834540565,-0.0998764154705672,0.0737,-0.37822046967041845,0.05814187921813609,0.55175,-0.22726570072899632,0.03884469435330168,0.0894,-0.36591543768407203,0.0887843093143182,0.643,-0.21140224855088452,0.10593462995711922
ar1,1000,0.000629940788348712,0.01,,0.2,,,,,,ar1,1.0,-0.1633978856730861,-0.4015684117650826,-0.2364505500763835,0.18875,-0.31499903056466694,0.21557816467660496,0.76605,-0.18986294818832794,0.1970289427239894,0.0648,-0.3855618237449623,0.03986017712340428,0.55675,-0.22626549572274623,0.04307477546720469,0.13925,-0.3364479632833891,0.1621652664248625,0.68645,-0.20396737714854707,0.13737829291301284,0.0868,-0.3681584953446457,0.08319856702270131,0.59825,-0.2191939499182997,0.07298185668212305,0.1012,-0.3584075635262767,0.10748068566721584,0.5994,-0.21890706845768057,0.0741951397999947
ar1,1000,0.000629940788348712,0.01,,0.2,,,,,,ar1,1.0,-0.22424418033419313,-0.4015684117650826,-0.2364505500763835,0.23515,-0.29792155341363147,0.25810510815797066,0.80605,-0.18189587950277486,0.23072338193328445,0.0567,-0.39464313643202553,0.017245567953458385,0.5217,-0.23274761707350894,0.015660496461853652,0.04975,-0.40207697364396977,-0.0012664389528344096,0.45725,-0.24436578239808182,-0.033475212128461426,0.06535,-0.3851448403977831,0.04089856394607884,0.512,-0.23433217558385339,0.008959059269880243,0.05335,-0.39769550263511655,0.009644456626811881,0.4853,-0.2390120289939397,-0.01083304275134373
ar1,1000,0.000629940788348712,0.01,,0.2,,,,,,ar1,1.0,-0.14857760925927724,-0.4015684117650826,-0.2364505500763835,0.4149,-0.2529364638186287,0.3701285847986558,0.92495,-0.15590788949015133,0.34063215568842403,0.21705,-0.3042158177752163,0.24243090626066868,0.7844,-0.1861647367058462,0.212669470865231,0.28425,-0.28360404196104927,0.29375908649169963,0.834,-0.17696712986142943,0.2515681194048329,0.26045,-0.2903990672859766,0.2768378717600429,0.81665,-0.18011506686572454,0.23825481984482683,0.25895,-0.29089978410524575,0.2755909688548361,0.8317,-0.17739097555568528,0.24977558521906368
ar1,1000,0.000629940788348712,0.01,,0.2,,,,,,ar1,1.0,-0.23571679515442223,-0.4015684117650826,-0.2364505500763835,0.399,-0.25624067275011386,0.3619003257158221,0.91085,-0.1597919128892797,0.3242057891696163,0.2101,-0.30681110903471664,0.23596801928185268,0.8031,-0.1826015098499541,0.22773912012060823,0.10895,-0.35363390032644143,0.11936823224701963,0.61725,-0.21575729589902362,0.08751620231238658,0.17635,-0.31950145915287864,0.20436605621313939,0.7435,-0.19412490873858346,0.17900419907725768,0.1851,-0.3162306179404634,0.2125112218102996,0.776,-0.1878035127242299,0.20573873622386815
ar1,1000,0.000629940788348712,0.01,,0.2,,,,,,ar1,1.0,-0.2011006982122019,-0.4015684117650826,-0.2364505500763835,0.2333,-0.29870409454420566,0.2561563962880939,0.8161,-0.18020964777348308,0.2378548169362779,0.0758,-0.3762955551715782,0.06293537004670834,0.56725,-0.2243977561053051,0.05097384618976285,0.10685,-0.3548443757645543,0.11635386308189467,0.6231,-0.21471298093813818,0.09193283386832116,0.0979,-0.3602117225338945,0.10298790447536937,0.6562,-0.2090982289308028,0.11567882221777342,0.08705,-0.3680300788274453,0.08351835441991194,0.6101,-0.21706866601040503,0.0819701373488761
ar1,1000,0.000629940788348712,0.01,,0.2,,,,,,ar1,1.0,-0.20407437812390034,-0.4015684117650826,-0.2364505500763835,0.085,-0.3696089177681298,0.07958667330549171,0.63745,-0.2122712584673443,0.10225940096662185,0.0272,-0.4325322274592037,-0.07710719963759231,0.3991,-0.25623558210190606,-0.08367513638319371,0.03655,-0.4183138732970026,-0.041700146329527676,0.42115,-0.25167565236587164,-0.0643902172550235,0.0288,-0.4295696050243605,-0.06972957144761313,0.42115,-0.25167463148619484,-0.06438589973630145,0.04,-0.4137499698120387,-0.030334950882745963,0.4632,-0.24327214727153154,-0.028849995032552835
ar1,1000,0.000629940788348712,0.01,,0.2,,,,,,ar1,1.0,-0.11011116796357667,-0.4015684117650826,-0.2364505500763835,0.79365,-0.18441039507991788,0.5407746484108469,0.9947,-0.11968656006590521,0.4938199127587506,0.572,-0.22358583158317993,0.4432185773766051,0.9666,-0.14130854070686855,0.402375927392768,0.73455,-0.19565977036855747,0.5127610523234623,0.9872,-0.12885596143868067,0.4550405511974713,0.5756,-0.2230615363058755,0.4445241962000577,0.96745,-0.14090307503696353,0.40409072852042044,0.5346,-0.2303732479010645,0.42631631086602306,0.96125,-0.14326390467186595,0.39410627454414604
ar1,1000,0.000629940788348712,0.01,,0.2,,,,,,ar1,1.0,-0.22924469177033602,-0.4015684117650826,-0.2364505500763835,0.12365,-0.34448512136474446,0.14215084834344954,0.67575,-0.20586503899047495,0.12935267469679446,0.02665,-0.4344282034326394,-0.0818286267167342,0.3936,-0.25749002270704946,-0.08898043427629723,0.0359,-0.4195718375141833,-0.044832773748231684,0.4307,-0.24953532789670474,-0.05533832683448743,0.04305,-0.41004742636221,-0.021114744956800973,0.4626,-0.24340586198904451,-0.02941550320104632,0.0352,-0.4206534018587181,-0.0475261239043876,0.43935,-0.24784922772483028,-0.048207448215978096
ar1,1000,0.000629940788348712,0.01,,0.2,,,,,,ar1,1.0,-0.38582338230998897,-0.4015684117650826,-0.2364505500763835,0.016,-0.46304067929550574,-0.15308043593424966,0.33425,-0.270775119746806,-0.14516595397783696,0.0076,-0.5032958000342381,-0.25332517520991166,0.23105,-0.29919496300976356,-0.26535955578496634,0.00435,-0.5240381559021726,-0.30497853055417806,0.1893,-0.3147939205403807,-0.3313308868966005,0.0059,-0.5152391090300328,-0.28306682979697984,0.22765,-0.30039101161734283,-0.2704179014187274,0.00625,-0.512435564154801,-0.2760853422270066,0.2123,-0.3059879767304756,-0.2940886651844481
ar1,1000,0.000629940788348712,0.01,,0.2,,,,,,ar1,1.0,-0.19502738118451304,-0.4015684117650826,-0.2364505500763835,0.0397,-0.4143084626445515,-0.03172572967945948,0.4887,-0.2383640384758995,-0.008092552116702022,0.0102,-0.4877435075369732,-0.21459630102156288,0.28795,-0.28267923285131924,-0.19551099695053337,0.0529,-0.3982284055921866,0.008317402651805042,0.50145,-0.23610308731150242,0.0014694944239665455,0.0196,-0.4512820897427786,-0.12379877630110626,0.37915,-0.2604933119340558,-0.10168198741726532,0.01565,-0.46439106696463084,-0.15644321953366055,0.32855,-0.272054229744481,-0.1505755840136385
ar1,1000,0.000629940788348712,0.01,,0.2,,,,,,ar1,1.0,-0.28526968603507946,-0.4015684117650826,-0.2364505500763835,0.10885,-0.3537424386700164,0.1190979461876707,0.66555,-0.2073937865701044,0.12288727387985576,0.0292,-0.42868205321591324,-0.06751935823750023,0.4307,-0.24951635841548214,-0.05525810083705808,0.01915,-0.45353081468428325,-0.1293986314580904,0.36615,-0.2636227003827071,-0.11491684116423427,0.0286,-0.42976632885977045,-0.07021946016805625,0.47725,-0.24058013792642013,-0.017464911156698987,0.039,-0.41502395255899316,-0.03350746821635468,0.4781,-0.24039373622433785,-0.01667657845025331
ar1,1000,0.000629940788348712,0.01,,0.2,,,,,,ar1,1.0,-0.2760686811525802,-0.4015684117650826,-0.2364505500763835,0.07005,-0.3808959481762727,0.05147930709476049,0.58485,-0.22143663835095864,0.06349704714399998,0.0147,-0.4670226384621845,-0.16299645285693581,0.3371,-0.2701600712276945,-0.1425647821094998,0.0102,-0.4871724979849333,-0.21317435264287923,0.3062,-0.27805140364129005,-0.1759389164096583,0.0271,-0.43332136802362164,-0.07907234565330923,0.37005,-0.26274710137577295,-0.11121374549940596,0.0208,-0.4473348260468986,-0.11396915927886611,0.3812,-0.2599958007580764,-0.0995779061376122
ar1,1000,0.000629940788348712,0.01,,0.2,,,,,,ar1,1.0,-0.4798316106454355,-0.4015684117650826,-0.2364505500763835,0.0624,-0.3883900968638998,0.03281711039784705,0.5456,-0.2282843280689424,0.034536701246002895,0.01865,-0.45454701314863416,-0.13192920516503176,0.3407,-0.2693443048560171,-0.13911473146925463,0.0052,-0.5174224406567903,-0.28850384018622033,0.20525,-0.30840526588147077,-0.3043118985421809,0.02,-0.4505455774094005,-0.12196468698581175,0.3466,-0.2680219644274846,-0.1335222706857828,0.0155,-0.4650883006511095,-0.15817949575970633,0.3494,-0.26741399686224177,-0.1309510456873785
ar1,1000,0.000629940788348712,0.01,,0.2,,,,,,ar1,1.0,-0.23849794706964747,-0.4015684117650826,-0.2364505500763835,0.24655,-0.29438044044391043,0.26692331413726117,0.8398,-0.17594459116055633,0.25589265449490894,0.14855,-0.3319640165970912,0.17333135059614696,0.7002,-0.2015065542282457,0.1477856399016598,0.15015,-0.3314494633343737,0.17461270950696314,0.69595,-0.20236062785378595,0.1441735796832998,0.13365,-0.3395664166831581,0.15439958240090768,0.70405,-0.20082341062180903,0.15067480047335646,0.1227,-0.3450631427782168,0.14071143877701558,0.6963,-0.2022901443186793,0.14447166964369054
ar1,1000,0.000629940788348712,0.01,,0.2,,,,,,ar1,1.0,-0.2683321554094208,-0.4015684117650826,-0.2364505500763835,0.277,-0.2856099211019066,0.28876397462012454,0.85595,-0.17277399926149395,0.2693017664552666,0.1316,-0.3405385382153583,0.15197877064450674,0.6777,-0.20552029952733564,0.1308106516946401,0.08515,-0.36942298215666525,0.08004969680539126,0.54715,-0.22803009934898621,0.03561188893270545,0.09125,-0.36462729973140645,0.09199207644670694,0.62915,-0.2136798744710205,0.09630206230438927,0.1073,-0.3546236297950758,0.1169035725784864,0.64135,-0.211614347376406,0.10503761861393156
ar1,1000,0.000629940788348712,0.01,,0.2,,,,,,ar1,1.0,-0.35664018108272544,-0.4015684117650826,-0.2364505500763835,0.0022,-0.552036042392235,-0.3746998673669978,0.10825,-0.35416577389161397,-0.4978428841768543,0.00055,-0.5964916951894025,-0.4854049215861877,0.07155,-0.37990546436121087,-0.6067015460039547,0.00055,-0.5989332591321208,-0.4914849913107621,0.0597,-0.39159516463672533,-0.6561397912173331,0.00055,-0.5991616398892217,-0.49205371322814856,0.07065,-0.3805191599783746,-0.6092969961603002,0.0003,-0.6174202950188729,-0.5375220682947132,0.0647,-0.38566301644482964,-0.631051466449303
ar1,1000,0.000629940788348712,0.01,,0.2,,,,,,ar1,1.0,-0.2352126645744204,-0.4015684117650826,-0.2364505500763835,0.2157,-0.30474869721022235,0.24110391086114555,0.80255,-0.18271349159323114,0.22726552535315744,0.04885,-0.40304601636289183,-0.00367958373845802,0.52285,-0.2325522267005301,0.016486844181982502,0.05975,-0.39139504640787265,0.025334077729105318,0.4903,-0.2380745760694183,-0.006868353626202881,0.07665,-0.37575842453797004,0.06427295193281143,0.56515,-0.2247764622820607,0.04937221668780884,0.0753,-0.3767540122057535,0.061793703967545986,0.60135,-0.218553847569386,0.07568898656068297
ar1,1000,0.000629940788348712,0.01,,0.2,,,,,,ar1,1.0,-0.2317997182822662,-0.4015684117650826,-0.2364505500763835,0.2834,-0.2839259372101709,0.2929574914466443,0.8641,-0.17096327651127896,0.2769597006390951,0.1125,-0.3515777613030733,0.12448850307293059,0.6419,-0.21155854264524002,0.10527362876974618,0.1292,-0.3417888744232339,0.14886513876698976,0.6406,-0.2117518387800894,0.10445613803104015,0.11385,-0.35060312271966143,0.12691558288014912,0.66715,-0.2071550975295896,0.12389674093517744,0.1119,-0.35190737161969404,0.12366769569126436,0.6551,-0.20924887643493018,0.11504170166940203
ar1,1000,0.000629940788348712,0.01,,0.2,,,,,,ar1,1.0,-0.20952342792771808,-0.4015684117650826,-0.2364505500763835,0.35545,-0.2659391753926266,0.3377487680774031,0.8987,-0.16298183330373173,0.31071493277946816,0.2049,-0.3086428564250972,0.23140653651399962,0.79745,-0.18375380066986846,0.2228658355393623,0.33045,-0.27167312030616964,0.323469893680038,0.8808,-0.16731486082974958,0.2923896316768989,0.2507,-0.2933623228189677,0.2694586670064464,0.84235,-0.1753682612233467,0.25833007719078954,0.22515,-0.30142021292661736,0.24939262129276224,0.7992,-0.18333776181974915,0.22462535290984384
ar1,1000,0.000629940788348712,0.01,,0.2,,,,,,ar1,1.0,-0.22592986296144602,-0.4015684117650826,-0.2364505500763835,0.4634,-0.24323999313736003,0.39427508237461834,0.94555,-0.14945357228646025,0.36792884500298073,0.242,-0.2957943577552188,0.2634023267540815,0.82055,-0.1793735666300671,0.24139078309556958,0.2102,-0.3067023735497394,0.23623879626976194,0.77205,-0.18864918810815628,0.20216219396734478,0.20815,-0.3074142910551539,0.2344659538734059,0.79085,-0.18502469156935894,0.21749096582948035,0.18095,-0.3180194991337015,0.20805648597743098,0.771,-0.1888141686529694,0.20146445592122975
ar1,1000,0.000629940788348712,0.01,,0.2,,,,,,ar1,1.0,-0.1632353033083828,-0.4015684117650826,-0.2364505500763835,0.268,-0.28821856300543197,0.2822678413907722,0.851,-0.1738186829562005,0.26488357544505714,0.1043,-0.3562530262504577,0.1128459913354301,0.6465,-0.210782592902848,0.10855528636005986,0.1538,-0.3298602713289277,0.17857017219298651,0.7036,-0.20086364781525795,0.150504628767535,0.09035,-0.3652189350732199,0.0905187649897302,0.6217,-0.21496945114470725,0.09084816645483354,0.0937,-0.36316678523479146,0.09562910180484042,0.5953,-0.219838242291559,0.07025700629352745
ar1,1000,0.000629940788348712,0.01,,0.2,,,,,,ar1,1.0,-0.21563302706627016,-0.4015684117650826,-0.2364505500763835,0.5715,-0.2236930395677102,0.44295160422485985,0.9618,-0.14312655480089964,0.39468715655487485,0.21715,-0.3041918394107246,0.24249061804025387,0.77455,-0.18818186388554753,0.20413860815820958,0.1631,-0.3251218386589168,0.1903699864492505,0.6814,-0.20490679780155885,0.13340528184279835,0.20525,-0.3084791794875697,0.23181413066914758,0.7679,-0.18941326487692833,0.19893074972445668,0.1962,-0.31194540150474503,0.22318242081443154,0.74985,-0.19297279367419828,0.18387674035074167
ar1,1000,0.000629940788348712,0.01,,0.2,,,,,,ar1,1.0,-0.37845775915891217,-0.4015684117650826,-0.2364505500763835,0.3949,-0.25726494426243146,0.35934964821652515,0.90655,-0.16093258498383473,0.3193816426654676,0.1591,-0.32745362050850363,0.18456330001358803,0.7286,-0.19673787177421376,0.16795341896790203,0.0619,-0.38868444745047376,0.032084108055157434,0.5596,-0.22575314044408698,0.045241635635192214,0.1374,-0.3373032290696721,0.16003545302015848,0.69845,-0.201852036376862,0.1463245219279241,0.14795,-0.3321935270788067,0.17275981539817972,0.71485,-0.1990733295969066,0.15807626781753087
ar1,1000,0.000629940788348712,0.01,,0.2,,,,,,ar1,1.0,-0.29457794871751525,-0.4015684117650826,-0.2364505500763835,0.00285,-0.5374013620091849,-0.33825606363571364,0.17015,-0.32210158254164634,-0.3622365540600094,0.0019,-0.5567459400333677,-0.3864286226752913,0.1361,-0.33803615191996833,-0.4296272595296074,0.0024,-0.5501404814025138,-0.36997947369512174,0.12145,-0.3458199814268429,-0.46254674102102306,0.00405,-0.5277105923514059,-0.31412376295204325,0.1646,-0.3244034706073795,-0.3719717315209608,0.00395,-0.5283117928307424,-0.31562089385607495,0.1821,-0.3176327931331584,-0.34333708689004794
ar1,1000,0.000629940788348712,0.01,,0.2,,,,,,ar1,1.0,-0.16052123633339505,-0.4015684117650826,-0.2364505500763835,0.14405,-0.3341400885997837,0.16791241838201268,0.7523,-0.19243344171316581,0.18615777526843688,0.1188,-0.3473727054812419,0.13496008325362308,0.66525,-0.20749571864648236,0.12245618130534058,0.16055,-0.3265127363775547,0.18690632327782666,0.72955,-0.1965657300474265,0.16868144318578457,0.0883,-0.36715692221207974,0.08569272020612416,0.6217,-0.2149706867122771,0.09084294097504741,0.0855,-0.36901537062611767,0.08106474559559847,0.6177,-0.2156743613350176,0.08786695033974039
ar1,1000,0.000629940788348712,0.01,,0.2,,,,,,ar1,1.0,-0.13519922150258556,-0.4015684117650826,-0.2364505500763835,0.50085,-0.23625311028177157,0.4116740675808446,0.9525,-0.14680238598756695,0.379141279476222,0.2452,-0.2947793169951091,0.26593001750457673,0.8035,-0.18246949228637122,0.22829745066177312,0.52,-0.23296860383335471,0.4198532628367162,0.9447,-0.1497414566004042,0.36671132060368905,0.3438,-0.26858840732648653,0.33115155610493924,0.88675,-0.1656621792309787,0.2993791759948842,0.2822,-0.28431050373763544,0.29199983014610975,0.8724,-0.16913732708224866,0.28468203170764383
ar1,1000,0.000629940788348712,0.01,,0.2,,,,,,ar1,1.0,-0.31191360958658515,-0.4015684117650826,-0.2364505500763835,0.18035,-0.31814139080531545,0.2077529469837183,0.7844,-0.18616158799454682,0.2126827874394507,0.045,-0.40745222043297225,-0.014652070470452364,0.4786,-0.24031315487407023,-0.016335782667618905,0.03055,-0.426602598455042,-0.0623410257293952,0.49475,-0.23731716036224126,-0.0036650804389239955,0.0652,-0.3852330333224968,0.04067894277536452,0.57615,-0.22299291762012174,0.056915208917527854,0.06135,-0.3895354297921453,0.02996496143719748,0.5587,-0.22595053654175634,0.044406805275924305
ar1,1000,0.000629940788348712,0.01,,0.2,,,,,,ar1,1.0,-0.1498357770233714,-0.4015684117650826,-0.2364505500763835,0.91355,-0.15917821169991211,0.6036087325687577,0.99925,-0.10378038364612358,0.5610905383277893,0.6671,-0.20715576284495577,0.48413332130779796,0.9821,-0.13348297038675883,0.43547193972000403,0.66855,-0.20696346925773118,0.48461217766599446,0.9625,-0.14281561521297298,0.39600218664394093,0.6107,-0.21698768028411505,0.4596495293781903,0.9701,-0.1397003032543077,0.40917750790100244,0.5593,-0.22584630856827329,0.43758945686098116,0.9698,-0.1398436072817696,0.4085714444876774
ar1,1000,0.000629940788348712,0.01,,0.2,,,,,,ar1,1.0,-0.17693521543622778,-0.4015684117650826,-0.2364505500763835,0.28755,-0.28275738937922984,0.2958674509870492,0.85145,-0.17370298726856934,0.26537287727833175,0.15185,-0.33064537199108107,0.17661508648616392,0.68075,-0.2049801342153548,0.13309512644763324,0.1655,-0.3240823229497063,0.19295862559205892,0.7307,-0.19634351558892932,0.16962123570656915,0.14215,-0.33499593633865143,0.16578115577819916,0.7216,-0.19787040105179543,0.16316371018009918,0.1463,-0.3329133004235705,0.17096741011012428,0.6988,-0.20182335023334172,0.14644584177053396
ar1,1000,0.000629940788348712,0.01,,0.2,,,,,,ar1,1.0,-0.21756116369112205,-0.4015684117650826,-0.2364505500763835,0.40815,-0.25426917628493306,0.3668098166205353,0.9359,-0.15282656689848007,0.3536637286353927,0.21295,-0.30576646649937167,0.2385694254301931,0.7917,-0.18485846750021992,0.2181939630062064,0.1432,-0.33455300184919223,0.16688416706216022,0.7002,-0.2014950070933717,0.1478344752072671,0.24095,-0.29615504920318797,0.2625041200291457,0.80675,-0.18179710480649988,0.23114112127135356,0.1975,-0.31149146748238926,0.22431282352803272,0.7999,-0.18317027813904638,0.22533367725355405
ar1,1000,0.000629940788348712,0.01,,0.2,,,,,,ar1,1.0,-0.18003927907069667,-0.4015684117650826,-0.2364505500763835,0.22615,-0.3010012696227567,0.25043588886956,0.80815,-0.18158741932690103,0.23202792605794045,0.1063,-0.35524809628025356,0.11534850383582072,0.6155,-0.2160873257242917,0.08612043552241094,0.13635,-0.3379280828100597,0.1584794199207394,0.667,-0.20717025663945965,0.12383262981399314,0.11365,-0.3507620744158935,0.12651975568962529,0.64315,-0.21137724287700915,0.10604038430561741,0.08375,-0.3703197963225575,0.07781641814198657,0.6042,-0.21810804334678405,0.07757438806411761
ar1,1000,0.000629940788348712,0.01,,0.2,,,,,,ar1,1.0,-0.14867807967071273,-0.4015684117650826,-0.2364505500763835,0.2972,-0.2804701060071371,0.3015633257249028,0.86565,-0.17063938264257142,0.2783295171550766,0.1764,-0.31946452150142673,0.20445803967192178,0.7793,-0.18712068206233018,0.20862657328611706,0.221,-0.3028061735574788,0.2459412526336352,0.8106,-0.1811957231473233,0.2336844930629705,0.18485,-0.3163480490560348,0.2122187906525419,0.7555,-0.1916994012793634,0.18926218942000164,0.16555,-0.3240190709224592,0.1931161380491994,0.74195,-0.1944055497248222,0.17781730826161737
ar1,1000,0.000629940788348712,0.01,,0.2,,,,,,ar1,1.0,-0.4239174898790704,-0.4015684117650826,-0.2364505500763835,0.00225,-0.5512993322366881,-0.3728652854278739,0.14315,-0.3345865204740135,-0.4150380295834708,0.0014,-0.5701893481407503,-0.4199058776423651,0.1055,-0.35557401571516534,-0.5037986403512276,0.00145,-0.5699619734367073,-0.41933966103423204,0.1208,-0.3461701942446752,-0.4640278660077029,0.00175,-0.5607916165056022,-0.3965033107077781,0.1099,-0.35304216532493055,-0.4930909029853517,0.0009,-0.5852831053859824,-0.4574928909706493,0.1162,-0.3490028698096671,-0.4760078574438692
ar1,1000,0.000629940788348712,0.01,,0.2,,,,,,ar1,1.0,-0.24489218380123656,-0.4015684117650826,-0.2364505500763835,0.2198,-0.3032860458447261,0.24474625752648005,0.7918,-0.18480747977738093,0.21840960100249152,0.08325,-0.37071801656806846,0.07682475586516409,0.6093,-0.21716201610317665,0.08157533982042264,0.07005,-0.38090493967075484,0.05145691615409209,0.51085,-0.23454663290767344,0.008052073332436762,0.0944,-0.36245659837492683,0.09739763448584245,0.59765,-0.21933101308875497,0.07240218718923763,0.08245,-0.37155176046338345,0.07474853704194966,0.60145,-0.21854574298501916,0.07572326258315035
ar1,1000,0.000629940788348712,0.01,,0.2,,,,,,ar1,1.0,-0.15635830099885636,-0.4015684117650826,-0.2364505500763835,0.43405,-0.24884417752756613,0.3803193422665429,0.94515,-0.14957854881534333,0.36740029250503686,0.21955,-0.30338575072419405,0.24449796887491587,0.80495,-0.18206323752982156,0.23001558900578803,0.3264,-0.27264263404624967,0.32105557594070544,0.86835,-0.16998916975991032,0.2810794066455051,0.2575,-0.2913141233671843,0.2745591664276547,0.82115,-0.17924162392669313,0.2419487970368835,0.22915,-0.2999647177905607,0.25301714725997926,0.81315,-0.18066986095447815,0.2359084768628613
ar1,1000,0.000629940788348712,0.01,,0.2,,,,,,ar1,1.0,-0.22505253611283715,-0.4015684117650826,-0.2364505500763835,0.4568,-0.24445412213543657,0.3912516149839939,0.9384,-0.15190539383821755,0.3575595667290869,0.19635,-0.311836035309177,0.22345476842037829,0.75105,-0.19276127278949223,0.18477130745848458,0.11435,-0.3502388654154958,0.127822669427531,0.6471,-0.21069684967262478,0.10891791283817771,0.1836,-0.31676818952845853,0.21117254184383455,0.7301,-0.19647434770831423,0.16906791866271936,0.2021,-0.30988748399441735,0.2283071204920834,0.75195,-0.19254620692163577,0.18568086705894646
ar1,1000,0.000629940788348712,0.01,,0.2,,,,,,ar1,1.0,-0.16104200239362002,-0.4015684117650826,-0.2364505500763835,0.28705,-0.28289810317911457,0.29551704045733096,0.866,-0.1705335553056802,0.27877708362027204,0.15255,-0.3303564020347772,0.17733468979119912,0.7438,-0.19405339458100782,0.17930664776072464,0.21375,-0.30545240895888937,0.2393515027332904,0.7846,-0.1861260117606423,0.21283324694945407,0.19395,-0.31293233848682894,0.22072471509563293,0.78685,-0.1857331545850719,0.21449472405510472,0.14605,-0.33312879868869977,0.1704307686343118,0.7401,-0.19469610851695396,0.17658847292146745
ar1,1000,0.000629940788348712,0.01,,0.2,,,,,,ar1,1.0,-0.2933912382717144,-0.4015684117650826,-0.2364505500763835,0.0176,-0.4585295331860664,-0.14184661878809826,0.33365,-0.27090051706615226,-0.14569628608874022,0.0062,-0.513649728714174,-0.27910889817364154,0.23555,-0.2978084221663021,-0.25949557770154236,0.004,-0.5282103205573795,-0.31536820397711546,0.19205,-0.31367669075403376,-0.3266058829328288,0.0065,-0.5097474143122066,-0.2693912154883553,0.2203,-0.3030726722358682,-0.28175921831420125,0.0052,-0.5178689426368732,-0.28961573536273655,0.23085,-0.29929580417266605,-0.26578603465283074
ar1,1000,0.000629940788348712,0.01,,0.2,,,,,,ar1,1.0,-0.37574914718295804,-0.4015684117650826,-0.2364505500763835,0.0102,-0.48715595205738493,-0.21313314938320146,0.28895,-0.2823008174560509,-0.19391059722574483,0.00415,-0.5269712713443399,-0.31228267937722615,0.19095,-0.31404752785110973,-0.32817423241205884,0.0012,-0.5788698520196108,-0.44152237840422937,0.11995,-0.34677033451619976,-0.46656598770516006,0.003,-0.5355987642672292,-0.3337671703633758,0.17995,-0.31824423644023575,-0.34592301154482175,0.00255,-0.5456072109068756,-0.3586905616123402,0.16375,-0.3247473100691041,-0.3734259022201346
ar1,1000,0.000629940788348712,0.01,,0.2,,,,,,ar1,1.0,-0.15544370317009878,-0.4015684117650826,-0.2364505500763835,0.5885,-0.22086174625058722,0.45000219195579744,0.97405,-0.1379700075617819,0.4164952988385446,0.415,-0.25291349704380783,0.3701857774815163,0.9256,-0.15564589932533793,0.34174016818714215,0.49665,-0.23708488856213578,0.4096027436021777,0.94185,-0.15067642852173385,0.3627571241722254,0.41655,-0.25263789258582126,0.370872097545326,0.9235,-0.1562557062719397,0.33916116405116203,0.3875,-0.25881235967041766,0.355496219105444,0.9177,-0.15795789777918637,0.3319622317302315
ar1,1000,0.000629940788348712,0.01,,0.2,,,,,,ar1,1.0,-0.30428997889652554,-0.4015684117650826,-0.2364505500763835,0.07545,-0.3766712056291325,0.06199991186187972,0.5857,-0.22127488381909932,0.06418114169064859,0.0108,-0.4834407893431415,-0.20388151851434516,0.30035,-0.27955219291020195,-0.18228607554473783,0.01345,-0.47302909065390825,-0.17795393461035003,0.2854,-0.28337458251767444,-0.1984517795629256,0.0145,-0.467779570982659,-0.16488139325139417,0.32515,-0.2730881955574042,-0.15494844680710287,0.01835,-0.45576876428611296,-0.13497165347940146,0.3473,-0.2678505725990262,-0.13279741794848524
ar1,1000,0.000629940788348712,0.01,,0.2,,,,,,ar1,1.0,-0.17646912013664776,-0.4015684117650826,-0.2364505500763835,0.6174,-0.21572652173148743,0.462790111445102,0.9784,-0.13583381679121093,0.4255297069626995,0.41375,-0.2531615261612452,0.3695681265155273,0.9166,-0.15836773909487287,0.33022892505974966,0.3922,-0.2577828492950497,0.35805994260860197,0.90575,-0.16120993498146804,0.3182086701452357,0.4038,-0.2552342992288374,0.3644064329986459,0.9194,-0.15747036537998854,0.3340241106264334,0.4247,-0.2507402587039667,0.3755976532072207,0.91825,-0.15777029328236974,0.33275565131312534
ar1,1000,0.000629940788348712,0.01,,0.2,,,,,,ar1,1.0,-0.24218114240335772,-0.4015684117650826,-0.2364505500763835,0.3446,-0.2683851854099287,0.3316576265791197,0.8858,-0.16584469412813352,0.2986072814186362,0.15935,-0.32731813321569864,0.18490069530872455,0.7253,-0.19726414447854673,0.16572769902703927,0.12555,-0.3434616556799685,0.14469951914222415,0.67235,-0.2064767417110489,0.12676565292680345,0.16845,-0.3229044699991611,0.19589175707361137,0.73605,-0.19543348750252731,0.17346993931968413,0.1663,-0.3238835640747824,0.19345358204057597,0.715,-0.19901432685929563,0.15832580302729002
ar1,1000,0.000629940788348712,0.01,,0.2,,,,,,ar1,1.0,-0.18195838261036476,-0.4015684117650826,-0.2364505500763835,0.54225,-0.22894961751696932,0.42986148608993485,0.96525,-0.1419811957731604,0.3995311251029254,0.29015,-0.28191299015482146,0.2979702040913007,0.8311,-0.17748595482200108,0.24937389756688813,0.17745,-0.3191727953987342,0.2051845064311229,0.72765,-0.19688738083207008,0.1673211131525507,0.2686,-0.28804882504305673,0.2826905289264505,0.8379,-0.1762383887917892,0.2546501214107695,0.25415,-0.29234480630886517,0.2719925229579891,0.83215,-0.17729652590117417,0.25017503302952804
ar1,1000,0.000629940788348712,0.01,,0.2,,,,,,ar1,1.0,-0.21856787196373068,-0.4015684117650826,-0.2364505500763835,0.07465,-0.3775147155946537,0.05989937322186664,0.60835,-0.2173536993129143,0.08076467048733918,0.0443,-0.4079980384422104,-0.016011285969597364,0.50255,-0.23591141513206054,0.0022801171075676778,0.06695,-0.38360211674198885,0.04474030948829722,0.5421,-0.22899602971099786,0.03152676262743946,0.032,-0.424422744666487,-0.05691267597704908,0.4496,-0.2459064707023405,-0.03999111282634933,0.0435,-0.40950367312363284,-0.01976067122329418,0.4708,-0.24186335634765616,-0.02289191659534773
ar1,1000,0.000629940788348712,0.01,,0.2,,,,,,ar1,1.0,-0.20205026854147556,-0.4015684117650826,-0.2364505500763835,0.1508,-0.3312343808894265,0.17514831549250812,0.72615,-0.1971254424760001,0.1663142994917107,0.03125,-0.4255823092481643,-0.059800265109322924,0.39105,-0.25812790900654903,-0.09167819200743173,0.06845,-0.3825587766716322,0.04733847219180942,0.51,-0.23470839104039926,0.007367963556952799,0.04375,-0.40888562522794364,-0.01822158628139701,0.4557,-0.24466029909460213,-0.03472078629365228,0.0273,-0.43212587106354916,-0.07609527642911973,0.41555,-0.252851255354161,-0.06936209398742936
ar1,1000,0.000629940788348712,0.01,,0.2,,,,,,ar1,1.0,-0.20092826177989176,-0.4015684117650826,-0.2364505500763835,0.0946,-0.3623166316557682,0.09774618460845641,0.66515,-0.20752533554810224,0.12233092508745357,0.0273,-0.43213077230098634,-0.07610748166562138,0.40385,-0.25521424155934225,-0.07935566856113167,0.02305,-0.44118353240326247,-0.09865098816924543,0.35565,-0.26588325458486495,-0.12447720886660425,0.02855,-0.4301216859504318,-0.07110438308592075,0.3937,-0.25746584247250937,-0.0888781708874733,0.0273,-0.43212439441215833,-0.07609159921909134,0.4044,-0.25511677948539474,-0.07894348058391604
ar1,1000,0.000629940788348712,0.01,,0.2,,,,,,ar1,1.0,-0.24629688225153543,-0.4015684117650826,-0.2364505500763835,0.03595,-0.4194472512104942,-0.044522524485493375,0.48075,-0.23988875257293907,-0.014540894472205251,0.0098,-0.49100026268753855,-0.22270638900445566,0.25185,-0.2929964724008711,-0.23914481191192372,0.01485,-0.4666967312192157,-0.16218486700152376,0.3007,-0.2794744567453946,-0.18195731266056514,0.0116,-0.4803514353474949,-0.19618829886574926,0.274,-0.2866123109567693,-0.2121448263249185,0.01045,-0.48541157406166335,-0.20878923700211,0.2759,-0.2860107004554834,-0.20960048671102635
ar1,1000,0.000629940788348712,0.01,,0.2,,,,,,ar1,1.0,-0.11506904687576104,-0.4015684117650826,-0.2364505500763835,0.70875,-0.2001195466681352,0.501655158112374,0.9888,-0.12743558624225426,0.46104762200347094,0.53665,-0.2299209907121402,0.4274425378691293,0.95825,-0.14449793953604512,0.38888727689842045,0.6505,-0.2101313962009604,0.47672329285728976,0.9704,-0.13939160339336268,0.4104830657051408,0.5209,-0.23285285949839232,0.42014149351316216,0.9541,-0.14619077636257022,0.38172790752508534,0.50785,-0.23507290018671428,0.41461306890784067,0.9453,-0.14952082460965227,0.3676444205295748
ar1,1000,0.000629940788348712,0.01,,0.2,,,,,,ar1,1.0,-0.5440612730806903,-0.4015684117650826,-0.2364505500763835,0.01095,-0.4827592128215465,-0.20218423231944962,0.29945,-0.27984370424365523,-0.18351893938607428,0.00415,-0.5252447859408278,-0.3079833237682445,0.1678,-0.32325995440988464,-0.3671355566965611,0.0012,-0.5765027892384716,-0.435627834132844,0.11445,-0.35002179998041905,-0.4803171312874817,0.0022,-0.5527307543220215,-0.3764298638244702,0.16695,-0.32352941220978715,-0.3682751514228811,0.0028,-0.5381367015210891,-0.34008723234908933,0.15575,-0.3290759420527395,-0.39173261363288897
ar1,1000,0.000629940788348712,0.01,,0.2,,,,,,ar1,1.0,-0.2910501135864196,-0.4015684117650826,-0.2364505500763835,0.0435,-0.4094889157335385,-0.01972392184345761,0.5006,-0.23630042158811293,0.0006349255191923403,0.01645,-0.46170007025685955,-0.14974200342967695,0.311,-0.2768499099544552,-0.1708575423699416,0.0102,-0.4878291961754427,-0.21480968592923735,0.27485,-0.28629999530338013,-0.21082397656039778,0.01045,-0.4859329238262409,-0.2100875208045784,0.2945,-0.2809134587864103,-0.1880431603803137,0.0078,-0.5016104949198975,-0.2491283682276769,0.27455,-0.28645531741703467,-0.2114808670332868
ar1,1000,0.000629940788348712,0.01,,0.2,,,,,,ar1,1.0,-0.1634526298441957,-0.4015684117650826,-0.2364505500763835,0.2274,-0.3005015324210893,0.25168035229603025,0.83515,-0.17674553281964728,0.25250530073814154,0.0617,-0.38904796073141235,0.031178874300986443,0.5325,-0.23079046586060162,0.02393770796453393,0.14375,-0.33430303553388957,0.16750664210745558,0.6836,-0.20448880012339982,0.13517308351644217,0.09015,-0.36545994545857635,0.08991859232102577,0.61585,-0.2160186831824591,0.08641073952809179,0.08045,-0.37289076959914685,0.07141408867267224,0.58515,-0.2213848013286953,0.06371627700938444
ar1,1000,0.000629940788348712,0.01,,0.2,,,,,,ar1,1.0,-0.2754316157482416,-0.4015684117650826,-0.2364505500763835,0.1796,-0.31838998614928454,0.20713388598019863,0.75815,-0.19120901561982057,0.19133613536508165,0.0604,-0.3905626416627164,0.027406961752769958,0.54925,-0.227681451620582,0.037086394821110355,0.04745,-0.40456552709922294,-0.007463523639637354,0.46895,-0.242163969502601,-0.024163273988459015,0.0464,-0.40584315666173126,-0.010645122403575322,0.471,-0.2418409471332268,-0.022797143229744965,0.04635,-0.40590303217026724,-0.010794226533237307,0.479,-0.24020908075223654,-0.015895630924262542
garch,1000,0.000629940788348712,0.01,,,0.08,0.88,,,,garch,1.0,-0.1123032630404359,-0.33189009128955016,-0.19024071503111473,0.51525,-0.18794306108410935,0.43371897499602485,0.94595,-0.11884752814158497,0.3752781673358044,0.6147,-0.17380127735454057,0.47632881512298153,0.966,-0.11245563785671928,0.4088771279148806,0.58455,-0.1782130260472102,0.46303601486031654,0.9624,-0.11380941579938639,0.4017609964261733,0.5536,-0.18255793177213536,0.44994461551168535,0.9471,-0.11839963331721091,0.37763252573011974,0.5408,-0.18441393183326185,0.4443524025778341,0.9494,-0.11788255682769623,0.380350537431401
garch,1000,0.000629940788348712,0.01,,,0.08,0.88,,,,garch,1.0,-0.15235816080212058,-0.33189009128955016,-0.19024071503111473,0.19755,-0.2534915141872711,0.23621849268733347,0.7566,-0.15316161377891266,0.19490623364266485,0.198,-0.25331693738114325,0.23674450057581714,0.7836,-0.14910832437113558,0.2162123426273485,0.35095,-0.2157210234649005,0.35002270593038143,0.8693,-0.13566995361138479,0.2868511160232164,0.1837,-0.25830873963546913,0.2217039724451629,0.7399,-0.15561563823834193,0.18200665818097725,0.1867,-0.2571154504438495,0.22529940726812842,0.72655,-0.15733294161924988,0.172979655834886
garch,1000,0.000629940788348712,0.01,,,0.08,0.88,,,,garch,1.0,-0.14976165631401028,-0.33189009128955016,-0.19024071503111473,0.109,-0.2902627969739558,0.12542493858087964,0.57015,-0.18029694316749068,0.05226942015013822,0.1323,-0.2783341163504414,0.16136659799338515,0.62355,-0.17258734470543563,0.09279491155608728,0.2465,-0.23921473100675683,0.27923509232440674,0.768,-0.15156622353895433,0.20329239976749988,0.10785,-0.2908830908458968,0.1235559648205276,0.56115,-0.1815205792489725,0.0458373791368268,0.11045,-0.28948627036465413,0.12776464871288296,0.5689,-0.1804999651789142,0.05120223528705399
garch,1000,0.000629940788348712,0.01,,,0.08,0.88,,,,garch,1.0,-0.11703291610934481,-0.33189009128955016,-0.19024071503111473,0.21005,-0.24932032140699562,0.24878648700156095,0.7737,-0.15073460826707663,0.2076637840515722,0.4163,-0.20356954285614198,0.3866356718720408,0.9119,-0.12745789201616947,0.33001780404724007,0.40395,-0.2057974046376079,0.37992302259465616,0.90715,-0.1283600875953066,0.32527541449624636,0.21525,-0.24774975909837102,0.25351866295331116,0.7818,-0.1494681019511277,0.21432117238057313,0.21545,-0.24769143098486027,0.2536944082227289,0.79305,-0.14782951929960758,0.22293437934445634
garch,1000,0.000629940788348712,0.01,,,0.08,0.88,,,,garch,1.0,-0.23105217056640187,-0.33189009128955016,-0.19024071503111473,0.01315,-0.39462520760200226,-0.18902377009417928,0.27875,-0.23118296712016628,-0.21521287954765764,0.01665,-0.3835879438852207,-0.15576799052601997,0.31845,-0.22196955917056055,-0.1667826160885509,0.03085,-0.35458599737140056,-0.06838380137733567,0.43875,-0.19995561977171944,-0.05106638050122865,0.0102,-0.4074096331481098,-0.22754382803394477,0.274,-0.23239642231536795,-0.22159140474928546,0.01195,-0.3977933360772964,-0.19856948585503387,0.29045,-0.2282734790006782,-0.19991916011955196
garch,1000,0.000629940788348712,0.01,,,0.08,0.88,,,,garch,1.0,-0.22698427645155445,-0.33189009128955016,-0.19024071503111473,0.0338,-0.3508713433851245,-0.05719137929614945,0.41605,-0.20363538944798287,-0.07040908364267548,0.0231,-0.369263498558585,-0.1126077826663081,0.34255,-0.21734383182673184,-0.14246748805156811,0.0099,-0.40924739882596445,-0.2330810999383697,0.24875,-0.23857145690524872,-0.2540504637308017,0.03655,-0.34691733819757964,-0.04527778111615659,0.432,-0.20117812199129761,-0.05749246137134223,0.0461,-0.33656653288898636,-0.014090332077303086,0.45565,-0.1972300574328157,-0.03673946663077786
garch,1000,0.000629940788348712,0.01,,,0.08,0.88,,,,garch,1.0,-0.26378702192386605,-0.33189009128955016,-0.19024071503111473,0.0595,-0.32319048350251495,0.026212315508526082,0.4721,-0.19462651860608082,-0.02305396914771256,0.0319,-0.35318935490531606,-0.06417565385278051,0.39105,-0.20830072545327552,-0.09493241454231813,0.0347,-0.34951736841269365,-0.053111790878278935,0.38265,-0.20967398754205668,-0.10215096441244745,0.06835,-0.31626613551282307,0.04707569218478511,0.4781,-0.19359658432698684,-0.017640121334296124,0.06065,-0.32232421010514406,0.028822436811048267,0.4655,-0.19572789884943947,-0.02884337255264886
garch,1000,0.000629940788348712,0.01,,,0.08,0.88,,,,garch,1.0,-0.19075071085783615,-0.33189009128955016,-0.19024071503111473,0.096,-0.2979372895143032,0.10230134211998991,0.62965,-0.17174754759231642,0.09720930367494501,0.07875,-0.3090784065069738,0.06873264788937247,0.60875,-0.17467306396991378,0.08183133173492746,0.1425,-0.27374792747600335,0.17518499448910022,0.69225,-0.16242847480199207,0.1461949941923517,0.1125,-0.28843720425234715,0.13092553281228725,0.63545,-0.17085276546860906,0.10191272440988608,0.09495,-0.29865608567451485,0.10013557646721377,0.643,-0.1698024702086408,0.10743359968517333
garch,1000,0.000629940788348712,0.01,,,0.08,0.88,,,,garch,1.0,-0.21834978734203095,-0.33189009128955016,-0.19024071503111473,0.0569,-0.32560010606000583,0.018952012713319505,0.52975,-0.1858923985792014,0.022856918148158475,0.0619,-0.3215664458144009,0.03110561522049964,0.51525,-0.18794215966546457,0.012082352430573116,0.08265,-0.30642587658747716,0.07672484165806959,0.5529,-0.18268315484687458,0.039726302453205506,0.0601,-0.3228345157151006,0.027284862706398922,0.5124,-0.18840013234770506,0.009675019793258419,0.0647,-0.31910900799575553,0.03850998758093098,0.5105,-0.18870991390672387,0.0080466535470101
garch,1000,0.000629940788348712,0.01,,,0.08,0.88,,,,garch,1.0,-0.18737579666699336,-0.33189009128955016,-0.19024071503111473,0.2061,-0.2505345076385158,0.24512808844316317,0.78155,-0.14950996859768134,0.21410110042307026,0.20045,-0.2522765473610538,0.23987924321319756,0.7764,-0.15035442195197252,0.20966223278028906,0.17275,-0.2620358358735838,0.21047406129104212,0.76195,-0.15240927052258882,0.19886092470972055,0.1862,-0.25725983473862585,0.22486437079501356,0.7633,-0.15222384452903165,0.19983561613435508,0.1794,-0.25954134048344535,0.21799008980652498,0.77485,-0.15059445881193245,0.20840047942785514
garch,1000,0.000629940788348712,0.01,,,0.08,0.88,,,,garch,1.0,-0.09911188909337407,-0.33189009128955016,-0.19024071503111473,0.3443,-0.21701338918305157,0.34612874900889085,0.88545,-0.13263912399079125,0.3027826668486947,0.36585,-0.21290312433373199,0.3585131646850241,0.87525,-0.13439523219179,0.29355168703077544,0.54865,-0.1832575443896453,0.4478366507490387,0.9471,-0.1184276144608998,0.37748544289517394,0.3621,-0.2136279208973316,0.35632931954284636,0.88565,-0.132585573649992,0.30306415412543514,0.32935,-0.21985895173390338,0.33755493910756046,0.879,-0.13381780811448235,0.29658691572623747
garch,1000,0.000629940788348712,0.01,,,0.08,0.88,,,,garch,1.0,-0.18518656535839728,-0.33189009128955016,-0.19024071503111473,0.1187,-0.2850468407293771,0.1411408529196062,0.65285,-0.16822187576160116,0.11574199174930709,0.0913,-0.3006022325722582,0.09427174699830237,0.60535,-0.17518763389306058,0.07912649579556168,0.10625,-0.2917536450955732,0.12093294511453427,0.60405,-0.17536682073901805,0.07818460043983742,0.1167,-0.28633182417448577,0.1372691391238857,0.646,-0.1693974080053935,0.10956280847825987,0.11925,-0.2848033030790441,0.14187464298060717,0.6537,-0.1680834657014758,0.11646954399858621
garch,1000,0.000629940788348712,0.01,,,0.08,0.88,,,,garch,1.0,-0.17625886025053844,-0.33189009128955016,-0.19024071503111473,0.0611,-0.3220185821302143,0.029743307855261334,0.5844,-0.17826054011817652,0.06297376936886931,0.11425,-0.28761407207140444,0.13340566765977382,0.64935,-0.168767556824639,0.11287362015520014,0.0937,-0.2992518838900659,0.09834040923809856,0.6393,-0.17033339525884983,0.10464279304779193,0.076,-0.31098998116238236,0.0629729861652723,0.57685,-0.17933683673882145,0.05731621798472478,0.0685,-0.31619618903406727,0.04728644411921023,0.57485,-0.17964414730572756,0.05570084050437916
garch,1000,0.000629940788348712,0.01,,,0.08,0.88,,,,garch,1.0,-0.1957683654418381,-0.33189009128955016,-0.19024071503111473,0.18765,-0.25670348919801655,0.22654066531301992,0.7552,-0.15335024800306613,0.1939146781592731,0.1571,-0.26779731007415003,0.1931144764411897,0.7067,-0.1604760235773699,0.15645805078516803,0.14135,-0.2743695941275548,0.17331188448109733,0.6632,-0.1668155701632889,0.12313423477195475,0.18805,-0.25653373437399657,0.22705214434922857,0.74615,-0.1546150404956529,0.1872662985399056,0.21005,-0.249308666325639,0.24882160429388905,0.7708,-0.1511961823332909,0.20523752074542986
garch,1000,0.000629940788348712,0.01,,,0.08,0.88,,,,garch,1.0,-0.18572109962881617,-0.33189009128955016,-0.19024071503111473,0.31635,-0.22233916263670844,0.3300819504046791,0.8712,-0.13524964739075446,0.2890604549681504,0.2298,-0.24391118105314216,0.2650844738828094,0.7972,-0.14720391893657048,0.22622284660518327,0.1826,-0.25867749063841766,0.22059290883517155,0.75,-0.15408126698015517,0.19007207813030724,0.2869,-0.22920315625202756,0.3094004242143393,0.86345,-0.13672483698031296,0.2813061233608642,0.29745,-0.22650651472595867,0.3175255282678865,0.87015,-0.13547782344412262,0.287861047925705
garch,1000,0.000629940788348712,0.01,,,0.08,0.88,,,,garch,1.0,-0.15415771150563315,-0.33189009128955016,-0.19024071503111473,0.1193,-0.28478341090372633,0.1419345790131669,0.6693,-0.1659798206896978,0.12752735048041083,0.14305,-0.2734696775482656,0.17602337422697245,0.71095,-0.15972814685569575,0.1603892635203169,0.14355,-0.27323768487389866,0.1767223787482149,0.68545,-0.16351838690848144,0.1404658730296652,0.1131,-0.28826580651497413,0.1314419620214482,0.64335,-0.16977677063004398,0.10756868947703321,0.12765,-0.2804540790144306,0.15497905368390574,0.65815,-0.16747788417174375,0.11965278229556701
garch,1000,0.000629940788348712,0.01,,,0.08,0.88,,,,garch,1.0,-0.15459024529467527,-0.33189009128955016,-0.19024071503111473,0.08715,-0.30325161743616286,0.08628902942571522,0.57605,-0.1794507388931772,0.05671749150108472,0.1434,-0.2733126800136946,0.17649641496754123,0.6847,-0.16363630744977622,0.13984602390180897,0.1469,-0.271947865763404,0.18060866262455205,0.68725,-0.16327171996679343,0.14176247739560058,0.07505,-0.31161247844156476,0.06109737343828879,0.5689,-0.18049709546164383,0.05121731995108031,0.0917,-0.3003770646045023,0.09495018836689224,0.5692,-0.18046250991325147,0.05139911882829072
garch,1000,0.000629940788348712,0.01,,,0.08,0.88,,,,garch,1.0,-0.2249714311927892,-0.33189009128955016,-0.19024071503111473,0.19125,-0.2557768965590726,0.22933253124473152,0.74075,-0.15547556918409655,0.18274293093007024,0.1704,-0.26269475370643147,0.2084887117728102,0.70765,-0.16025558279238297,0.15761679740232026,0.1679,-0.26339699589508503,0.20637282399223497,0.6897,-0.16287032119849493,0.14387242934901315,0.1901,-0.2560589911505769,0.2284825673593735,0.7482,-0.1543647841957429,0.18858177036132437,0.19195,-0.2554432392355151,0.23033785599625117,0.75015,-0.15407602339657123,0.1900996410186358
garch,1000,0.000629940788348712,0.01,,,0.08,0.88,,,,garch,1.0,-0.2067457625270872,-0.33189009128955016,-0.19024071503111473,0.00515,-0.43985123713265734,-0.3252918622054277,0.18385,-0.2582882625013653,-0.35769181933068883,0.0093,-0.41629900967789685,-0.25432792542970495,0.23445,-0.2425605922948557,-0.2750193472264011,0.0099,-0.4096443636444519,-0.2342771730628943,0.26615,-0.23434631880959625,-0.23184103240606435,0.00355,-0.44945107348130053,-0.3542166074768014,0.1872,-0.25696514963370654,-0.3507368787574139,0.0027,-0.45984679484899493,-0.3855393906527079,0.1733,-0.2617352312731409,-0.37581080490752433
garch,1000,0.000629940788348712,0.01,,,0.08,0.88,,,,garch,1.0,-0.16625918480756022,-0.33189009128955016,-0.19024071503111473,0.0344,-0.34996107900087603,-0.05444871114142494,0.3995,-0.2066785967485541,-0.08640569772222988,0.0541,-0.32808183800317414,0.011474441046369147,0.48255,-0.19287241829273666,-0.013833543787887386,0.06615,-0.3180584075450307,0.041675494712050135,0.4771,-0.19375011462059102,-0.018447153065537625,0.031,-0.3544873388775987,-0.06808653883051324,0.43225,-0.2011006334501931,-0.05708514298478215,0.03475,-0.34942169845657917,-0.05282353293197278,0.41245,-0.20431876312726738,-0.07400123624351455
garch,1000,0.000629940788348712,0.01,,,0.08,0.88,,,,garch,1.0,-0.15665363871237925,-0.33189009128955016,-0.19024071503111473,0.07265,-0.3133680133524454,0.05580786658962222,0.56425,-0.18111369882560444,0.047976145400933375,0.06865,-0.31609092813142553,0.047603600025349954,0.5317,-0.1856546761076594,0.024106505921748976,0.08285,-0.306201414754415,0.07740115541058339,0.57175,-0.18002714490607374,0.05368761425949491,0.0714,-0.3140559254704044,0.05373515596639714,0.5578,-0.18200457225021704,0.04329327073623868,0.07315,-0.31302940077934915,0.0568281217342714,0.55015,-0.1830650753897859,0.03771873775892414
garch,1000,0.000629940788348712,0.01,,,0.08,0.88,,,,garch,1.0,-0.3317664011617369,-0.33189009128955016,-0.19024071503111473,0.0007,-0.5043066450058928,-0.5194989493251296,0.09355,-0.2993890113991119,-0.5737378370878466,0.0005,-0.5303386468125468,-0.5979345594559032,0.07935,-0.3085372832502229,-0.6218257127542872,0.0004,-0.5456172660648236,-0.6439697369235767,0.0768,-0.3104364946561695,-0.6318089143293865,0.00045,-0.5336646283323945,-0.6079558936479685,0.0678,-0.31673991303444243,-0.6649428224796053,0.00025,-0.5517178229147426,-0.662350993279304,0.06615,-0.31805933946527454,-0.6718783853038741
garch,1000,0.000629940788348712,0.01,,,0.08,0.88,,,,garch,1.0,-0.18328723273789868,-0.33189009128955016,-0.19024071503111473,0.05085,-0.3311725542405941,0.0021619718930688185,0.48295,-0.19279719871472023,-0.013438152202000394,0.0629,-0.32080051023006595,0.03341341411066518,0.50305,-0.18980116930482333,0.0023104713742245547,0.0402,-0.3422886003494402,-0.03133118261978508,0.4463,-0.19879036666320962,-0.04494122948758136,0.0411,-0.3411865345561121,-0.02801060806136406,0.46055,-0.19644915905373966,-0.032634675608791304,0.0468,-0.335660738667181,-0.011361132726138586,0.47755,-0.1936762765583327,-0.018059023414919703
garch,1000,0.000629940788348712,0.01,,,0.08,0.88,,,,garch,1.0,-0.19391375842828046,-0.33189009128955016,-0.19024071503111473,0.02555,-0.36453992145692854,-0.09837542916848867,0.36655,-0.21273261741729116,-0.11822864722989387,0.01965,-0.37613262129663383,-0.13330476313764142,0.36195,-0.21365799698537227,-0.12309290337994969,0.0177,-0.3807504377119522,-0.1472184548582227,0.3421,-0.21748528129239514,-0.1432110169309679,0.02155,-0.37264843819037263,-0.1228067603418258,0.3491,-0.216131944744153,-0.1360972056313164,0.0256,-0.3643214647071684,-0.09771720900617134,0.3523,-0.21537907741185847,-0.13213975975979825
garch,1000,0.000629940788348712,0.01,,,0.08,0.88,,,,garch,1.0,-0.18477088359865404,-0.33189009128955016,-0.19024071503111473,0.01465,-0.39011518195278166,-0.1754348568738508,0.2764,-0.23173675212898137,-0.2181238495191725,0.01235,-0.39636616182172163,-0.1942693446545855,0.2888,-0.22868938523311969,-0.2021053705339391,0.0347,-0.34955367985616403,-0.053221198915527936,0.3813,-0.2099053490539968,-0.1033671158125422,0.01255,-0.3961004040401443,-0.19346860432351765,0.28105,-0.23066863484166045,-0.21250929278694916,0.01085,-0.40385788621641866,-0.21684225234697288,0.28845,-0.22881713450479207,-0.20277688436656685
garch,1000,0.000629940788348712,0.01,,,0.08,0.88,,,,garch,1.0,-0.13069615449271382,-0.33189009128955016,-0.19024071503111473,0.11175,-0.28873109932724295,0.13004001353163058,0.5868,-0.177918245847294,0.06477303863058623,0.06515,-0.3186945573320146,0.03975874635565236,0.4818,-0.19305182596354148,-0.014776599909051974,0.16665,-0.2638878231543532,0.20489393904764053,0.6716,-0.16570477493800778,0.12897312801360097,0.099,-0.2958705986261808,0.10852837613625813,0.5726,-0.1799148168053702,0.054278066732747966,0.1021,-0.29420529040094684,0.11354602586109162,0.6136,-0.17401445366118054,0.08529331571993044
garch,1000,0.000629940788348712,0.01,,,0.08,0.88,,,,garch,1.0,-0.24917719797937668,-0.33189009128955016,-0.19024071503111473,0.18935,-0.25624728724728435,0.22791522262191588,0.7535,-0.1536156761149522,0.19251945573360751,0.17745,-0.2602947604699647,0.21572000098407187,0.75355,-0.1536047147662419,0.1925770740447482,0.1273,-0.28064308513166514,0.15440956962217864,0.6594,-0.16729693306422566,0.12060395148923041,0.178,-0.2599996105020458,0.2166093013147088,0.7443,-0.1548719199763594,0.1859160119797205,0.19555,-0.25421422333936844,0.23404093701132864,0.75495,-0.15339173443824403,0.19369660478223016
garch,1000,0.000629940788348712,0.01,,,0.08,0.88,,,,garch,1.0,-0.19882749601142857,-0.33189009128955016,-0.19024071503111473,0.18635,-0.2572098200400301,0.22501506736568067,0.7402,-0.15555957403104936,0.18230135959273022,0.19445,-0.2546352826406502,0.23277226610992943,0.75175,-0.15389513746953057,0.1910504675912287,0.23805,-0.2414672225853182,0.27244823234371446,0.7551,-0.15336625626841788,0.1938305307392577,0.1931,-0.2550223423760363,0.23160603745308042,0.74195,-0.15523572872499006,0.18400365190174692,0.19945,-0.25275934403106765,0.2384245548007236,0.73405,-0.15634034014889595,0.17819726380167475
garch,1000,0.000629940788348712,0.01,,,0.08,0.88,,,,garch,1.0,-0.2567046299808995,-0.33189009128955016,-0.19024071503111473,0.0189,-0.378011388838708,-0.138965575531209,0.34195,-0.21752763014570314,-0.14343362360746761,0.0319,-0.3532231123490114,-0.06427736657208516,0.4089,-0.20494165382186955,-0.07727546013665064,0.06415,-0.3195392534107317,0.037213638499509316,0.5279,-0.18611943543960136,0.021663499271642864,0.0185,-0.37897042903708567,-0.1418552074411324,0.3392,-0.21797692478866418,-0.1457953401458414,0.01775,-0.3806737181698626,-0.1469872953746976,0.3282,-0.2200313532186429,-0.15659443974785195
garch,1000,0.000629940788348712,0.01,,,0.08,0.88,,,,garch,1.0,-0.17763398198072183,-0.33189009128955016,-0.19024071503111473,0.1781,-0.25988187827402104,0.21696403389369992,0.7188,-0.15852633922276343,0.16670656333037995,0.1856,-0.25755907349635143,0.22396275075398464,0.7084,-0.16008611130108202,0.15850762401256105,0.122,-0.2834174842209503,0.1460501784800529,0.62065,-0.17299682064246957,0.09064250197874223,0.19135,-0.25573585566981233,0.22945618931810396,0.73155,-0.15668164277833144,0.17640320710156368,0.1789,-0.2597261415746738,0.2174332756801665,0.73165,-0.15666268277473394,0.17650287032872508
garch,1000,0.000629940788348712,0.01,,,0.08,0.88,,,,garch,1.0,-0.25174423768109766,-0.33189009128955016,-0.19024071503111473,0.0,-0.6107914851947078,-0.840342635182309,0.0189,-0.3780852377154431,-0.9874044189415792,0.00015,-0.5700598625241666,-0.7176163961666169,0.03605,-0.3474174531260297,-0.8261992606010127,0.00055,-0.5217870679298958,-0.5721682617956625,0.06245,-0.32099510175782064,-0.6873102148786628,0.0005,-0.5314939915297218,-0.6014156658447257,0.05315,-0.3287358268667837,-0.7279993234519618,0.00055,-0.5258228877604814,-0.5843283712310013,0.0512,-0.3307171876846091,-0.7384143432730413
garch,1000,0.000629940788348712,0.01,,,0.08,0.88,,,,garch,1.0,-0.2818022280135119,-0.33189009128955016,-0.19024071503111473,0.0576,-0.32469220940913135,0.021687546779271507,0.5001,-0.19023479278551286,3.113027408930369e-05,0.0804,-0.30764923075212947,0.07303881969851367,0.5784,-0.17915685275950244,0.058262303470629155,0.04075,-0.341683008214746,-0.029506505865076388,0.45845,-0.19675346619363446,-0.03423426558008122,0.05265,-0.32913209669843996,0.00830996364005351,0.50815,-0.18908760505327388,0.006061320667619721,0.0605,-0.322493128947631,0.02831347662537173,0.5042,-0.18965942175645972,0.0030555671248393415
garch,1000,0.000629940788348712,0.01,,,0.08,0.88,,,,garch,1.0,-0.1417591349210198,-0.33189009128955016,-0.19024071503111473,0.04925,-0.33268339477235803,-0.002390259617952174,0.50085,-0.19008008490034892,0.0008443520133928113,0.0231,-0.3691319607001581,-0.11221145309251512,0.3577,-0.21443206575974205,-0.12716179459623414,0.0633,-0.32028848848943764,0.03495615899539151,0.4768,-0.19380951281359915,-0.018759379567621633,0.05505,-0.3273542681219513,0.013666642321182452,0.50135,-0.19001700148100045,0.0011759499015638404,0.0547,-0.32757969200555037,0.012987429866471296,0.4815,-0.19309967415051263,-0.015028113823743286
garch,1000,0.000629940788348712,0.01,,,0.08,0.88,,,,garch,1.0,-0.12294403300224038,-0.33189009128955016,-0.19024071503111473,0.1498,-0.2706486267959556,0.18452332896002555,0.68095,-0.1642471400352602,0.1366351834390612,0.18415,-0.2580672119636665,0.22243170634907122,0.7431,-0.15507053061325454,0.18487201549945784,0.3626,-0.21355780965088003,0.3565405679298625,0.85905,-0.13738985929548458,0.2778104346747548,0.13695,-0.2762768834642835,0.1675651346178581,0.6921,-0.16250272968593174,0.14580467351926382,0.1562,-0.268190537429022,0.19192966446520063,0.68275,-0.16393648622778867,0.13826813465784063
garch,1000,0.000629940788348712,0.01,,,0.08,0.88,,,,garch,1.0,-0.27773699338423063,-0.33189009128955016,-0.19024071503111473,0.0006,-0.5082759750064886,-0.5314587218666148,0.0977,-0.2967232253623942,-0.5597251372497406,0.0008,-0.49734749693545927,-0.49853071841653585,0.1135,-0.2880302537174262,-0.5140305463544833,0.0021,-0.4712200781014035,-0.41980761242521686,0.14825,-0.27128946787558816,-0.4260326336095696,0.00055,-0.5148971634671984,-0.5514086650390166,0.0939,-0.2991288545487061,-0.5723703230393252,0.00055,-0.5154930175975251,-0.5532040007419041,0.08545,-0.3046712017684312,-0.6015036619190632
garch,1000,0.000629940788348712,0.01,,,0.08,0.88,,,,garch,1.0,-0.27757000890478806,-0.33189009128955016,-0.19024071503111473,0.0004,-0.5455576160097196,-0.6437900085837753,0.0541,-0.328066990266249,-0.7244835849812286,0.00055,-0.524664356267489,-0.5808376629411246,0.0698,-0.3151467868553381,-0.656568557386858,0.001,-0.49263560156333763,-0.48433356250322224,0.10295,-0.29372766533106154,-0.5439789809611526,0.00045,-0.5348568532201321,-0.6115481216747386,0.06635,-0.31779882857221153,-0.670509010230718,0.0004,-0.5447942429383064,-0.6414899306620537,0.05365,-0.32842026687501347,-0.7263405828836317
garch,1000,0.000629940788348712,0.01,,,0.08,0.88,,,,garch,1.0,-0.2943695671118606,-0.33189009128955016,-0.19024071503111473,0.00095,-0.4936295036195754,-0.4873282347827591,0.1116,-0.28879323231849885,-0.5180411420934021,0.0015,-0.47891306553142005,-0.4429869348332034,0.1289,-0.2799209164364037,-0.4714038285160008,0.00505,-0.44174841725200953,-0.3310081525350991,0.1884,-0.25647288263603096,-0.34814927810844104,0.00155,-0.47793578370376966,-0.4400423400613222,0.11385,-0.28787063339663344,-0.5131915024055229,0.00125,-0.48865844192447877,-0.47235019890412916,0.11855,-0.2851273706066293,-0.4987715461435026
garch,1000,0.000629940788348712,0.01,,,0.08,0.88,,,,garch,1.0,-0.11755749404478257,-0.33189009128955016,-0.19024071503111473,0.0871,-0.30330047649651276,0.08614181484585215,0.59245,-0.17701641572666282,0.06951350714955529,0.073,-0.31314569539700016,0.0564777207409813,0.5587,-0.18184039639469005,0.04415626084590131,0.2943,-0.22730830117315162,0.31510970909088837,0.80935,-0.14527834616580843,0.23634461665029224,0.07895,-0.30881229561277,0.0695344521649079,0.59125,-0.17719358299584012,0.06858222769579418,0.08025,-0.3077093938839281,0.07285754543520298,0.5902,-0.17735768895734627,0.0677196049839351
garch,1000,0.000629940788348712,0.01,,,0.08,0.88,,,,garch,1.0,-0.2013548740623081,-0.33189009128955016,-0.19024071503111473,0.1258,-0.28176211917928945,0.15103786893874957,0.6466,-0.16929230781385385,0.11011526745909608,0.06195,-0.32133427550711835,0.03180515495782796,0.511,-0.1886359486053733,0.00843545202970329,0.07025,-0.31476791652263825,0.051589894414696615,0.51035,-0.18874791404245203,0.007846905897186843,0.10755,-0.29106260791989363,0.12301507167936958,0.63425,-0.17106916342729916,0.10077522890239331,0.1098,-0.28982197874427984,0.12675314403577337,0.64685,-0.16924284560337935,0.11037526548563004
garch,1000,0.000629940788348712,0.01,,,0.08,0.88,,,,garch,1.0,-0.14344549791164946,-0.33189009128955016,-0.19024071503111473,0.2467,-0.23913352237236593,0.27947977764801907,0.818,-0.14383578046553602,0.2439274608381753,0.1654,-0.26453355214890334,0.20294832810143493,0.7263,-0.15736061907525137,0.1728341693337605,0.28595,-0.22939997923740227,0.3088073875719678,0.8205,-0.14344549791164915,0.2459789804291474,0.24825,-0.2387166210630882,0.2807359203296456,0.82685,-0.1424106839668432,0.25141847819720775,0.28285,-0.2302128681880431,0.3063581160451127,0.818,-0.14383655078426621,0.24392341165905995
garch,1000,0.000629940788348712,0.01,,,0.08,0.88,,,,garch,1.0,-0.16366530603361795,-0.33189009128955016,-0.19024071503111473,0.277,-0.23159732178337866,0.3021866941446989,0.83225,-0.14161830236170508,0.25558363077776086,0.31405,-0.22274155189199113,0.3288695332043969,0.85945,-0.1373361033468738,0.27809300272861226,0.2414,-0.240585456457613,0.27510503395017133,0.7996,-0.14685787803412043,0.22804181002946106,0.2869,-0.2292102398998722,0.30937908085992605,0.8449,-0.13959544849417374,0.2662167587451389,0.2546,-0.2371151835043306,0.2855611248198889,0.8376,-0.14075602767416273,0.26011617622893474
garch,1000,0.000629940788348712,0.01,,,0.08,0.88,,,,garch,1.0,-0.14812652864410253,-0.33189009128955016,-0.19024071503111473,0.15545,-0.2685196147937206,0.19093813933885537,0.709,-0.1599828631372205,0.15905034781300853,0.17795,-0.26005178228138237,0.21645210536127168,0.7197,-0.15840657433484873,0.16733610726315543,0.2931,-0.22766907021298757,0.31402269550023193,0.8088,-0.14538468679685068,0.23578563730128768,0.1507,-0.270352457561183,0.18541570038823496,0.7182,-0.15862778317600745,0.16617332336002225,0.14695,-0.2719159631683584,0.18070478660017794,0.70915,-0.15995685411600077,0.15918706418949746
garch,1000,0.000629940788348712,0.01,,,0.08,0.88,,,,garch,1.0,-0.20075000414451757,-0.33189009128955016,-0.19024071503111473,0.01765,-0.38110644028562096,-0.14829110686866842,0.3382,-0.21820204010344374,-0.14697865842102104,0.0195,-0.37638848426493965,-0.1340756899444999,0.3609,-0.21383264478012484,-0.1240109392206161,0.0184,-0.3791482872827524,-0.14239110245678555,0.3042,-0.22486998568811337,-0.1820287032212577,0.01955,-0.37627941868835413,-0.13374707038203645,0.37135,-0.21198589937859255,-0.11430352510986569,0.01705,-0.38223781289609426,-0.15169998420537162,0.3421,-0.21749364669271037,-0.14325498964371694
garch,1000,0.000629940788348712,0.01,,,0.08,0.88,,,,garch,1.0,-0.21639285831027924,-0.33189009128955016,-0.19024071503111473,0.06265,-0.3208716540557974,0.03319905451512861,0.46455,-0.19590708517748368,-0.02978526518596289,0.1057,-0.292020251651772,0.12012964738677487,0.5774,-0.17926938994626596,0.05767075193685201,0.1064,-0.29171175349381184,0.12105916642351824,0.5753,-0.1795454633669506,0.05621957246331245,0.0509,-0.3310682114573484,0.0024763614635447085,0.4614,-0.1963425799373514,-0.03207444266196484,0.0568,-0.32568742262518663,0.018688923915333614,0.46235,-0.19622340623458284,-0.0314480062929201
garch,1000,0.000629940788348712,0.01,,,0.08,0.88,,,,garch,1.0,-0.18918969264180294,-0.33189009128955016,-0.19024071503111473,0.01605,-0.38521430221444286,-0.16066828243561865,0.30945,-0.2236067996193625,-0.1753887677660936,0.01585,-0.3856275148592054,-0.16191331100262704,0.2927,-0.22775805035857777,-0.19720981032544432,0.03425,-0.3502437205852625,-0.055300323141314,0.4093,-0.20487559495255342,-0.07692822180070702,0.015,-0.3885149607341051,-0.17061331727181273,0.3025,-0.22528517298857487,-0.18421113457089594,0.01465,-0.3902241233232118,-0.17576310219749655,0.3093,-0.22366968418130076,-0.17571932036062088
garch,1000,0.000629940788348712,0.01,,,0.08,0.88,,,,garch,1.0,-0.1676903581873128,-0.33189009128955016,-0.19024071503111473,0.0835,-0.30584043257570726,0.07848881119839296,0.6084,-0.17472090010315164,0.08157988118066499,0.0849,-0.3049033659380359,0.08131223576653959,0.61355,-0.17403594241067882,0.08518036014417597,0.11245,-0.288536496096296,0.13062636195255156,0.6379,-0.17055067085962414,0.10350068421615317,0.0849,-0.3049246151536435,0.08124821090962077,0.5808,-0.17881599756398864,0.06005400823508009,0.0771,-0.31002615403402767,0.06587704131379983,0.5666,-0.18083222808528454,0.04945569587609774
garch,1000,0.000629940788348712,0.01,,,0.08,0.88,,,,garch,1.0,-0.1922380984586312,-0.33189009128955016,-0.19024071503111473,0.05505,-0.32735812673622294,0.01365501614018782,0.46375,-0.19604468018690308,-0.03050853312257097,0.0975,-0.2968272626794449,0.10564590366006271,0.59725,-0.1763917561304188,0.07279702927120973,0.0851,-0.3048362620719999,0.08151442277903913,0.52885,-0.18597974318913474,0.022397791352303773,0.05975,-0.32300164616263144,0.026781291036387687,0.4815,-0.1931000514703085,-0.015030097204618502,0.05415,-0.32804747433408815,0.011577980350457652,0.51225,-0.1884362979495965,0.009484915367475982
garch,1000,0.000629940788348712,0.01,,,0.08,0.88,,,,garch,1.0,-0.10032501697756813,-0.33189009128955016,-0.19024071503111473,0.2713,-0.23298806169745045,0.2979963312788836,0.78835,-0.14854692310037726,0.2191633474670144,0.342,-0.2175133477434239,0.34462235103711125,0.8695,-0.1356267605330607,0.28707816036709954,0.42165,-0.20269246098891958,0.3892783595877678,0.8861,-0.1324872017941373,0.30358124562101,0.26865,-0.23364300179001388,0.2960229668737618,0.7912,-0.14802362117192547,0.22191408317764397,0.2456,-0.2395103914044585,0.2783442540455269,0.77895,-0.1499810568301916,0.21162482591772463
garch,1000,0.000629940788348712,0.01,,,0.08,0.88,,,,garch,1.0,-0.1799097933311565,-0.33189009128955016,-0.19024071503111473,0.0258,-0.36386510458750804,-0.09634217512707237,0.38945,-0.2085380354173501,-0.09617983397109696,0.03265,-0.35256293748314815,-0.06228822955597799,0.4216,-0.20272153363925724,-0.06560540211437504,0.0601,-0.322803537989873,0.027378200007031263,0.47365,-0.19446591906686855,-0.022209777938769708,0.03245,-0.3527595569070729,-0.06288065285840555,0.39045,-0.2083956354347819,-0.09543130870117816,0.0241,-0.3675138839570486,-0.10733611398003215,0.3974,-0.20704076447892378,-0.08830943179046256
garch,1000,0.000629940788348712,0.01,,,0.08,0.88,,,,garch,1.0,-0.12303025798452964,-0.33189009128955016,-0.19024071503111473,0.3308,-0.21951202117649424,0.33860025671876465,0.83115,-0.1417458544685652,0.25491315334163867,0.27585,-0.23186186937138156,0.30138960018213135,0.82125,-0.14336109471872258,0.24642264567143146,0.38615,-0.20905688036841188,0.3701020733818027,0.88005,-0.13363129500584958,0.2975673215694465,0.27845,-0.23128230948319978,0.3031358405893997,0.82765,-0.14234125676789883,0.2517834221522019,0.29695,-0.22665168383307374,0.31708812711935863,0.8283,-0.14219636968205257,0.25254502087633707
garch,1000,0.000629940788348712,0.01,,,0.08,0.88,,,,garch,1.0,-0.17740446214795919,-0.33189009128955016,-0.19024071503111473,0.0269,-0.3615273266360332,-0.08929834341039937,0.38015,-0.2101856851949862,-0.10484070226822576,0.02335,-0.3685160201410926,-0.11035559606264034,0.36335,-0.213366795293634,-0.12156220217494926,0.0903,-0.3012557771920377,0.09230258721639933,0.56365,-0.18119421528489998,0.04755291076747239,0.02555,-0.36463214442655273,-0.09865330118710139,0.3741,-0.21144153688122597,-0.11144208455400176,0.0197,-0.37599539825077644,-0.13289130383452025,0.37925,-0.21040022359462396,-0.1059684230066737
garch,1000,0.000629940788348712,0.01,,,0.08,0.88,,,,garch,1.0,-0.10683695198955633,-0.33189009128955016,-0.19024071503111473,0.3036,-0.2250010031217413,0.3220617034768774,0.8572,-0.13769646353441586,0.2761987700062261,0.3892,-0.20859309281949173,0.3714994864444166,0.8887,-0.1320504944692688,0.3058767969429081,0.5315,-0.1856816612604646,0.44053267592592654,0.94235,-0.12016423612479944,0.36835689402688565,0.3163,-0.22235131106078934,0.33004534664819546,0.85005,-0.13880734061868777,0.2703594464729319,0.31265,-0.22303103582208597,0.32799730490444956,0.8532,-0.1382987301263388,0.273032956674288
garch,1000,0.000629940788348712,0.01,,,0.08,0.88,,,,garch,1.0,-0.4323333547904276,-0.33189009128955016,-0.19024071503111473,0.00655,-0.42882185092192937,-0.2920598179227148,0.21425,-0.24810605853837892,-0.3041690812495109,0.00365,-0.4489057999141726,-0.3525736733204689,0.16665,-0.26385357314145347,-0.38694586539111264,0.002,-0.4724375370323968,-0.42347587177656704,0.1704,-0.2626913546131334,-0.38083666564315144,0.0089,-0.41742726642889544,-0.2577274145395328,0.2165,-0.2474417650389301,-0.30067722358202803,0.0064,-0.4308142330385831,-0.29806295621742074,0.20535,-0.25071197295167397,-0.3178670659993519
garch,1000,0.000629940788348712,0.01,,,0.08,0.88,,,,garch,1.0,-0.1851412620551087,-0.33189009128955016,-0.19024071503111473,0.1892,-0.2563192739331522,0.2276983234503012,0.75405,-0.15353020038746873,0.1929687587519939,0.20445,-0.2510669394808581,0.24352384698999546,0.76475,-0.1520129932667834,0.20094395544128918,0.1635,-0.26525461056375366,0.2007757461721322,0.7038,-0.16078856849325696,0.15481515895816908,0.18725,-0.25692271295894914,0.22588013411101626,0.72365,-0.15783653384040477,0.17033252416765834,0.1675,-0.2635691903286313,0.20585399430112483,0.7274,-0.1572604704741566,0.1733606002877148
garch,1000,0.000629940788348712,0.01,,,0.08,0.88,,,,garch,1.0,-0.23366805398902568,-0.33189009128955016,-0.19024071503111473,0.0167,-0.38333943307607365,-0.1550192161104251,0.2896,-0.228441152881802,-0.20080053759490665,0.0139,-0.39192244410622096,-0.18088022026634384,0.21905,-0.24672977286560385,-0.2969346379151807,0.01785,-0.380467911045423,-0.14636718911108493,0.24925,-0.23845115138212208,-0.25341807794994003,0.0222,-0.3706358168033121,-0.1167426402012077,0.2825,-0.23026414436631426,-0.21038308928061758,0.0155,-0.38660131133877673,-0.16484740426159628,0.27345,-0.23250301944673155,-0.22215173239179967
garch,1000,0.000629940788348712,0.01,,,0.08,0.88,,,,garch,1.0,-0.18725820299076176,-0.33189009128955016,-0.19024071503111473,0.32515,-0.22056098856054993,0.3354396700920897,0.86,-0.1372536906052088,0.2785262051671728,0.2755,-0.23196597252673373,0.3010759326214408,0.8374,-0.14078607489789977,0.25995823304767557,0.15145,-0.27005214502602337,0.18632055576970402,0.6507,-0.16856431993204601,0.11394193454079186,0.3371,-0.21832685950962846,0.3421712029385233,0.86855,-0.13576200504312894,0.28636724782639483,0.3308,-0.2195142540455047,0.33859352898247763,0.8692,-0.13567697009894647,0.2868142338680976
garch,1000,0.000629940788348712,0.01,,,0.08,0.88,,,,garch,1.0,-0.08647405810504862,-0.33189009128955016,-0.19024071503111473,0.20675,-0.2503867061953466,0.24557342094042137,0.7722,-0.150993254209484,0.2063042120884145,0.2999,-0.22595381852334404,0.31919082716387687,0.85165,-0.13855505198902265,0.27168560123230534,0.7591,-0.15279072789729947,0.5396345600327049,0.98465,-0.10335050528528522,0.45673824202993674,0.23905,-0.241149510610432,0.27340551303158234,0.78965,-0.14836609577567123,0.2201138659965335,0.2288,-0.2441383175580851,0.2644001012217866,0.79035,-0.1482422984219962,0.2207646065788256
garch,1000,0.000629940788348712,0.01,,,0.08,0.88,,,,garch,1.0,-0.2630171944318745,-0.33189009128955016,-0.19024071503111473,0.01095,-0.4030075943955111,-0.21428028426409404,0.3013,-0.2256172170238952,-0.18595652348654435,0.0163,-0.3844588600478065,-0.15839210069213508,0.31995,-0.22169659120419136,-0.16534776043042038,0.00505,-0.4416293673442598,-0.3306494497269279,0.2055,-0.2506973148097112,-0.3177900155006699,0.01335,-0.394006994140807,-0.18716106470640095,0.29785,-0.2263929457725133,-0.19003414035468538,0.0169,-0.3826864108720311,-0.15305163039099232,0.32455,-0.22074632561171972,-0.16035269093482785
garch,1000,0.000629940788348712,0.01,,,0.08,0.88,,,,garch,1.0,-0.124893178631747,-0.33189009128955016,-0.19024071503111473,0.0958,-0.2980471987356937,0.10197018061720617,0.59485,-0.17668966101012673,0.07123109276987137,0.0897,-0.3016872817781699,0.09100244419478766,0.565,-0.18102064305794313,0.04846529288782168,0.25515,-0.2369485231814856,0.28606327998275455,0.79065,-0.1481726552755554,0.2211306856614732,0.09345,-0.299459966063954,0.09771344814661322,0.58445,-0.17825805492109834,0.06298683280314928,0.09675,-0.29741112293486915,0.10388670604992721,0.57485,-0.17964500862515692,0.055696312980241004
garch,1000,0.000629940788348712,0.01,,,0.08,0.88,,,,garch,1.0,-0.2859960658165644,-0.33189009128955016,-0.19024071503111473,0.02895,-0.35725188271683284,-0.07641623565421947,0.418,-0.20328327843973848,-0.06855821271745421,0.01575,-0.3862651207473178,-0.16383444665821412,0.3115,-0.22323018032931874,-0.17340906909863346,0.03135,-0.35398369340793534,-0.0665690320326861,0.38705,-0.20895986846306247,-0.09839719866951795,0.02335,-0.368589213457667,-0.11057613086767176,0.4179,-0.2032971147712091,-0.06863094337066036,0.02615,-0.36264925883914384,-0.09267877636864587,0.41265,-0.20423747556382355,-0.07357394830238935
garch,1000,0.000629940788348712,0.01,,,0.08,0.88,,,,garch,1.0,-0.24382246139798794,-0.33189009128955016,-0.19024071503111473,0.17725,-0.26034659275022226,0.21556382795686224,0.6878,-0.16316181091275522,0.142340214154108,0.1968,-0.2536409523072293,0.2357682288081754,0.72675,-0.15730644145852454,0.17311895388536377,0.15685,-0.2679167901153255,0.19275447762136588,0.6547,-0.1679939038310661,0.11694032582042206,0.18305,-0.2584846645170752,0.22117390274370688,0.6936,-0.16229194229637095,0.14691267707952332,0.1717,-0.2623227540158835,0.20960956382688198,0.69085,-0.16265255416567315,0.14501712139238654
garch,1000,0.000629940788348712,0.01,,,0.08,0.88,,,,garch,1.0,-0.14177584447872324,-0.33189009128955016,-0.19024071503111473,0.2271,-0.24459807156358238,0.2630148414096876,0.80095,-0.1466125957064009,0.2293311361743897,0.3501,-0.21594194860229712,0.3493570484034025,0.8973,-0.13065546572392428,0.3132097632068141,0.1842,-0.25804743263505636,0.22249130236934794,0.7694,-0.15133996290930712,0.20448173838836345,0.2704,-0.2332552151119447,0.29719138584210897,0.81135,-0.14496398337860308,0.23799706411483174,0.22045,-0.24638436014908796,0.25763267233508524,0.8279,-0.1422791854450809,0.252109699956655
garch,1000,0.000629940788348712,0.01,,,0.08,0.88,,,,garch,1.0,-0.15200811559195315,-0.33189009128955016,-0.19024071503111473,0.21595,-0.24759137586073257,0.25399587888049674,0.77205,-0.15100584641146295,0.20623802119979806,0.23805,-0.24147740718958963,0.27241754566598975,0.8069,-0.14568392692939008,0.2342126820456766,0.2982,-0.22633664693980904,0.3180373476641499,0.80835,-0.14543195021607686,0.23553719721726865,0.2396,-0.24099762081045212,0.2738631639345958,0.77725,-0.15021835961231422,0.21037744424086435,0.22325,-0.24548460407848968,0.26034367846094547,0.77865,-0.15002956769963233,0.21136982861374173
garch,1000,0.000629940788348712,0.01,,,0.08,0.88,,,,garch,1.0,-0.29574053302325615,-0.33189009128955016,-0.19024071503111473,0.12055,-0.28407954068584124,0.1440553721201567,0.6534,-0.16815675010824066,0.11608432463714266,0.1284,-0.28013436950069365,0.1559423530475436,0.664,-0.16672296897361488,0.1236209927704141,0.07225,-0.3135902453964985,0.05513827129321066,0.52345,-0.1868097434138726,0.018034896560817554,0.13145,-0.2786999778820757,0.1602642404924043,0.65695,-0.16761326589749403,0.11894114848085947,0.1292,-0.2798508040066056,0.1567967488295516,0.6655,-0.16655385862317945,0.12450992104430002
garch,1000,0.000629940788348712,0.01,,,0.08,0.88,,,,garch,1.0,-0.11718907728283323,-0.33189009128955016,-0.19024071503111473,0.1401,-0.27501458018642894,0.1713685120340078,0.69835,-0.1617021382336843,0.1500129811473996,0.18805,-0.256524357847263,0.2270803962524328,0.7597,-0.15270299222415762,0.19731697707726573,0.26525,-0.23458339999661357,0.2931895041363061,0.81235,-0.14481907618403317,0.23875876854043912,0.15685,-0.2679335077997665,0.1927041064747732,0.69005,-0.16280784934279624,0.1442008125538832,0.13875,-0.27550524720485314,0.16989010990239328,0.70045,-0.16137504332246816,0.15173235500048166
garch,1000,0.000629940788348712,0.01,,,0.08,0.88,,,,garch,1.0,-0.14538046595963255,-0.33189009128955016,-0.19024071503111473,0.0863,-0.3041401835150393,0.08361173925587634,0.5726,-0.17991018511095128,0.054302413226705155,0.0755,-0.3112737747672336,0.062117903075118615,0.52455,-0.18659979095526463,0.019138511307921675,0.1227,-0.2831470423981357,0.14686503204125387,0.62205,-0.1727456048022405,0.09196301762224153,0.09355,-0.29939896190128945,0.09789725647432644,0.5658,-0.18094560539645793,0.04885972822976689,0.08635,-0.30389897843573915,0.08433850117384427,0.5445,-0.1839139988421567,0.033256373053072594
garch,1000,0.000629940788348712,0.01,,,0.08,0.88,,,,garch,1.0,-0.10078719909661148,-0.33189009128955016,-0.19024071503111473,0.29655,-0.2267569786074241,0.3167708691562141,0.8841,-0.1328601859869895,0.3016206548358503,0.3847,-0.20923888314389047,0.36955369070857663,0.89415,-0.13123162401773358,0.3101811881001916,0.5899,-0.17741027079209087,0.46545475309983503,0.96575,-0.11258773188866285,0.4081827758571628,0.3091,-0.22369076120798048,0.32600952219201257,0.87,-0.135508279789691,0.2877009541962245,0.32465,-0.22066869584550353,0.33511514312433627,0.8725,-0.13504291172323918,0.29014716065826235
garch,1000,0.000629940788348712,0.01,,,0.08,0.88,,,,garch,1.0,-0.2960745688378772,-0.33189009128955016,-0.19024071503111473,0.0206,-0.37488052188131143,-0.12953213042523534,0.34185,-0.21753867043751257,-0.14349165688287674,0.0184,-0.3791625358746948,-0.14243403411493483,0.3168,-0.22229594101278732,-0.16849824169568445,0.01665,-0.3836135831294221,-0.15584524273955183,0.37925,-0.21038944927593503,-0.10591178781852711,0.01805,-0.37999586182721795,-0.14494488326166682,0.34935,-0.21607844482414523,-0.13581598339138196,0.01835,-0.3793747914276589,-0.1430735697881434,0.3407,-0.21770019607069124,-0.14434071610320323
garch,1000,0.000629940788348712,0.01,,,0.08,0.88,,,,garch,1.0,-0.21263301797390563,-0.33189009128955016,-0.19024071503111473,0.2082,-0.2500119195518865,0.2467026702108767,0.77905,-0.14996733287796477,0.21169696584962408,0.17605,-0.26087014503690237,0.21398634101036784,0.72565,-0.1574804578294473,0.17220423712300142,0.06775,-0.3167526537034163,0.04560979066087127,0.55275,-0.18269961317590921,0.0396397892741947,0.22505,-0.24506955644244646,0.261594235940473,0.7597,-0.15269930727088574,0.19733634702796887,0.1892,-0.2563155013299412,0.22770969047604256,0.78125,-0.1496033144160376,0.21361042828518959
garch,1000,0.000629940788348712,0.01,,,0.08,0.88,,,,garch,1.0,-0.19151684221247786,-0.33189009128955016,-0.19024071503111473,0.0935,-0.29944224370124195,0.09776684643471265,0.5384,-0.18479436065283417,0.028628752669426123,0.10735,-0.29122383593099704,0.1225292843198345,0.62265,-0.1727040840262981,0.09218127151145548,0.08485,-0.3049619414136899,0.0811357451836892,0.5471,-0.18344882374718333,0.03570156516085716,0.08805,-0.30268771304146513,0.08798809911624646,0.54465,-0.18384693762839927,0.0336088802108935,0.0757,-0.31115717538335647,0.0624692223429645,0.5336,-0.18540446013651524,0.02542176575507771
garch,1000,0.000629940788348712,0.01,,,0.08,0.88,,,,garch,1.0,-0.2916531653171285,-0.33189009128955016,-0.19024071503111473,0.0109,-0.4033574641969844,-0.21533445795187703,0.23785,-0.24154885415505706,-0.2697011473887209,0.00795,-0.42068533833417066,-0.2675441339619659,0.2185,-0.246893359284014,-0.2977945296496257,0.00545,-0.43625486124094565,-0.3144558174240422,0.1956,-0.2541991492341289,-0.33619740228874495,0.00945,-0.41357641300214837,-0.24612461732499505,0.23685,-0.24188248396935144,-0.271454871948891,0.0099,-0.4092385198036255,-0.23305434703862382,0.2437,-0.23996418404351638,-0.26137133160096226
garch,1000,0.000629940788348712,0.01,,,0.08,0.88,,,,garch,1.0,-0.13477255130419638,-0.33189009128955016,-0.19024071503111473,0.1423,-0.2738528452456213,0.17486887245842944,0.6509,-0.1685405384481129,0.11406694187126382,0.1229,-0.2830801499466068,0.14706658205218973,0.61115,-0.17437793141088137,0.08338269553727722,0.20825,-0.24997017117539497,0.24682845997558261,0.73145,-0.15668408580962068,0.17639036531168267,0.1345,-0.27736904274004354,0.16427440884922637,0.6503,-0.168618653710999,0.11365632912270832,0.13035,-0.27930577798340334,0.15843893712473267,0.65015,-0.1686919616784743,0.11327098591442965
garch,1000,0.000629940788348712,0.01,,,0.08,0.88,,,,garch,1.0,-0.3617911237280103,-0.33189009128955016,-0.19024071503111473,0.01145,-0.3989517715961477,-0.20205990497044113,0.3011,-0.2256950802239815,-0.18636581126741478,0.0097,-0.41126231077865905,-0.23915212165783628,0.24085,-0.24073065482682954,-0.26540028398998056,0.0034,-0.45115263604168526,-0.3593434931689092,0.18785,-0.25660400122028515,-0.34883850272701306,0.01665,-0.3835532128896914,-0.15566334445058472,0.31325,-0.22291410646749416,-0.17174762737322316,0.01065,-0.4045384828701458,-0.21889292114242478,0.3074,-0.2241250693248792,-0.17811305160529134
garch,1000,0.000629940788348712,0.01,,,0.08,0.88,,,,garch,1.0,-0.1548747649960549,-0.33189009128955016,-0.19024071503111473,0.184,-0.25820533650953753,0.2220155307852442,0.72735,-0.15726758299186647,0.17332321335028286,0.14025,-0.2749372902196048,0.1716013902333052,0.65795,-0.1675216780502337,0.11942257984661807,0.1704,-0.2627030716486146,0.208463649433194,0.6903,-0.16277696140087006,0.14436317496889584,0.17385,-0.2615864550388423,0.21182806626598863,0.7208,-0.15827895569251532,0.16800693444288156,0.1814,-0.2590233027452867,0.219550961166516,0.7299,-0.15691631516380092,0.17516965210030594
garch,1000,0.000629940788348712,0.01,,,0.08,0.88,,,,garch,1.0,-0.24943104084779494,-0.33189009128955016,-0.19024071503111473,0.01115,-0.4014981962305106,-0.20973239866999335,0.2757,-0.23189536918293585,-0.21895761979767747,0.0149,-0.38918560184234746,-0.1726339895541235,0.34255,-0.21734377656910123,-0.14246719758992532,0.01235,-0.39671159278391316,-0.19531014391692372,0.28205,-0.2303743677916129,-0.21096247853112907,0.01235,-0.39660907809412954,-0.19500126247552457,0.28135,-0.23059107157510617,-0.2121015816061875,0.013,-0.39543729725291016,-0.19147063329444097,0.29785,-0.22639177536552302,-0.1900279881123009
garch,1000,0.000629940788348712,0.01,,,0.08,0.88,,,,garch,1.0,-0.2669552984228481,-0.33189009128955016,-0.19024071503111473,0.04115,-0.3410016108616664,-0.027453424525913647,0.39775,-0.2069364496822143,-0.08776110123623598,0.05045,-0.33147906625009915,0.0012384372123132102,0.45805,-0.19681185372910248,-0.034541179562498046,0.0174,-0.38154225462268,-0.14960423536661688,0.29945,-0.2260430241439242,-0.188194777899956,0.0384,-0.3448691952834661,-0.039106632992524655,0.40245,-0.2061431996690008,-0.08359138387008874,0.03895,-0.3442017560587618,-0.03709560813152026,0.40185,-0.20625963501340167,-0.0842034260629591
garch,1000,0.000629940788348712,0.01,,,0.08,0.88,,,,garch,1.0,-0.1161204043263854,-0.33189009128955016,-0.19024071503111473,0.12395,-0.2826871569330611,0.14825068794706206,0.62715,-0.17206435500236525,0.0955440060545223,0.1496,-0.2707035482393583,0.18435784814320047,0.6794,-0.16446016990537954,0.13551539228350074,0.31735,-0.22223243532337553,0.3304035246731914,0.86115,-0.13707177912882584,0.27948242253816624,0.1263,-0.28131371075127115,0.1523889440078365,0.6317,-0.17141158193115683,0.09897530661025065,0.1135,-0.28802312552915516,0.132173170913151,0.6432,-0.1697874095822404,0.10751276584262785
garch,1000,0.000629940788348712,0.01,,,0.08,0.88,,,,garch,1.0,-0.23437875359934107,-0.33189009128955016,-0.19024071503111473,0.0547,-0.3275589227408064,0.013050008609522292,0.5275,-0.18617638071202086,0.02136416654252548,0.03695,-0.3466316033856063,-0.04441684908030356,0.45615,-0.19711501017543237,-0.03613472091499089,0.0462,-0.3363848005862284,-0.013542764350734754,0.4538,-0.19758692340676184,-0.03861533202524818,0.04745,-0.3350994827249795,-0.00967004294391363,0.52745,-0.18618498718992257,0.02131892660584681,0.0604,-0.3225941817033557,0.02800900005804772,0.52075,-0.18713463251297383,0.016327117555423862
garch,1000,0.000629940788348712,0.01,,,0.08,0.88,,,,garch,1.0,-0.16779691766849603,-0.33189009128955016,-0.19024071503111473,0.0953,-0.29841223777220577,0.10087030133158564,0.59025,-0.1773357674829401,0.06783483517744324,0.1258,-0.2817610390004852,0.15104112356681046,0.63405,-0.17109141836812874,0.10065824584318887,0.227,-0.244613151524886,0.2629694047976905,0.77715,-0.1502460717720761,0.21023177531948045,0.08955,-0.3017851307388067,0.09070762080835688,0.58665,-0.17796714184310303,0.06451601691049312,0.09615,-0.29785327997913236,0.10255446668554843,0.5838,-0.17839799134119083,0.0622512572452588
garch,1000,0.000629940788348712,0.01,,,0.08,0.88,,,,garch,1.0,-0.28684840454855237,-0.33189009128955016,-0.19024071503111473,0.2098,-0.24947786725731189,0.24831179416061433,0.75305,-0.1536921739399001,0.1921173450448657,0.0893,-0.30186033397425066,0.09048103002599346,0.553,-0.18267642420565638,0.03976168205749841,0.03335,-0.35140649012770514,-0.058803800867704516,0.41975,-0.20302153950901342,-0.06718238246638385,0.205,-0.25088551285304544,0.24407049370399572,0.7461,-0.1546331800131051,0.18717094819679292,0.20505,-0.2507955986313254,0.24434140935975,0.74985,-0.15411564765327132,0.1898913561796432
garch,1000,0.000629940788348712,0.01,,,0.08,0.88,,,,garch,1.0,-0.1567803077203142,-0.33189009128955016,-0.19024071503111473,0.04715,-0.33533185252174014,-0.010370183752148505,0.46995,-0.1949908300060747,-0.024968971411735236,0.02975,-0.3558675982887877,-0.07224532346257641,0.41665,-0.20349741342204564,-0.06968381289337941,0.06615,-0.31803497503258643,0.041746097942032684,0.5106,-0.1886927626941145,0.008136808867371267,0.05115,-0.3309310458815533,0.0028896476067438613,0.47815,-0.19358535964450135,-0.017581118809607055,0.05145,-0.330414413717678,0.004446283907237071,0.48245,-0.19290125275264025,-0.013985112078086868
garch,1000,0.000629940788348712,0.01,,,0.08,0.88,,,,garch,1.0,-0.16159379615715322,-0.33189009128955016,-0.19024071503111473,0.0428,-0.33914372064143633,-0.021855516456373812,0.47205,-0.19466654177717746,-0.023264350879562606,0.0579,-0.32454203724991,0.02214002235224771,0.54275,-0.18415608146131618,0.03198386617083193,0.1231,-0.28297137619205576,0.14739432234153793,0.6094,-0.17458862401761793,0.08227519020277455,0.0475,-0.33493844542376106,-0.009184830201970164,0.4791,-0.19344790808115117,-0.016858604897021616,0.0407,-0.3417672379522636,-0.02976029391036066,0.4815,-0.19309509904587155,-0.015004064793858532
garch,1000,0.000629940788348712,0.01,,,0.08,0.88,,,,garch,1.0,-0.20073369262037397,-0.33189009128955016,-0.19024071503111473,0.0036,-0.44910754378826384,-0.3531815368252435,0.15385,-0.2690655742732939,-0.41434274061305454,0.00945,-0.4142923688902366,-0.24828182510816924,0.2038,-0.25125027017557483,-0.32069662445539965,0.041,-0.3412798558986076,-0.02829178952759257,0.3639,-0.21330242822371948,-0.1212238567797272,0.00345,-0.4504848517150551,-0.3573314285000439,0.15805,-0.267583744216695,-0.40655350340188995,0.00345,-0.4504562182692191,-0.35724515462026424,0.1529,-0.269521764438157,-0.4167407034507598
garch,1000,0.000629940788348712,0.01,,,0.08,0.88,,,,garch,1.0,-0.2057651255144209,-0.33189009128955016,-0.19024071503111473,0.0513,-0.330621788005581,0.003821455708548554,0.44195,-0.19944120965983744,-0.048362384609508716,0.02665,-0.3617417683286985,-0.0899444660223522,0.3423,-0.21740255517288565,-0.14277616722229244,0.0319,-0.3532118160001513,-0.06424333015714968,0.36385,-0.21331634379455422,-0.1212970039545182,0.0475,-0.3349995096773903,-0.009368819586503957,0.41975,-0.20303866562518702,-0.06727240586737246,0.0409,-0.34152978534032663,-0.02904483834790516,0.42485,-0.20214386187849054,-0.06256887147122528
garch,1000,0.000629940788348712,0.01,,,0.08,0.88,,,,garch,1.0,-0.18433245231145187,-0.33189009128955016,-0.19024071503111473,0.02585,-0.363607385798123,-0.09556565664656076,0.3558,-0.21472591352004539,-0.12870640485621596,0.02785,-0.35914403183758453,-0.08211736735537933,0.37445,-0.21137420242031021,-0.11108814107295072,0.1043,-0.2927868625655456,0.11781981369817342,0.5727,-0.17989319849714233,0.05439170333374752,0.0264,-0.36219104136490254,-0.09129814619538307,0.36465,-0.2131200900923404,-0.12026539669746114,0.0206,-0.37489690331349096,-0.12958148842841005,0.33825,-0.21818030727144122,-0.14686441982599177
garch,1000,0.000629940788348712,0.01,,,0.08,0.88,,,,garch,1.0,-0.4052607010288664,-0.33189009128955016,-0.19024071503111473,0.0004,-0.5403898742799139,-0.628219366779657,0.05845,-0.3240047341626143,-0.7031303425747842,0.00055,-0.5218490750545635,-0.572355092093689,0.06115,-0.32193132006025804,-0.6922314448177128,0.00025,-0.5508678888769468,-0.6597901032132784,0.05535,-0.32716761930554705,-0.7197560430323094,0.00055,-0.5228020685414865,-0.5752265049858912,0.0619,-0.32150146409294267,-0.68997190764532,0.00055,-0.5233913042298786,-0.5770018990210148,0.0578,-0.32458880113847455,-0.7062004896553642
garch,1000,0.000629940788348712,0.01,,,0.08,0.88,,,,garch,1.0,-0.19404663492593974,-0.33189009128955016,-0.19024071503111473,0.0481,-0.33412112655950704,-0.006722211143117452,0.42265,-0.20251247447933324,-0.06450648299030735,0.0424,-0.33943966825904104,-0.02274722014193674,0.41615,-0.2036071433705245,-0.07026060818381398,0.02465,-0.3668864310431006,-0.10544556969921301,0.3218,-0.22128786641415188,-0.1631992992559939,0.04155,-0.3403446544411264,-0.025473984832527663,0.422,-0.20262496480362452,-0.06509778819157766,0.0527,-0.3290509145289771,0.008554569223629129,0.43825,-0.2001210796220805,-0.05193611992758648
garch,1000,0.000629940788348712,0.01,,,0.08,0.88,,,,garch,1.0,-0.1656269165411277,-0.33189009128955016,-0.19024071503111473,0.07535,-0.31143126134636284,0.061643388820965025,0.52345,-0.1868005156045125,0.018083402525266846,0.0834,-0.30591951017487506,0.0782505467812163,0.5661,-0.18091473834062488,0.04902198085706595,0.1263,-0.281315399833011,0.15238385472742655,0.5981,-0.17630089229175927,0.07327465488697062,0.0847,-0.30512396690109644,0.0806475549916379,0.5446,-0.1838745909497243,0.03346352057365436,0.07525,-0.3114734303160472,0.06151633178976384,0.51475,-0.1880345453188229,0.011596727398396225
garch,1000,0.000629940788348712,0.01,,,0.08,0.88,,,,garch,1.0,-0.30286131609635575,-0.33189009128955016,-0.19024071503111473,0.012,-0.39770734108664263,-0.19831037902144438,0.2669,-0.23414385104336738,-0.23077676093191773,0.0241,-0.3675825914471854,-0.10754313278517291,0.34375,-0.21712802509467913,-0.1413331003259048,0.01095,-0.40275415008539195,-0.2135166449847941,0.26015,-0.23568629857036588,-0.23888463377473285,0.0169,-0.3826857635071563,-0.15304967985106419,0.275,-0.23213358313176005,-0.2202097910207789,0.01145,-0.39967558314904555,-0.2042407822303964,0.26815,-0.23379091443151775,-0.22892155022272806
garch,1000,0.000629940788348712,0.01,,,0.08,0.88,,,,garch,1.0,-0.15711174372352582,-0.33189009128955016,-0.19024071503111473,0.1667,-0.26381058164437776,0.2051266712442401,0.6907,-0.16271366922100616,0.14469587020636665,0.23445,-0.2425711726631044,0.26912198035018,0.7638,-0.15215411841105203,0.20020213135675746,0.34585,-0.21667116384773238,0.3471598895710857,0.8172,-0.14394685078075953,0.24334361991219192,0.1649,-0.26478717649661365,0.20218414636065182,0.7026,-0.1609527525519352,0.1539521257286557,0.17365,-0.26164409822875073,0.2116543847026601,0.6975,-0.1617857103575166,0.14957368441841792
garch,1000,0.000629940788348712,0.01,,,0.08,0.88,,,,garch,1.0,-0.09732303298566355,-0.33189009128955016,-0.19024071503111473,0.4082,-0.2051140252932003,0.3819820757641929,0.89935,-0.13021527180740594,0.31552364179188114,0.2937,-0.2274985461861468,0.3145364921796634,0.84665,-0.13936516407532418,0.2674272484072068,0.6579,-0.16752767129505336,0.4952314766490044,0.9686,-0.11135865274613696,0.41464342831173784,0.38135,-0.2098830665653345,0.3676127366447145,0.9121,-0.12742389906841373,0.3301964879201964,0.40885,-0.20495420252469534,0.3824636290636119,0.90415,-0.12902234533750198,0.3217942577833573
garch,1000,0.000629940788348712,0.01,,,0.08,0.88,,,,garch,1.0,-0.27384572240736055,-0.33189009128955016,-0.19024071503111473,0.0271,-0.36090418516090633,-0.08742078969161954,0.3953,-0.20740706278228366,-0.09023487820870153,0.0278,-0.35923538089022383,-0.08239260622221131,0.406,-0.20539599887050106,-0.07966372412397428,0.01085,-0.40389102967968565,-0.21694211511521105,0.25785,-0.2363150127914462,-0.24218946902504976,0.0239,-0.36780563369378205,-0.10821516925884411,0.35325,-0.21520979420084868,-0.1312499228445927,0.0197,-0.3759446652968503,-0.13273844312774521,0.3727,-0.21172295366942614,-0.11292135142993917
garch,1000,0.000629940788348712,0.01,,,0.08,0.88,,,,garch,1.0,-0.20925128661094938,-0.33189009128955016,-0.19024071503111473,0.09295,-0.2996510070063244,0.09713783306383642,0.59005,-0.17739426311603468,0.0675273529800335,0.1245,-0.2824674117332203,0.14891279026830637,0.63315,-0.17119932689061135,0.10009102487545357,0.0537,-0.3283774902208171,0.010583627414379744,0.4494,-0.1983005071623643,-0.04236628384166534,0.09925,-0.29568402123474796,0.10909054233624292,0.6036,-0.17545642862724786,0.07771357672540721,0.09785,-0.2964149575329155,0.10688819789345606,0.60595,-0.17506231167905395,0.07978525180363352
garch,1000,0.000629940788348712,0.01,,,0.08,0.88,,,,garch,1.0,-0.17358859738001023,-0.33189009128955016,-0.19024071503111473,0.0114,-0.400520059294249,-0.20678522741682018,0.27035,-0.23327490963169273,-0.22620917185650594,0.01235,-0.3963453997180036,-0.19420678748803266,0.28615,-0.22938108335827578,-0.2057412805705628,0.0185,-0.3789915305516962,-0.14191878726820273,0.31195,-0.22314656506063338,-0.17296954557880395,0.01235,-0.39634189331820446,-0.19419622254532679,0.2813,-0.2306193250225131,-0.21225009580517115,0.01145,-0.39909025532616016,-0.20247716277248753,0.28435,-0.22976781548528824,-0.20777413734861477
garch,1000,0.000629940788348712,0.01,,,0.08,0.88,,,,garch,1.0,-0.15985282129480066,-0.33189009128955016,-0.19024071503111473,0.2317,-0.24345326633740413,0.26646419183087716,0.76515,-0.15197456148252309,0.20114597205089899,0.24645,-0.2392592653060229,0.2791009084471689,0.77165,-0.151051573941856,0.20599765451285842,0.23385,-0.24271209573859603,0.2686973726888181,0.7727,-0.15089027491390924,0.2068455225831628,0.21595,-0.24757856505730733,0.2540344784161908,0.7446,-0.15478353892859184,0.18638058680931527,0.2108,-0.24908694803543566,0.24948965162649203,0.75425,-0.15347715562963188,0.19324758843273904
garch,1000,0.000629940788348712,0.01,,,0.08,0.88,,,,garch,1.0,-0.16453717476114796,-0.33189009128955016,-0.19024071503111473,0.0255,-0.36506803337261023,-0.09996665448536912,0.40515,-0.20557238398438593,-0.08059089217975049,0.05085,-0.33117084863333757,0.002167110965615137,0.49065,-0.19165198600986103,-0.007418343536584578,0.18985,-0.2561170221259382,0.22830771738076822,0.7414,-0.15532482563601002,0.18353531413816465,0.02975,-0.3558705889463912,-0.07225433445049663,0.3941,-0.2075953630063599,-0.09122467802124656,0.02615,-0.3625081528017838,-0.09225361743481991,0.4142,-0.2039556789068128,-0.07209268464668524
garch,1000,0.000629940788348712,0.01,,,0.08,0.88,,,,garch,1.0,-0.14235343462260575,-0.33189009128955016,-0.19024071503111473,0.04795,-0.3342924702351574,-0.007238477461839437,0.4887,-0.19190470357256756,-0.008746752981771959,0.0729,-0.31320745294420965,0.056291642431232615,0.52675,-0.18628965920162238,0.020768718351621692,0.1215,-0.2836636950285153,0.14530833407424873,0.63245,-0.1712982344452659,0.09957111748003417,0.0516,-0.3301669590212485,0.005191876206989157,0.47945,-0.19340830247238544,-0.016650418080864766,0.04965,-0.33223636024201914,-0.001043324165308933,0.483,-0.19276380379025837,-0.013262611837486948
garch,1000,0.000629940788348712,0.01,,,0.08,0.88,,,,garch,1.0,-0.26175682201191225,-0.33189009128955016,-0.19024071503111473,0.07425,-0.31216097898286105,0.059444716261435125,0.5581,-0.18194015909775632,0.043631858364287644,0.06635,-0.3178240536031232,0.04238161384021358,0.51945,-0.18729938056950646,0.01546111967213328,0.03085,-0.35460382094988663,-0.06843750463318406,0.3947,-0.20751725568648158,-0.09081410702509815,0.0768,-0.31043805632067656,0.06463596091562206,0.5458,-0.18373126298551967,0.03421692377749108,0.0799,-0.30800054163064916,0.07198030397978676,0.55475,-0.1823978109735926,0.04122621204529953
garch,1000,0.000629940788348712,0.01,,,0.08,0.88,,,,garch,1.0,-0.2553719834050006,-0.33189009128955016,-0.19024071503111473,0.0394,-0.343705114423148,-0.035599204205497295,0.42805,-0.20173164339843436,-0.060402045721076256,0.02205,-0.37089637692463717,-0.11752771974459714,0.3605,-0.21398316696845962,-0.1248021588515461,0.03535,-0.3486974260546684,-0.050641267112898125,0.37225,-0.21181740130045468,-0.11341781524428662,0.0328,-0.3522393777108592,-0.061313329187510396,0.414,-0.2039949050422744,-0.07229887676205446,0.0328,-0.3522682650547864,-0.06140036807383254,0.427,-0.20184632821726162,-0.06100488627920022
garch,1000,0.000629940788348712,0.01,,,0.08,0.88,,,,garch,1.0,-0.1427200217947894,-0.33189009128955016,-0.19024071503111473,0.05805,-0.32427242075854384,0.02295238915210773,0.48335,-0.19269558260269837,-0.012904007279315241,0.05405,-0.3281144934974802,0.011376048550892253,0.50035,-0.19018882541560836,0.00027275767701924757,0.11345,-0.28810592418604014,0.13192369477915955,0.59655,-0.17647710791207755,0.07234837777384341,0.0636,-0.3200171961920552,0.03577357507530017,0.5244,-0.18666756809614593,0.018782240880373016,0.06165,-0.3216559673078934,0.030835882872827937,0.4981,-0.1905459274950054,-0.001604348805358286
garch,1000,0.000629940788348712,0.01,,,0.08,0.88,,,,garch,1.0,-0.1502992701168697,-0.33189009128955016,-0.19024071503111473,0.03635,-0.3471076362107716,-0.04585115771939467,0.4346,-0.20072927490664644,-0.05513309742247478,0.06085,-0.3221988354619827,0.029200196335818135,0.4705,-0.1948858835235926,-0.024417320402302583,0.1249,-0.28219396334323654,0.14973670275367557,0.63005,-0.171702913704794,0.09744392162996639,0.0409,-0.34158180189902665,-0.02920156661447651,0.4395,-0.1998628607263268,-0.05057879273444875,0.03465,-0.3495922960899495,-0.05333755139123891,0.4212,-0.20275701262226692,-0.0657918973291553
garch,1000,0.000629940788348712,0.01,,,0.08,0.88,,,,garch,1.0,-0.31539948647128885,-0.33189009128955016,-0.19024071503111473,0.0256,-0.3642801321701458,-0.09759267218477362,0.35615,-0.21468645009092352,-0.128498965407119,0.01875,-0.3787015039993725,-0.14104492402270238,0.3423,-0.21737748654728978,-0.14264439403382556,0.0089,-0.41718994040154955,-0.2570123403822304,0.2631,-0.23506817346647713,-0.23563546020120177,0.02195,-0.37122000763563484,-0.11850283385463342,0.3536,-0.21518206520541266,-0.13110416542651593,0.02155,-0.3726338098782132,-0.12276268456932356,0.35465,-0.21499539764118986,-0.13012294768775648
garch,1000,0.000629940788348712,0.01,,,0.08,0.88,,,,garch,1.0,-0.1938546537228007,-0.33189009128955016,-0.19024071503111473,0.18655,-0.257153443383281,0.22518493280676713,0.7121,-0.15956498748123032,0.16124691049898152,0.11665,-0.28634046418949755,0.1372431063641302,0.6644,-0.16667473694844678,0.12387452432994495,0.1579,-0.26765357198154804,0.19354756587764588,0.6438,-0.16970743281692832,0.10793316357556842,0.1557,-0.2684084573627537,0.19127306175408929,0.70765,-0.16024884689174296,0.15765220465275515,0.1631,-0.26538004119163844,0.20039781796283426,0.7124,-0.15950698462777962,0.16155180240101844
garch,1000,0.000629940788348712,0.01,,,0.08,0.88,,,,garch,1.0,-0.2558755769410953,-0.33189009128955016,-0.19024071503111473,0.0283,-0.3580907300940589,-0.07894372110570354,0.4008,-0.20646149776284028,-0.08526451726736085,0.0219,-0.371298176092984,-0.11873835898599672,0.3448,-0.21689757643298965,-0.14012174732162397,0.0375,-0.3459944334931787,-0.04249702709962356,0.39245,-0.20791447266142576,-0.09290207738874623,0.0359,-0.34761462520375097,-0.047378738705646656,0.41875,-0.20317997984910874,-0.06801522384878408,0.0334,-0.3513260369766413,-0.05856139184985386,0.4008,-0.2064667693619409,-0.08529222741920581
garch,1000,0.000629940788348712,0.01,,,0.08,0.88,,,,garch,1.0,-0.192482702506068,-0.33189009128955016,-0.19024071503111473,0.1274,-0.2806174637447256,0.154486768030965,0.6603,-0.16718888120297948,0.12117192591693643,0.15125,-0.27014265916172,0.1860478325457448,0.70925,-0.15995513439483233,0.15919610390093966,0.30945,-0.22360083182787932,0.3262804835206613,0.8479,-0.13916244488981538,0.26849284146637725,0.13785,-0.2759339572664171,0.16859838691091067,0.65955,-0.16726630670734077,0.12076493888291151,0.11735,-0.28590214102200967,0.13856379408272035,0.662,-0.16696773393000247,0.1223343861870255
garch,1000,0.000629940788348712,0.01,,,0.08,0.88,,,,garch,1.0,-0.3044240426636465,-0.33189009128955016,-0.19024071503111473,0.0001,-0.5925250777652898,-0.7853051155069117,0.023,-0.36941182442680265,-0.9418126365136069,0.0,-0.6153909988811209,-0.8542011799449495,0.0151,-0.38821059964564086,-1.0406283669725866,0.00015,-0.5895775905371495,-0.7764242018987714,0.01955,-0.3763523236346771,-0.9782953589778243,0.00015,-0.5864732810997869,-0.7670707758133438,0.02285,-0.3697974578769699,-0.9438397180986617,0.0001,-0.59549933585465,-0.794266690942333,0.023,-0.36942218855141085,-0.941867115517255
garch,1000,0.000629940788348712,0.01,,,0.08,0.88,,,,garch,1.0,-0.13115725020068095,-0.33189009128955016,-0.19024071503111473,0.20295,-0.2514914727810189,0.2422447087713422,0.75155,-0.15392543682523838,0.19089119907868735,0.14725,-0.2717140040438583,0.18131329866426338,0.6871,-0.16329441971175582,0.1416431562242169,0.32355,-0.22097124054914585,0.3342035621173023,0.8138,-0.1445380818245613,0.24023581492047358,0.2149,-0.24786608335894886,0.25316817264452895,0.7479,-0.15439461057121842,0.18842498806858202,0.20695,-0.25030269516745646,0.24582655000361125,0.7449,-0.154754914568812,0.1865310507085661
garch,1000,0.000629940788348712,0.01,,,0.08,0.88,,,,garch,1.0,-0.1915982099154068,-0.33189009128955016,-0.19024071503111473,0.005,-0.44269511099620196,-0.33386058401479185,0.17765,-0.2602194634938986,-0.3678431741141138,0.00225,-0.4641038773635332,-0.39836617465821256,0.16025,-0.2665781907256658,-0.40126781316011,0.0097,-0.4112092554943883,-0.23899226366368947,0.24725,-0.23900062392152802,-0.2563063794332269,0.00345,-0.45099477955518247,-0.3588678643669481,0.19245,-0.2552880187447465,-0.3419210430479773,0.0035,-0.4501580655281701,-0.3563468067970721,0.1825,-0.25873862639942125,-0.3600591564066786
garch,1000,0.000629940788348712,0.01,,,0.08,0.88,,,,garch,1.0,-0.32026979441410586,-0.33189009128955016,-0.19024071503111473,0.0394,-0.3435995433776927,-0.03528111382489845,0.4295,-0.20149045958016248,-0.05913426338419624,0.05895,-0.3235466650740675,0.025139124169283007,0.4943,-0.19102731619763674,-0.004134767714647015,0.0395,-0.3435029032051316,-0.03498993257213607,0.41615,-0.20360996032898554,-0.07027541552124746,0.03965,-0.34313268695835464,-0.033874454115582875,0.43375,-0.20086378546079983,-0.05584015192514207,0.03935,-0.3437555874864581,-0.03575128184997899,0.43375,-0.20086183800329527,-0.05582991511803038
garch,1000,0.000629940788348712,0.01,,,0.08,0.88,,,,garch,1.0,-0.34078340856090783,-0.33189009128955016,-0.19024071503111473,0.0001,-0.5983419569529871,-0.8028316381129225,0.0189,-0.37810604609512743,-0.9875137981545459,0.00015,-0.58301038670216,-0.7566369168687398,0.02705,-0.3609946961901486,-0.8975680160322479,0.00015,-0.5689065566185478,-0.7141414328101103,0.03425,-0.3502349229217892,-0.8410092858645254,0.00015,-0.5821064247226749,-0.7539132381473512,0.02155,-0.37269642151995586,-0.9590781156336575,0.0001,-0.5915846175430751,-0.7824714659135763,0.0197,-0.37599492657227873,-0.9764167019177944
garch,1000,0.000629940788348712,0.01,,,0.08,0.88,,,,garch,1.0,-0.19612237981759068,-0.33189009128955016,-0.19024071503111473,0.04805,-0.33413913273527457,-0.006776464572912731,0.50775,-0.1891556221332062,0.005703789000851175,0.06245,-0.32097089701892495,0.03290003093553944,0.5,-0.19024195519419054,-6.518915131355976e-06,0.0667,-0.31745463704541776,0.04349468279707845,0.5065,-0.1893445511732938,0.0047106838179953175,0.0586,-0.32388240070982843,0.02412753736819336,0.51395,-0.1881883974781486,0.010788003780528525,0.0618,-0.3215968889675312,0.031013888610006413,0.4935,-0.19118063381141692,-0.004940681494749785
garch,1000,0.000629940788348712,0.01,,,0.08,0.88,,,,garch,1.0,-0.18352369412357006,-0.33189009128955016,-0.19024071503111473,0.05415,-0.3279768397756622,0.011790805500348334,0.4891,-0.19186140977794086,-0.008519179222812858,0.0525,-0.3292572783169626,0.007932785707334092,0.4512,-0.19802851909048708,-0.04093657899729098,0.1487,-0.2711314073991681,0.18306868895755768,0.6542,-0.1680254002281063,0.11677476506212148,0.0584,-0.324042119142482,0.02364629843745887,0.51025,-0.18875524792237292,0.0078083553696634105,0.0568,-0.3257560621464139,0.01848210990362098,0.487,-0.19216100622949261,-0.010094007468715705
garch,1000,0.000629940788348712,0.01,,,0.08,0.88,,,,garch,1.0,-0.34699913416875056,-0.33189009128955016,-0.19024071503111473,0.0005,-0.5275430041237058,-0.589511160378279,0.07015,-0.3148212144426622,-0.6548571865448034,0.0007,-0.50428665662973,-0.5194387234350312,0.0857,-0.3043880214706029,-0.6000151251577186,0.0004,-0.5375254587677553,-0.6195887520450349,0.06505,-0.3187760932267595,-0.6756460002509043,0.00045,-0.533218846107881,-0.6066127314499605,0.07185,-0.3138041926468166,-0.6495112131779598,0.00055,-0.527111398280967,-0.5882107122658878,0.0666,-0.3175635395126902,-0.6692722136833391
garch,1000,0.000629940788348712,0.01,,,0.08,0.88,,,,garch,1.0,-0.21615035819563275,-0.33189009128955016,-0.19024071503111473,0.0193,-0.3771105763443916,-0.1362513863524471,0.32045,-0.2216147105852039,-0.16491735509382321,0.0189,-0.3780590088143699,-0.13910905669232732,0.36055,-0.2139375375455531,-0.12456230786644523,0.0116,-0.3985674661003732,-0.20090197496330744,0.27985,-0.2309234706588216,-0.2138488368331302,0.0144,-0.391034345015601,-0.1782043371534457,0.32445,-0.22076538268716694,-0.16045286442000478,0.01995,-0.37563574109179837,-0.13180764039165993,0.3309,-0.21950445674273217,-0.1538248093045236
garch,1000,0.000629940788348712,0.01,,,0.08,0.88,,,,garch,1.0,-0.19961481529633782,-0.33189009128955016,-0.19024071503111473,0.10955,-0.29002912466770797,0.12612900390967538,0.66,-0.16720378486693932,0.12109358483228794,0.09775,-0.29655161470670927,0.10647644358870184,0.5882,-0.1776487837615327,0.06618946563317193,0.1095,-0.2900692751785999,0.12600802858698376,0.6044,-0.17532696270125436,0.07839411414859933,0.10485,-0.292535992848097,0.11857569561219453,0.6486,-0.1688679874503386,0.1123457067393829,0.13385,-0.27765065676145034,0.16342589294351612,0.6508,-0.16855987950594697,0.1139652756331459
garch,1000,0.000629940788348712,0.01,,,0.08,0.88,,,,garch,1.0,-0.2409246298474252,-0.33189009128955016,-0.19024071503111473,0.00995,-0.408906219666392,-0.23205311155147093,0.28485,-0.22962441922495416,-0.20702037514628796,0.0152,-0.38751646553239427,-0.16760480563523095,0.32375,-0.2209311497383502,-0.16132421864697008,0.0143,-0.39146106728438107,-0.17949007083450266,0.30165,-0.22552967139847516,-0.1854963400531204,0.0108,-0.40403609894371645,-0.21737921543196692,0.2935,-0.2275806612048908,-0.19627736453612962,0.01305,-0.3952193937956476,-0.19081408022768348,0.2992,-0.22608729023591084,-0.1884274625383596
garch,1000,0.000629940788348712,0.01,,,0.08,0.88,,,,garch,1.0,-0.21701333255947172,-0.33189009128955016,-0.19024071503111473,0.02395,-0.36774367378933237,-0.10802848123749059,0.3797,-0.21025818247849243,-0.10522178411757838,0.04485,-0.33740771609448345,-0.01662485548602762,0.4601,-0.19649919099894922,-0.03289766844500606,0.0259,-0.3633004896382408,-0.09464096450317744,0.4177,-0.20331778954393503,-0.06873962027887402,0.0231,-0.36896381417699803,-0.11170481994023654,0.37445,-0.21134417084405188,-0.11093028014263713,0.0271,-0.3609432694179105,-0.08753855234265953,0.35545,-0.21483929612095137,-0.12930240030801735
garch,1000,0.000629940788348712,0.01,,,0.08,0.88,,,,garch,1.0,-0.20605096456676553,-0.33189009128955016,-0.19024071503111473,0.13565,-0.2768300234261394,0.16589849865501058,0.6354,-0.1708610595575252,0.10186912654538696,0.13695,-0.2762755107237883,0.16756927074765285,0.65275,-0.16822707764840253,0.11571464804004636,0.10855,-0.2904682396189566,0.12480593051045913,0.5482,-0.18329462873260902,0.036512090996765056,0.1375,-0.2760892522272593,0.16813047610273088,0.6507,-0.1685644466639522,0.11394126837473918,0.12825,-0.28026469168221596,0.15554968636377506,0.6463,-0.16934097523330938,0.10985944725022245
garch,1000,0.000629940788348712,0.01,,,0.08,0.88,,,,garch,1.0,-0.15952059741068,-0.33189009128955016,-0.19024071503111473,0.1087,-0.2903339386045989,0.12521058559924444,0.6295,-0.17175867020357752,0.09715083768747602,0.1187,-0.2850642240131493,0.14108847629183566,0.63445,-0.171021191933797,0.10102739097765842,0.21965,-0.24655576630485357,0.25711621776092297,0.7467,-0.15454666180303944,0.187625731023127,0.1222,-0.28332951657560845,0.14631522901229405,0.66,-0.16720088291566285,0.12110883893431336,0.11585,-0.286882098428398,0.13561113766992797,0.6462,-0.16936347243247038,0.10974119076050455
garch,1000,0.000629940788348712,0.01,,,0.08,0.88,,,,garch,1.0,-0.1812727060567923,-0.33189009128955016,-0.19024071503111473,0.0614,-0.3217950713077528,0.030416756169409625,0.50815,-0.18907205105657543,0.006143080225219699,0.07315,-0.3130394297516663,0.056797903982731435,0.5558,-0.18226031543731813,0.041948957101487785,0.12425,-0.2825793810526069,0.14857542159619114,0.6386,-0.17043356391057324,0.1041162566977418,0.05845,-0.3240114552747292,0.02373869007118815,0.4962,-0.190800624389189,-0.002943162603140376,0.0624,-0.3210636958971269,0.032620423678084445,0.50345,-0.18975571814793976,0.002549385304274333
garch,1000,0.000629940788348712,0.01,,,0.08,0.88,,,,garch,1.0,-0.11336231617699359,-0.33189009128955016,-0.19024071503111473,0.05355,-0.32858080686441926,0.009971025083251994,0.48545,-0.19238621141769596,-0.01127779816339699,0.0605,-0.3224000054697525,0.02859406191647415,0.4844,-0.19254520510356113,-0.012113548206909823,0.1758,-0.26095306686616765,0.2137364937523702,0.69845,-0.1616615412962632,0.15022637888097337,0.05075,-0.33122651284693394,0.001999392148279881,0.46575,-0.19569009094084636,-0.02864463534443907,0.0556,-0.32690715877827436,0.015013803189829329,0.46325,-0.19611760968645534,-0.03089188691484584
garch,1000,0.000629940788348712,0.01,,,0.08,0.88,,,,garch,1.0,-0.22333908526657756,-0.33189009128955016,-0.19024071503111473,0.05265,-0.3291212817587356,0.008342549547220305,0.4424,-0.19937249445600502,-0.048001183255628285,0.02585,-0.36364823372438754,-0.09568873331361583,0.3884,-0.2087612268881706,-0.09735303956372718,0.0328,-0.3522837349627385,-0.06144697961288748,0.31085,-0.22333908526657759,-0.17398152771897157,0.06565,-0.318314935069083,0.04090256556838219,0.46905,-0.19512041471697464,-0.025650133227589137,0.05905,-0.3234647807931913,0.025385845246607218,0.4696,-0.1950336366769993,-0.025193984605769958
garch,1000,0.000629940788348712,0.01,,,0.08,0.88,,,,garch,1.0,-0.33044057058672505,-0.33189009128955016,-0.19024071503111473,0.01885,-0.3783784776426668,-0.14007163085974408,0.34285,-0.21727602730522094,-0.14211107369778583,0.02695,-0.3613154627885886,-0.08865998796380739,0.39725,-0.20707474306369514,-0.08848804016441554,0.00765,-0.4222296819358008,-0.27219731175232903,0.2335,-0.24277931989112667,-0.2761690884699367,0.0167,-0.38316521937953535,-0.1544943022877153,0.3212,-0.22142404049448033,-0.16391509808121482,0.02465,-0.3668078202458565,-0.10520871177754791,0.35395,-0.21510381717411353,-0.13069285478101958
garch,1000,0.000629940788348712,0.01,,,0.08,0.88,,,,garch,1.0,-0.2148750986479857,-0.33189009128955016,-0.19024071503111473,0.0278,-0.35929076302264956,-0.08255947511609887,0.3553,-0.21486893796327677,-0.12945821260256507,0.0576,-0.32474027390635124,0.02154272625440095,0.4815,-0.19309601530240345,-0.015008881094784161,0.0342,-0.3504368291852409,-0.05588216817087809,0.42845,-0.20168582892602,-0.060161222023547206,0.0279,-0.35895220774382125,-0.0815393926016952,0.3508,-0.21575634900850854,-0.13412288727584218,0.0293,-0.35656316725743475,-0.0743411045265558,0.34745,-0.21639681698194613,-0.1374895061057432
garch,1000,0.000629940788348712,0.01,,,0.08,0.88,,,,garch,1.0,-0.26025048583858357,-0.33189009128955016,-0.19024071503111473,0.0045,-0.4451501207110746,-0.34125764038768264,0.1654,-0.26455222990765764,-0.3906183535127532,0.0095,-0.41275051445888367,-0.2436361473015132,0.25375,-0.23738123198566508,-0.24779404843406053,0.00225,-0.46390021210984633,-0.3977525219489812,0.19115,-0.2558356395866588,-0.3447996110864896,0.0027,-0.45850684156263904,-0.381502050215247,0.17295,-0.26190220104356976,-0.3766884812261901,0.0041,-0.44742746511536285,-0.34811938306713314,0.17345,-0.26168436077583435,-0.3755434042236158
garch,1000,0.000629940788348712,0.01,,,0.08,0.88,,,,garch,1.0,-0.25141469697243973,-0.33189009128955016,-0.19024071503111473,0.03895,-0.3442374445801538,-0.03720313927610295,0.4234,-0.20235762955914877,-0.06369254092664792,0.03445,-0.3497487767242945,-0.053809034687823575,0.42715,-0.20183189956250533,-0.0609290420796348,0.0487,-0.33343576171196404,-0.0046571755619705885,0.5228,-0.1869216774123722,0.017446515685139656,0.0289,-0.3573275855102625,-0.07664433162760488,0.4244,-0.20220103167198306,-0.06286938439498697,0.04205,-0.3397951046385972,-0.02381816618366734,0.43515,-0.20056700029134805,-0.054280101178890205
garch,1000,0.000629940788348712,0.01,,,0.08,0.88,,,,garch,1.0,-0.21981690075202964,-0.33189009128955016,-0.19024071503111473,0.17725,-0.26034099686280304,0.2155806886211788,0.74935,-0.154195696644885,0.18947057878926918,0.1538,-0.2692103494135265,0.18885692438868293,0.6816,-0.16415608704696885,0.137113803319545,0.17185,-0.2622920471442117,0.2097020850333828,0.7186,-0.15855650156749354,0.16654801501581346,0.1903,-0.2559647169527764,0.22876661982214574,0.7435,-0.15499365176096574,0.18527612905777907,0.20655,-0.25041620471214937,0.24548454056231736,0.7645,-0.15205681667010829,0.20071359779509498
garch,1000,0.000629940788348712,0.01,,,0.08,0.88,,,,garch,1.0,-0.14299251728159382,-0.33189009128955016,-0.19024071503111473,0.2612,-0.23545821722515112,0.29055363988034577,0.7997,-0.14684100828811286,0.22813048582110115,0.2905,-0.22825200270676962,0.31226629327828825,0.84385,-0.13971346950215355,0.2655963815143211,0.4193,-0.2031125532513949,0.38801260241844987,0.8775,-0.13407800890150018,0.29521917072498854,0.2321,-0.24327268050239279,0.2670083051977743,0.81905,-0.14366899915799664,0.24480414650197818,0.2618,-0.23538404444503844,0.2907771258537428,0.8033,-0.1462651694319224,0.23115738180441522
garch,1000,0.000629940788348712,0.01,,,0.08,0.88,,,,garch,1.0,-0.20836239448461158,-0.33189009128955016,-0.19024071503111473,0.0961,-0.2978740573437099,0.102491863537329,0.59085,-0.17724286242324416,0.06832319046816401,0.02785,-0.35919220475172214,-0.08226251454537357,0.36005,-0.21407631100969066,-0.12529177034830588,0.0392,-0.3439394742584433,-0.036305341090707384,0.39525,-0.20743294628192432,-0.09037093478122037,0.08415,-0.3053809352584821,0.07987329759700704,0.5711,-0.18015281244987338,0.05302704302594437,0.0982,-0.2962810141622522,0.10729177538545913,0.59095,-0.17721512555251584,0.06846898928270162
garch,1000,0.000629940788348712,0.01,,,0.08,0.88,,,,garch,1.0,-0.2615086003306964,-0.33189009128955016,-0.19024071503111473,0.04165,-0.34008639501992555,-0.02469583740366838,0.4134,-0.20412463524593394,-0.0729808033603555,0.02325,-0.3687864357850431,-0.11117037074572844,0.33075,-0.2195305165901253,-0.15396179284870795,0.046,-0.3366544216079932,-0.014355144800892831,0.38665,-0.20898325132353954,-0.09852011063646068,0.03695,-0.34661679737210577,-0.044372237885546326,0.4195,-0.20306641490532157,-0.0674182699119331,0.03655,-0.3469768286974985,-0.045457028708899505,0.40845,-0.2050382063026154,-0.0777829880900126
garch,1000,0.000629940788348712,0.01,,,0.08,0.88,,,,garch,1.0,-0.19756885372928062,-0.33189009128955016,-0.19024071503111473,0.1296,-0.27964259202477887,0.15742410103828353,0.6728,-0.16547978633374377,0.1301557802351678,0.14735,-0.2716640642668366,0.1814637694928069,0.71385,-0.15933034644439686,0.1624803007161865,0.13435,-0.277426036480643,0.16410268410632117,0.70755,-0.1602638353436261,0.15757341788052984,0.12095,-0.28388929813381136,0.14462858161638084,0.65265,-0.16825980680184316,0.11554260729979117,0.13125,-0.27889217948889783,0.15968512827463557,0.6736,-0.16534952769870676,0.13084048453211977
garch,1000,0.000629940788348712,0.01,,,0.08,0.88,,,,garch,1.0,-0.13914613321833735,-0.33189009128955016,-0.19024071503111473,0.0919,-0.30022248952686353,0.09541593013410855,0.5566,-0.18217865934933897,0.04237818219121587,0.1259,-0.28152875440779157,0.1517410076513009,0.68275,-0.16394620766856063,0.1382170339207015,0.1437,-0.2731925732680281,0.1768583020766134,0.663,-0.16686361831411475,0.12288166974759605,0.07325,-0.31298325301839064,0.05696716704526339,0.57835,-0.17916600362996138,0.05821420193538501,0.09485,-0.298775859234254,0.0997746932625548,0.57455,-0.179682854331958,0.055497377085814405
garch,1000,0.000629940788348712,0.01,,,0.08,0.88,,,,garch,1.0,-0.2867564856112749,-0.33189009128955016,-0.19024071503111473,0.0576,-0.3246890399567346,0.02169709648406818,0.52465,-0.18657223623906136,0.019283352627503393,0.0478,-0.3346047196957081,-0.00817929934458218,0.43885,-0.1999397019259781,-0.050982708371743964,0.0434,-0.3387491103757367,-0.020666537706913717,0.448,-0.1985429368847993,-0.043640615271692496,0.0543,-0.3279344760219806,0.011918449424627614,0.51615,-0.18778534367659763,0.012906655413461346,0.05175,-0.3299093053990324,0.0059681983358450515,0.5085,-0.18899776318071104,0.00653357432030464
garch,1000,0.000629940788348712,0.01,,,0.08,0.88,,,,garch,1.0,-0.21451835763285096,-0.33189009128955016,-0.19024071503111473,0.00275,-0.4580355340782005,-0.38008197924353687,0.16245,-0.2656496690668239,-0.39638704061523167,0.0027,-0.459774913425996,-0.38532280864292384,0.15905,-0.2671525362045528,-0.4042868592081291,0.0021,-0.46948977629913546,-0.414594134085008,0.1504,-0.27046722067287143,-0.4217104925653549,0.00285,-0.4568783198688959,-0.3765952399895618,0.1653,-0.2646337603500639,-0.3910469181467378,0.0027,-0.45946826889948655,-0.3843988746823828,0.1612,-0.26609715229988234,-0.3987392354804856
garch,1000,0.000629940788348712,0.01,,,0.08,0.88,,,,garch,1.0,-0.17372328820867547,-0.33189009128955016,-0.19024071503111473,0.0398,-0.34296757557852325,-0.03337696598874592,0.41515,-0.20377453177584573,-0.07114048505609058,0.0589,-0.32357915275508325,0.02504123730291246,0.5279,-0.18611998346157121,0.02166061859507597,0.08705,-0.3034791148389602,0.08560356936297764,0.5746,-0.17967675871758637,0.05552941867255163,0.0344,-0.3497998637472674,-0.05396296222080417,0.4091,-0.20492316219886753,-0.07717825895130502,0.03005,-0.35529066167245427,-0.07050698709317235,0.3952,-0.20744337478317426,-0.09042575218057797
garch,1000,0.000629940788348712,0.01,,,0.08,0.88,,,,garch,1.0,-0.15597052827550748,-0.33189009128955016,-0.19024071503111473,0.1045,-0.2927273531930109,0.11799911815496952,0.65015,-0.16868462144939184,0.11330956981631032,0.0882,-0.30262616544589005,0.08817354483213374,0.5855,-0.17810459755784516,0.06379348117612282,0.1916,-0.25557651881201404,0.22993627854637586,0.74435,-0.15484283323816164,0.18606890637035084,0.11095,-0.28926847929706,0.12842086314443737,0.64015,-0.17021806169205392,0.10524904374852677,0.1069,-0.2914366202267672,0.12188815552040759,0.63355,-0.17114581550201977,0.10037230739997957
garch,1000,0.000629940788348712,0.01,,,0.08,0.88,,,,garch,1.0,-0.36096166469640245,-0.33189009128955016,-0.19024071503111473,0.0004,-0.5383883126549406,-0.6221885702072245,0.05385,-0.32825969649330655,-0.7254965449410669,0.0004,-0.5463944746553605,-0.6463115018961827,0.04925,-0.3326834269146201,-0.7487498764930958,0.0004,-0.5377502203422928,-0.6202659689323009,0.05415,-0.3279823302947392,-0.7240385699827517,0.0004,-0.5435387649820811,-0.6377071182516345,0.0533,-0.3286669053241458,-0.7276370374784957,0.0004,-0.5394048866034327,-0.6252515539333797,0.05635,-0.3261345082098513,-0.7143254962877453
garch,1000,0.000629940788348712,0.01,,,0.08,0.88,,,,garch,1.0,-0.17981261136077548,-0.33189009128955016,-0.19024071503111473,0.2357,-0.24221126633808693,0.2702063945416946,0.7577,-0.15300425307202317,0.19573339993492647,0.2968,-0.22670664663505505,0.31692252168724777,0.82545,-0.14264975236170782,0.2501618155799256,0.2584,-0.23617599988167204,0.28839092796046895,0.7788,-0.15000270638843205,0.2115110250510863,0.23735,-0.24172228398585832,0.27167972069713564,0.7826,-0.14929750660215613,0.2152179065467776,0.23175,-0.24340538407518386,0.26660846327337256,0.7784,-0.1500684628115524,0.21116537652306436
garch,1000,0.000629940788348712,0.01,,,0.08,0.88,,,,garch,1.0,-0.14575489916033002,-0.33189009128955016,-0.19024071503111473,0.2458,-0.2394490831729062,0.27852897854668357,0.79575,-0.14738001861318958,0.2252971789499166,0.28645,-0.22926864079192708,0.30920311630543157,0.83385,-0.14128649105614083,0.2573277963498361,0.4148,-0.20382676801903804,0.38586064071068066,0.9,-0.1300879020412689,0.3161931607542978,0.2319,-0.24335632050414904,0.26675629405326773,0.7885,-0.14851670632917754,0.21932218187422725,0.26475,-0.23465661917226505,0.2929688914166947,0.7856,-0.14885014721950818,0.21756945039255626
garch,1000,0.000629940788348712,0.01,,,0.08,0.88,,,,garch,1.0,-0.0944366236294841,-0.33189009128955016,-0.19024071503111473,0.305,-0.2246276141157182,0.3231867416019154,0.8443,-0.13967579535614788,0.2657944155997139,0.41245,-0.20432341800152634,0.38436421163514367,0.9088,-0.1279891467789367,0.32722526427634857,0.68025,-0.16433026007129123,0.5048654226681177,0.9769,-0.10800395598145877,0.4322773862377765,0.32405,-0.22084096758585325,0.3345960805042973,0.8514,-0.13860306494352567,0.2714332212173587,0.3298,-0.21974608984585695,0.3378949971298048,0.8489,-0.13901702872921745,0.26925722127105867
garch,1000,0.000629940788348712,0.01,,,0.08,0.88,,,,garch,1.0,-0.24777196875036608,-0.33189009128955016,-0.19024071503111473,0.0515,-0.33034333724092835,0.0046604405772162115,0.454,-0.19753037222040884,-0.03831807080887946,0.0583,-0.32409908742945737,0.02347465038748537,0.49235,-0.19135848914436665,-0.005875577754578491,0.02735,-0.3602915047809835,-0.08557475573036961,0.37965,-0.21027058847382002,-0.10528699621124382,0.04515,-0.33727091998795344,-0.016212682570595032,0.45065,-0.19812567479406273,-0.04144727779044768,0.02905,-0.3569544431065047,-0.07552003652645269,0.44685,-0.19870938698577,-0.04451555994872177
garch,1000,0.000629940788348712,0.01,,,0.08,0.88,,,,garch,1.0,-0.17653381394586282,-0.33189009128955016,-0.19024071503111473,0.4555,-0.1972473444816674,0.4056847442619692,0.92365,-0.12496239049603594,0.3431354036090656,0.4969,-0.19065348009767288,0.42555235874354114,0.94175,-0.12027604118474952,0.3677691909164774,0.3067,-0.2242957814469645,0.32418656858519285,0.8501,-0.13875536048010112,0.27063267998437107,0.45145,-0.1979984784730322,0.40342154324730106,0.9297,-0.12344575144812017,0.351107614224799,0.4588,-0.19668421486042256,0.40738147952470877,0.92585,-0.12450255344962396,0.34555253627352583
garch,1000,0.000629940788348712,0.01,,,0.08,0.88,,,,garch,1.0,-0.2107070652852917,-0.33189009128955016,-0.19024071503111473,0.1028,-0.29382886607963216,0.11468020952970341,0.6116,-0.17429902563361005,0.08379746362337495,0.0871,-0.3033118522910569,0.086107539057443,0.56825,-0.18057128402830286,0.05082734787466704,0.0813,-0.3071322282872581,0.07459657173281681,0.594,-0.17679662973658455,0.07066881183836662,0.0923,-0.29998428064325217,0.09613366437765229,0.61445,-0.1738662101915211,0.0860725572699593,0.09765,-0.29674930387764165,0.1058807970896929,0.6184,-0.17326252604415956,0.08924582197968664
garch,1000,0.000629940788348712,0.01,,,0.08,0.88,,,,garch,1.0,-0.18706205368728981,-0.33189009128955016,-0.19024071503111473,0.20825,-0.2499808289729789,0.2467963475448001,0.7528,-0.15372439284055167,0.1919479864475417,0.1446,-0.27292244517168096,0.17767221036564235,0.68375,-0.16379760760685,0.13899814989625034,0.05865,-0.3238290299195289,0.024288345996411737,0.49255,-0.19128711462757594,-0.0055003977265858876,0.17715,-0.2604358251842418,0.2152949665585818,0.73335,-0.15645075334013084,0.17761687704683715,0.17415,-0.2615101881100289,0.21205786200504512,0.74275,-0.15510775385927458,0.1846763515690844
garch,1000,0.000629940788348712,0.01,,,0.08,0.88,,,,garch,1.0,-0.1518889204662882,-0.33189009128955016,-0.19024071503111473,0.19285,-0.2551264421777674,0.23129237999700328,0.72895,-0.15700941446180186,0.17468027579626022,0.22715,-0.24459472569848603,0.2630249226540036,0.79285,-0.14785316585367325,0.22281008127260665,0.2119,-0.24870167082630373,0.2506505094503425,0.7815,-0.14951717995542135,0.2140631939331854,0.196,-0.25405245945369515,0.23452833898541217,0.7337,-0.15639872942992583,0.17789034064371492,0.16565,-0.26442657635731753,0.20327065104626935,0.71565,-0.1590791367467148,0.16380078407139764
garch,1000,0.000629940788348712,0.01,,,0.08,0.88,,,,garch,1.0,-0.21141252534733496,-0.33189009128955016,-0.19024071503111473,0.25605,-0.2367023943487404,0.2868048773946835,0.7899,-0.1483178318616617,0.2203675651797059,0.18865,-0.256421395302176,0.2273906271023113,0.7313,-0.15672266821968794,0.17618755693777094,0.0977,-0.29672904772130293,0.105941829813689,0.5378,-0.18484848334358925,0.02834425683610133,0.25085,-0.23801976897590646,0.28283556748836053,0.79725,-0.14719107695933709,0.2262903504370065,0.22805,-0.24436998380655026,0.2637020802366917,0.8011,-0.14659532298554073,0.22942193020266768
garch,1000,0.000629940788348712,0.01,,,0.08,0.88,,,,garch,1.0,-0.21960183433061506,-0.33189009128955016,-0.19024071503111473,0.03385,-0.3507547142415074,-0.056839970360848195,0.39275,-0.2078172584311398,-0.09239107095003478,0.0261,-0.3627560153182389,-0.09300043851493135,0.3654,-0.2130202322246963,-0.11974049398340347,0.027,-0.36113786472819154,-0.08812487689825246,0.34765,-0.21637182713762176,-0.13735814703089808,0.03625,-0.3472149899088083,-0.04617461931362166,0.38385,-0.209398337934636,-0.10070201271262019,0.03475,-0.3493214940124276,-0.05252161236615475,0.3813,-0.20989114976168272,-0.10329247725627015
garch,1000,0.000629940788348712,0.01,,,0.08,0.88,,,,garch,1.0,-0.20878058376181963,-0.33189009128955016,-0.19024071503111473,0.13165,-0.2785949862983558,0.16058058492833477,0.67735,-0.16480198325256887,0.13371865099637184,0.1083,-0.29059656553277163,0.12441927867244733,0.67385,-0.16531360574892398,0.13102930820100106,0.06425,-0.31950091821759763,0.03732914418690455,0.57175,-0.18002596123326112,0.053693836233652405,0.1178,-0.28555823312374773,0.13960000428389177,0.6627,-0.16688749151281507,0.1227561803186039,0.1161,-0.28662557539259925,0.13638405329028302,0.6638,-0.16673444222507103,0.12356068364334702
garch,1000,0.000629940788348712,0.01,,,0.08,0.88,,,,garch,1.0,-0.19857662236220822,-0.33189009128955016,-0.19024071503111473,0.05845,-0.3240011465885199,0.023769750613457475,0.51155,-0.1885456403439974,0.008910157254403134,0.0977,-0.29672012552150717,0.10596871280908393,0.6257,-0.1722146300892888,0.09475408531174662,0.06705,-0.31727971739276795,0.044021723697788,0.54085,-0.1844011323133126,0.03069575677765426,0.07055,-0.314584063377685,0.05214385233564228,0.504,-0.18967945748120432,0.00295024937126949,0.06645,-0.3177412966707572,0.04263096425632418,0.5059,-0.18938974666919245,0.004473113769484611
garch,1000,0.000629940788348712,0.01,,,0.08,0.88,,,,garch,1.0,-0.16746605912028398,-0.33189009128955016,-0.19024071503111473,0.13645,-0.27652754487637093,0.16680988033740182,0.65855,-0.16740727666083846,0.1200239305584073,0.14465,-0.2728999336565263,0.17774003858873624,0.65135,-0.16846871204705463,0.11444449722815217,0.25755,-0.23634579145283896,0.2878793382034286,0.77085,-0.1511810121775521,0.2053172626436683,0.15745,-0.2677516209211423,0.19325213994548476,0.6481,-0.16894403720042855,0.11194595135538155,0.1401,-0.27502900359731014,0.17132505363841316,0.6418,-0.16995044473324056,0.10665577184440042
regime_switching,1000,0.000629940788348712,0.01,,,,,0.98,0.95,3.0,regime_switching,1.0,-0.17818228978656517,-0.33769094887204676,-0.19410363740371134,0.15495,-0.27415286789806365,0.18815452764195376,0.68165,-0.16616233521478618,0.14395043061872526,0.1159,-0.2923715324430528,0.1342038232898145,0.63535,-0.17356492481403862,0.1058131257321817,0.1301,-0.28525282737376295,0.1552843559279196,0.62005,-0.17587883115489142,0.09389214180935,0.1705,-0.2680373693238883,0.2062642773838474,0.7011,-0.16314602060803746,0.15949014253290836,0.16515,-0.2700265891845878,0.20037362539171116,0.6953,-0.16407695503730324,0.15469407357862308
regime_switching,1000,0.000629940788348712,0.01,,,,,0.98,0.95,3.0,regime_switching,1.0,-0.18522113804233933,-0.33769094887204676,-0.19410363740371134,0.0181,-0.38780315360508705,-0.14839664758686832,0.3189,-0.22726682284838368,-0.1708529829129222,0.01225,-0.40505160445304295,-0.19947427020473554,0.28495,-0.23530770015817476,-0.21227867393728492,0.0112,-0.4108647034514775,-0.216688527850229,0.28495,-0.23529971185734364,-0.21223751911433583,0.0146,-0.3966304265898778,-0.17453674110810585,0.33335,-0.22428640212445444,-0.1554981922258712,0.01765,-0.38896444889794435,-0.15183557687039295,0.30815,-0.22965283069896056,-0.18314542566408137
regime_switching,1000,0.000629940788348712,0.01,,,,,0.98,0.95,3.0,regime_switching,1.0,-0.11669861177716592,-0.33769094887204676,-0.19410363740371134,0.22675,-0.2499733762555748,0.2597569550189771,0.742,-0.15660738492038018,0.1931764545212702,0.3836,-0.21430117389733727,0.36539260346436664,0.8556,-0.13783806131644957,0.28987388819631643,0.644,-0.17223138460257312,0.48997334640487306,0.95015,-0.11530487851960111,0.4059622989971004,0.2289,-0.24932472124598426,0.26167780901804694,0.72255,-0.15971752904358635,0.17715334354402731,0.20455,-0.25680563107253235,0.23952468394455656,0.7421,-0.15657383842052894,0.19334928229667897
regime_switching,1000,0.000629940788348712,0.01,,,,,0.98,0.95,3.0,regime_switching,1.0,-0.25343061056376703,-0.33769094887204676,-0.19410363740371134,0.01195,-0.4075105877840774,-0.2067560269093435,0.2674,-0.2389647340234749,-0.23111929904980646,0.0313,-0.36333260880590035,-0.0759323281228049,0.3821,-0.214593164024597,-0.10555972518057453,0.01715,-0.3896599238091104,-0.15389507806072417,0.31885,-0.2272794917951686,-0.17091825189476292,0.01355,-0.39996065596587493,-0.18439850787183093,0.2945,-0.23293102948992622,-0.20003433529408188,0.01095,-0.4130231906077499,-0.2230804289760428,0.277,-0.23721743377750054,-0.22211740568322214
regime_switching,1000,0.000629940788348712,0.01,,,,,0.98,0.95,3.0,regime_switching,1.0,-0.3384930523262466,-0.33769094887204676,-0.19410363740371134,0.0157,-0.39336945946009455,-0.16488007977123703,0.2845,-0.23551786244766382,-0.2133614062976886,0.01305,-0.40205976372326696,-0.19061456952347855,0.2601,-0.24103694836921455,-0.2417951131327219,0.00675,-0.4333957845453114,-0.2834095376051308,0.2037,-0.25698214294059585,-0.3239429532487589,0.0159,-0.3925245685400379,-0.16237811481517667,0.27505,-0.23757846421781448,-0.22397739370376107,0.01525,-0.3947540638766525,-0.16898029158083042,0.2846,-0.23547482972342548,-0.21313970656648348
regime_switching,1000,0.000629940788348712,0.01,,,,,0.98,0.95,3.0,regime_switching,1.0,-0.18366013120056848,-0.33769094887204676,-0.19410363740371134,0.19785,-0.2589467378179293,0.23318425121294595,0.75275,-0.15509032285433078,0.20099218680914124,0.1444,-0.27861037802649213,0.1749545584295202,0.6958,-0.16402036187426064,0.15498563515778552,0.0757,-0.31723808173807816,0.06056682064557887,0.54225,-0.18776955867156814,0.03263245767501568,0.0807,-0.3137944201856165,0.07076449270035017,0.5538,-0.18604955826437958,0.04149370535792836,0.0817,-0.3130666994561035,0.0729194830308394,0.60045,-0.1790521429899915,0.07754359792039654
regime_switching,1000,0.000629940788348712,0.01,,,,,0.98,0.95,3.0,regime_switching,1.0,-0.13992833641354244,-0.33769094887204676,-0.19410363740371134,0.25525,-0.24215943805978465,0.28289627285349483,0.82445,-0.1436892192095128,0.2597293840987783,0.16765,-0.26911611832565785,0.2030697914037736,0.7242,-0.15947378458092326,0.17840908746476658,0.18685,-0.2624700843345414,0.22275060906653746,0.7129,-0.16139753740376678,0.1684981303669233,0.2631,-0.2401302713375308,0.288905218989101,0.8191,-0.14451143495837399,0.255493421497258,0.28785,-0.23456935388694478,0.3053726945585841,0.81185,-0.145774543982907,0.2489860265744832
regime_switching,1000,0.000629940788348712,0.01,,,,,0.98,0.95,3.0,regime_switching,1.0,-0.15690916004206074,-0.33769094887204676,-0.19410363740371134,0.1678,-0.2690746514441486,0.20319258676339977,0.7269,-0.1590496255028843,0.18059430709131472,0.12725,-0.2865932938750191,0.1513148491770471,0.63715,-0.17330359207915375,0.1071594824433717,0.16445,-0.2702918860860606,0.19958800498240215,0.6648,-0.16892270476184665,0.1297293187220984,0.1736,-0.2670755883858194,0.209112387294052,0.73365,-0.15801343627898032,0.18593263685042596,0.18615,-0.2627479511765619,0.2219277654488786,0.7402,-0.15694044226986759,0.19146058070281777
regime_switching,1000,0.000629940788348712,0.01,,,,,0.98,0.95,3.0,regime_switching,1.0,-0.1488003717664581,-0.33769094887204676,-0.19410363740371134,0.3282,-0.22536684929771078,0.3326239567554897,0.87435,-0.1340047072734834,0.3096228949343678,0.3338,-0.2242136197241977,0.3360390011248016,0.8764,-0.13356381672625517,0.31189431319898914,0.31325,-0.22856067422139362,0.32316612279710016,0.79595,-0.14837412085185553,0.23559330038078638,0.35705,-0.21941335958543912,0.350253951672906,0.87975,-0.13301012963362324,0.31474684651592194,0.34435,-0.22203215821210565,0.3424989359242938,0.8709,-0.13462544702453733,0.3064249139003346
regime_switching,1000,0.000629940788348712,0.01,,,,,0.98,0.95,3.0,regime_switching,1.0,-0.1759129780015894,-0.33769094887204676,-0.19410363740371134,0.01965,-0.3839298192021407,-0.13692659067274598,0.3762,-0.21568992603819606,-0.1112101191055371,0.04655,-0.34240369841721097,-0.01395580651748501,0.4855,-0.19660320866281336,-0.012877508595592299,0.11185,-0.294695144571307,0.1273229396415689,0.6352,-0.1735979155772428,0.10564316104916259,0.01915,-0.38550061401502317,-0.14157816578344773,0.3899,-0.21324223472864712,-0.09859989014595273,0.02405,-0.374763205328032,-0.1097816112034206,0.3821,-0.21458970389517606,-0.10554189898490293
regime_switching,1000,0.000629940788348712,0.01,,,,,0.98,0.95,3.0,regime_switching,1.0,-0.17529370240644643,-0.33769094887204676,-0.19410363740371134,0.0065,-0.4354496718972488,-0.2894916886334536,0.21815,-0.252790493000454,-0.30234804654732617,0.00555,-0.44494515968055576,-0.31761055831303403,0.2249,-0.2505219735136863,-0.29066089056657857,0.0065,-0.4349988352937743,-0.28815663181602813,0.22725,-0.24981967663106922,-0.2870427364092898,0.00645,-0.4365923980131882,-0.29287562924470284,0.2082,-0.2556800636254859,-0.317234787793818,0.00655,-0.4342158606001126,-0.2858380186098495,0.21655,-0.25319090878402706,-0.30441094340453584
regime_switching,1000,0.000629940788348712,0.01,,,,,0.98,0.95,3.0,regime_switching,1.0,-0.19541492112520167,-0.33769094887204676,-0.19410363740371134,0.4589,-0.20146432670854245,0.40340619912534714,0.9326,-0.12056926288828251,0.37884078577304814,0.44655,-0.20359373639472855,0.39710040474945774,0.9247,-0.12281637730518052,0.3672639062928131,0.3065,-0.2300430929941176,0.3187762545531465,0.86865,-0.13518104232162031,0.30356254972975794,0.51185,-0.19227519861858877,0.430617849661576,0.9327,-0.12054025150858277,0.3789902491220497,0.47485,-0.19848039309893734,0.4122424845501476,0.92955,-0.12128604520415404,0.37514800430094875
regime_switching,1000,0.000629940788348712,0.01,,,,,0.98,0.95,3.0,regime_switching,1.0,-0.1741380908364639,-0.33769094887204676,-0.19410363740371134,0.02025,-0.38273330543461415,-0.1333833693589289,0.3623,-0.2183789255052635,-0.125063540417136,0.03295,-0.3614017171574168,-0.07021440273886113,0.4605,-0.20115060903854304,-0.03630520133002391,0.02465,-0.37353625607321617,-0.1061482616602538,0.41045,-0.2096433486223223,-0.08005883571512014,0.02045,-0.38207744196213844,-0.13144116902851904,0.3828,-0.2144118782613665,-0.10462576141948628,0.024,-0.37487396962981845,-0.11010961615041856,0.34425,-0.22203772374004277,-0.14391325536178398
regime_switching,1000,0.000629940788348712,0.01,,,,,0.98,0.95,3.0,regime_switching,1.0,-0.2656504622191665,-0.33769094887204676,-0.19410363740371134,0.15515,-0.27402931632138944,0.18852039938677514,0.7474,-0.155780398018018,0.1974369975663351,0.11565,-0.29253781231029585,0.1337114207904332,0.6608,-0.1695144192528869,0.12668087254687518,0.03265,-0.36184303572445425,-0.07152127391355957,0.38845,-0.2135215325746621,-0.10003880107905434,0.1805,-0.26460528676420864,0.21642766071154232,0.7579,-0.15422233447853906,0.20546396481084045,0.19015,-0.26128619608778036,0.2262564425829981,0.7584,-0.15413644652044256,0.20590644986287407
regime_switching,1000,0.000629940788348712,0.01,,,,,0.98,0.95,3.0,regime_switching,1.0,-0.12207857094865193,-0.33769094887204676,-0.19410363740371134,0.5554,-0.1857915006030398,0.44981794382224505,0.94995,-0.11538578115893121,0.40554549774385124,0.49025,-0.19571534093701937,0.42043059907069896,0.93085,-0.12100957921267341,0.3765723258395792,0.45545,-0.20211875617198055,0.4014682453080357,0.90245,-0.1280087956970213,0.34051315364699225,0.55605,-0.18572462125360795,0.45001599280654636,0.9445,-0.11697697229271875,0.397347860877943,0.54375,-0.18747158156650673,0.4448427409952853,0.9483,-0.11593771900714248,0.4027019763364532
regime_switching,1000,0.000629940788348712,0.01,,,,,0.98,0.95,3.0,regime_switching,1.0,-0.2191593841114197,-0.33769094887204676,-0.19410363740371134,0.0788,-0.3149519971233583,0.06733657453550639,0.5264,-0.19012043549964583,0.020521005980845924,0.05455,-0.33403216094044125,0.01083472312132313,0.48885,-0.19592597878006118,-0.009388496788236908,0.04065,-0.34952361992039027,-0.0350399413661128,0.3713,-0.21651192506559624,-0.11544496518258679,0.0804,-0.314073140408678,0.06993912197604588,0.53755,-0.1884960092923713,0.028889866188735337,0.0748,-0.3180690577580124,0.0581060617099015,0.52355,-0.19042663124792036,0.018943520095624278
regime_switching,1000,0.000629940788348712,0.01,,,,,0.98,0.95,3.0,regime_switching,1.0,-0.18411481507868954,-0.33769094887204676,-0.19410363740371134,0.4124,-0.2093561825476502,0.3800361447443574,0.89405,-0.1298456875115098,0.3310496946461288,0.3897,-0.21331269321425117,0.36831977899687,0.8991,-0.1286923304587764,0.3369916598156663,0.28735,-0.23463916334367038,0.3051659686840566,0.7986,-0.1479259394703188,0.23790228019966828,0.3791,-0.21519525693225142,0.3627449665114055,0.8924,-0.13027584881488039,0.3288335522331151,0.369,-0.21700543417788454,0.3573845111847837,0.89085,-0.13063799455490238,0.32696781831454474
regime_switching,1000,0.000629940788348712,0.01,,,,,0.98,0.95,3.0,regime_switching,1.0,-0.10111115866603679,-0.33769094887204676,-0.19410363740371134,0.313,-0.22867303118842028,0.3228334015103676,0.8695,-0.13495340125972005,0.30473533074996517,0.34715,-0.221469697375659,0.3441645441922245,0.87745,-0.13339714656242158,0.31275297904401367,0.49625,-0.19468109404557013,0.42349330150588066,0.9355,-0.11991282724841386,0.3822226679914805,0.35325,-0.22020987513273116,0.3478952401055615,0.8739,-0.13410105384761553,0.30912652827467585,0.3414,-0.2227633510270444,0.3403336637504879,0.8695,-0.13495325503286076,0.30473608409421593
regime_switching,1000,0.000629940788348712,0.01,,,,,0.98,0.95,3.0,regime_switching,1.0,-0.22290641446593995,-0.33769094887204676,-0.19410363740371134,0.11395,-0.2935266117373935,0.13078330136525937,0.60055,-0.17903138095732374,0.07765056156592876,0.14045,-0.2801949562565223,0.17026216665733038,0.65035,-0.17111367641835612,0.11844168039746195,0.1273,-0.286556316603709,0.15142434950992126,0.59615,-0.17975598360168416,0.07391749064540122,0.1228,-0.2888056761188269,0.1447633491999301,0.6142,-0.17686900379222198,0.08879088430292252,0.11445,-0.2932397791454166,0.1316326951465702,0.63285,-0.17392696490293041,0.10394793611629216
regime_switching,1000,0.000629940788348712,0.01,,,,,0.98,0.95,3.0,regime_switching,1.0,-0.23755479061613324,-0.33769094887204676,-0.19410363740371134,0.0592,-0.3300714589000408,0.022563500731827515,0.48355,-0.19696269638973413,-0.01472954873110545,0.05945,-0.32979716517334473,0.023375763327589314,0.4961,-0.19470152442893157,-0.0030802463736251556,0.03445,-0.35962269923128753,-0.06494621911690875,0.3777,-0.2154443495292956,-0.1099449366896625,0.05065,-0.3370946875731999,0.0017657011561562632,0.49815,-0.19441128424797544,-0.0015849617677397296,0.0609,-0.3285241795821337,0.027145439700210633,0.489,-0.19587776443689525,-0.009140101942005093
regime_switching,1000,0.000629940788348712,0.01,,,,,0.98,0.95,3.0,regime_switching,1.0,-0.0960957949088556,-0.33769094887204676,-0.19410363740371134,0.40895,-0.2099337439064943,0.37832581948757077,0.90265,-0.12793173601171726,0.3409101564354757,0.48895,-0.19589894902651245,0.4198868827226406,0.9272,-0.12200860509820267,0.3714254573991316,0.76785,-0.1527886451131647,0.5475488886406095,0.9812,-0.10200978435574151,0.47445712135948337,0.39895,-0.21161948766740812,0.37333384748907766,0.90125,-0.1282794099162951,0.3391189797773344,0.4155,-0.20881791396401278,0.381630112795427,0.9092,-0.12653627425403277,0.3480994176793652
regime_switching,1000,0.000629940788348712,0.01,,,,,0.98,0.95,3.0,regime_switching,1.0,-0.2695323472890909,-0.33769094887204676,-0.19410363740371134,0.008,-0.42527132263151735,-0.25935066975293836,0.26805,-0.23884302068687135,-0.23049224569711532,0.0051,-0.44719374331726314,-0.3242692610239538,0.2199,-0.25219344173518254,-0.2992721059144897,0.00985,-0.4165776766712584,-0.2336062842747447,0.3039,-0.23060019673893625,-0.18802614841944784,0.0108,-0.4142372882536769,-0.22667572120991028,0.3013,-0.23142202140968648,-0.19226009623074486,0.0093,-0.4204159416972147,-0.24497249067967455,0.28635,-0.2349718774527735,-0.21054855331773784
regime_switching,1000,0.000629940788348712,0.01,,,,,0.98,0.95,3.0,regime_switching,1.0,-0.18417498579152347,-0.33769094887204676,-0.19410363740371134,0.0135,-0.400531288652111,-0.18608831533673964,0.31835,-0.2274346662033246,-0.1717176929059236,0.0124,-0.4035753042031711,-0.19510252066628045,0.3355,-0.22385461416228433,-0.15327366945058674,0.03965,-0.3518417405966776,-0.041904563246060456,0.41185,-0.20944797761519907,-0.0790523063695783,0.0242,-0.3743415366405711,-0.10853292897231755,0.3799,-0.21502127741909166,-0.10776531699853849,0.0195,-0.38441608585033704,-0.13836656604022493,0.37135,-0.21650096653652948,-0.11538850807949823
regime_switching,1000,0.000629940788348712,0.01,,,,,0.98,0.95,3.0,regime_switching,1.0,-0.1391936170706841,-0.33769094887204676,-0.19410363740371134,0.2352,-0.24736878279006813,0.2674699052008121,0.8102,-0.1460945543815104,0.2473373691722636,0.19205,-0.26047538622806293,0.2286574837196519,0.77705,-0.15109094722432975,0.22159651799785987,0.4832,-0.19702520087418526,0.41655172715677563,0.8986,-0.12884667831559105,0.3361964771035896,0.24295,-0.24550763091866626,0.2729813110516899,0.82305,-0.14384995275519466,0.25890130303944425,0.2461,-0.24454689880302685,0.27582631509710015,0.82115,-0.14408543686228698,0.2576881155369219
regime_switching,1000,0.000629940788348712,0.01,,,,,0.98,0.95,3.0,regime_switching,1.0,-0.27004650044275524,-0.33769094887204676,-0.19410363740371134,0.0838,-0.31151208539904507,0.07752314227089642,0.6395,-0.17294241437789118,0.10902022913567279,0.04135,-0.3483785787674892,-0.03164914526474925,0.4923,-0.19542669957565895,-0.006816266761636231,0.0211,-0.37988737127584987,-0.12495573998873036,0.38305,-0.21436868656552321,-0.10440324268454126,0.0839,-0.31148224222575754,0.07761151648817173,0.63115,-0.17424632195024498,0.102302644706063,0.07485,-0.3180318967778903,0.05821610605739217,0.61685,-0.17636996645374606,0.0913618682636094
regime_switching,1000,0.000629940788348712,0.01,,,,,0.98,0.95,3.0,regime_switching,1.0,-0.13245600863083598,-0.33769094887204676,-0.19410363740371134,0.3276,-0.2254841407804008,0.33227662294899657,0.848,-0.1394366208799615,0.28163829001333585,0.48245,-0.1971519189642559,0.4161764784552813,0.92435,-0.12300595349120613,0.3662872312105666,0.50845,-0.19286405037064447,0.4288740903040256,0.8821,-0.13245600863083595,0.31760161528892944,0.34945,-0.2209723858851074,0.3456372265137754,0.8484,-0.13935064171713277,0.2820812449418409,0.3122,-0.22886044127733585,0.322278426348784,0.85725,-0.13745863095563782,0.29182867052748207
regime_switching,1000,0.000629940788348712,0.01,,,,,0.98,0.95,3.0,regime_switching,1.0,-0.15801633529218675,-0.33769094887204676,-0.19410363740371134,0.05655,-0.33258711085322673,0.015113931942410173,0.48575,-0.1965455493322481,-0.012580454241864074,0.049,-0.33898086867530464,-0.0038198234437922,0.4331,-0.20563816229264376,-0.059424568458457304,0.06785,-0.32280262964501794,0.04408859425092291,0.4845,-0.19680300415921306,-0.013906832409777976,0.0596,-0.3295119758655587,0.02422029087189758,0.47355,-0.19880502617781814,-0.02422102355726856,0.05825,-0.3309042059873862,0.020097497156289255,0.4776,-0.19805287977313402,-0.020346050296876958
regime_switching,1000,0.000629940788348712,0.01,,,,,0.98,0.95,3.0,regime_switching,1.0,-0.2002425383493199,-0.33769094887204676,-0.19410363740371134,0.00975,-0.4176728052892133,-0.23684927500817374,0.2483,-0.24390551407054076,-0.2565736393865084,0.00915,-0.4208026946415236,-0.24611777735555596,0.28205,-0.236090214752474,-0.21631010067799922,0.01655,-0.39083790380533445,-0.15738341554847363,0.31865,-0.2273748957660447,-0.17140976236902397,0.00715,-0.43096370585955107,-0.27620745329139973,0.2409,-0.24607411885749647,-0.2677460461273738,0.0087,-0.42305676184387403,-0.25279271848110124,0.2629,-0.24017885950191437,-0.23737433627981075
regime_switching,1000,0.000629940788348712,0.01,,,,,0.98,0.95,3.0,regime_switching,1.0,-0.4380798060388678,-0.33769094887204676,-0.19410363740371134,5e-05,-0.5989442648127813,-0.7736461898471702,0.0242,-0.37438062606889844,-0.9287666685515711,0.0001,-0.5903841541418036,-0.7482972407575658,0.02585,-0.37094615449482954,-0.9110726592068331,0.0,-0.662112327305888,-0.9607049863713302,0.0091,-0.4210795560154764,-1.1693542771673233,5e-05,-0.6002758805089633,-0.7775894868192385,0.02715,-0.36853329504507737,-0.8986418800518102,0.0001,-0.5872751277820555,-0.7390905197301505,0.0273,-0.368399758164647,-0.8979539131377609
regime_switching,1000,0.000629940788348712,0.01,,,,,0.98,0.95,3.0,regime_switching,1.0,-0.17455287865282842,-0.33769094887204676,-0.19410363740371134,0.0674,-0.3234421205644712,0.042194877757812034,0.51495,-0.1918369589099684,0.011677671392775197,0.10825,-0.296747990408454,0.12124387283801999,0.59895,-0.1793847989118736,0.07582979221159263,0.1229,-0.28878761899038985,0.14481682154941822,0.60255,-0.178765284911567,0.07902145831632441,0.0775,-0.31601831218003884,0.06417890904212484,0.5082,-0.19290972580289395,0.006150897617308432,0.0675,-0.3232024184761241,0.042904704565867646,0.50655,-0.19315211757792533,0.004902122590350867
regime_switching,1000,0.000629940788348712,0.01,,,,,0.98,0.95,3.0,regime_switching,1.0,-0.24022474695578216,-0.33769094887204676,-0.19410363740371134,0.0752,-0.31779669805782873,0.05891259709704593,0.5318,-0.18935269404544772,0.02447632317359541,0.0968,-0.30318174065475445,0.10219168838418606,0.589,-0.18078754090656335,0.068603024009551,0.0211,-0.3799830462625903,-0.12523906113506245,0.30985,-0.22929729187677825,-0.1813137298394285,0.01295,-0.4021767157868307,-0.19096089821234144,0.33075,-0.22473048601459775,-0.15778606223224137,0.0206,-0.38170183826144827,-0.13032889846887047,0.38185,-0.21465286010153567,-0.10586727262140129
regime_switching,1000,0.000629940788348712,0.01,,,,,0.98,0.95,3.0,regime_switching,1.0,-0.16975694293860963,-0.33769094887204676,-0.19410363740371134,0.0619,-0.32757859475456425,0.029945588270161628,0.50325,-0.19360646345045146,0.0025613840106757896,0.0602,-0.3289577887198024,0.025861398362659094,0.55665,-0.18562083619076272,0.04370243302192966,0.1388,-0.2809971745745011,0.16788656754619538,0.7115,-0.16158267913222343,0.16754430110883686,0.0602,-0.32895130184670873,0.02588060785913908,0.5052,-0.1933486181116152,0.003889774051610391,0.04895,-0.33905435643448273,-0.004037441829548631,0.50685,-0.19310926640906334,0.00512288696877859
regime_switching,1000,0.000629940788348712,0.01,,,,,0.98,0.95,3.0,regime_switching,1.0,-0.15820971385888413,-0.33769094887204676,-0.19410363740371134,0.32945,-0.22503201174264195,0.3336155070359674,0.8613,-0.1365841886210692,0.2963336985952967,0.2102,-0.25491812695319777,0.2451141263789458,0.7633,-0.15334581412216575,0.20997969861211002,0.35975,-0.2189248060987752,0.3517006990266499,0.8313,-0.14245517133454372,0.26608705926383674,0.3538,-0.2200224035229688,0.3484503974480622,0.8664,-0.13564548056807857,0.3011698163803448,0.349,-0.22106092570614724,0.3453750346447437,0.8678,-0.13536106697168793,0.30263508308113873
regime_switching,1000,0.000629940788348712,0.01,,,,,0.98,0.95,3.0,regime_switching,1.0,-0.18759985139948093,-0.33769094887204676,-0.19410363740371134,0.1638,-0.2704992083735075,0.1989740640753704,0.71725,-0.16058254965105362,0.17269685514928318,0.11785,-0.2913440590012659,0.13724646759289355,0.65085,-0.17102052614878163,0.11892158005735727,0.08625,-0.3098086511832164,0.08256750079314433,0.56435,-0.18439213359617787,0.05003256990663576,0.18205,-0.26412368016101173,0.21785383634581848,0.72985,-0.15863267728111224,0.18274237720143247,0.16665,-0.2694759636478739,0.20200418593398528,0.72555,-0.15927781351595108,0.17941870824052047
regime_switching,1000,0.000629940788348712,0.01,,,,,0.98,0.95,3.0,regime_switching,1.0,-0.2026589608532239,-0.33769094887204676,-0.19410363740371134,0.0112,-0.4109319255043992,-0.21688759167810545,0.2736,-0.23791465145368335,-0.22570939234307374,0.0065,-0.43505052311360404,-0.28830969431297204,0.2276,-0.24967389566629433,-0.28629168935666977,0.02065,-0.3815022298660229,-0.12973780061418377,0.30635,-0.23007047855665758,-0.1852971002194034,0.0138,-0.3995001755003773,-0.18303489280593793,0.26125,-0.24065573667265439,-0.23983115356112825,0.0108,-0.41424384905120526,-0.22669514961789775,0.27405,-0.23778592325117798,-0.22504619919416005
regime_switching,1000,0.000629940788348712,0.01,,,,,0.98,0.95,3.0,regime_switching,1.0,-0.18577598206915036,-0.33769094887204676,-0.19410363740371134,0.01225,-0.4055280619450518,-0.20088519784019726,0.2926,-0.23336463621721448,-0.20226822814167655,0.0059,-0.4421058900328024,-0.3092026644762667,0.22165,-0.2515947286299617,-0.29618760367007474,0.0177,-0.3887988586840291,-0.15134521663281958,0.2853,-0.23522730098861377,-0.21186446650337803,0.01145,-0.41040052025392776,-0.215313947930038,0.2863,-0.23501999562605455,-0.21079645270759298,0.0145,-0.396896356226578,-0.1753242352283612,0.29555,-0.2327291711602465,-0.19899438399600347
regime_switching,1000,0.000629940788348712,0.01,,,,,0.98,0.95,3.0,regime_switching,1.0,-0.1350818487818645,-0.33769094887204676,-0.19410363740371134,0.1485,-0.27689273300571876,0.1800409992314151,0.7094,-0.16188703672505905,0.1659762851926663,0.24075,-0.24609797007402284,0.2712331470652744,0.81135,-0.14593458205023951,0.2481615285409938,0.246,-0.2446326273276384,0.2755724482851589,0.812,-0.1457421670227136,0.24915282901377026,0.1619,-0.2712126198340389,0.19686144760485405,0.71165,-0.1615388574571064,0.16777006542579248,0.1486,-0.27683874504934675,0.180200873094047,0.711,-0.16165815119410087,0.16715547757679525
regime_switching,1000,0.000629940788348712,0.01,,,,,0.98,0.95,3.0,regime_switching,1.0,-0.13106299077267652,-0.33769094887204676,-0.19410363740371134,0.3777,-0.2154436820242335,0.3620093083813553,0.8818,-0.1325280257538508,0.3172305912113895,0.4008,-0.21126742229801346,0.3743764142814973,0.8995,-0.1286450265430053,0.3372353642428673,0.5804,-0.18213811223013207,0.4606366772976632,0.91135,-0.1259823944259449,0.3509529439475818,0.3781,-0.21537196062653727,0.36222169606286053,0.8759,-0.13365312544614227,0.3114342047688655,0.3629,-0.2182226091550324,0.35378010608830884,0.86935,-0.13503041984920072,0.30433853968251867
regime_switching,1000,0.000629940788348712,0.01,,,,,0.98,0.95,3.0,regime_switching,1.0,-0.2964236257147418,-0.33769094887204676,-0.19410363740371134,0.0022,-0.48793751227171017,-0.4449232764500087,0.1209,-0.28957713585826256,-0.4918686724864319,0.0024,-0.4859642193799571,-0.4390797887925981,0.13325,-0.2835882111431422,-0.4610144092937018,0.00385,-0.4615025613249413,-0.3666417855333384,0.1708,-0.26796658388410544,-0.3805335513974341,0.0023,-0.4870159731690347,-0.44219433418562887,0.1353,-0.28250089514525145,-0.45541268017396735,0.00195,-0.49669850553874223,-0.47086709666874854,0.1275,-0.286391619691421,-0.4754572532598253
regime_switching,1000,0.000629940788348712,0.01,,,,,0.98,0.95,3.0,regime_switching,1.0,-0.11970245256358075,-0.33769094887204676,-0.19410363740371134,0.2052,-0.25662185306465574,0.2400689034698073,0.72705,-0.15900679797663292,0.1808149496656849,0.363,-0.218203518605257,0.35383663869553195,0.8591,-0.1370643170449871,0.2938601312251021,0.59615,-0.1797491471270045,0.4677110898962454,0.92815,-0.12163931569880056,0.3733279946433669,0.1811,-0.2644479126147894,0.2168936908196779,0.73735,-0.15728807226488928,0.1896696302617466,0.2161,-0.2533801989412684,0.249668373441434,0.7351,-0.1577049485237031,0.18752193089665556
regime_switching,1000,0.000629940788348712,0.01,,,,,0.98,0.95,3.0,regime_switching,1.0,-0.37259794561381665,-0.33769094887204676,-0.19410363740371134,0.00085,-0.5296569651132098,-0.5684665724158932,0.089,-0.30819508798614387,-0.5877862574266784,0.00055,-0.5385315655493864,-0.5947468161293226,0.0778,-0.31563508692416486,-0.6261162909981088,0.00015,-0.5672760404953727,-0.6798674716932293,0.05225,-0.33601841530194104,-0.731128894833973,0.00085,-0.5239692671787324,-0.5516236633788715,0.09615,-0.3035363783217349,-0.5637851118184721,0.001,-0.5160116838302191,-0.5280589709431011,0.09835,-0.3023108390530378,-0.557471272031183
regime_switching,1000,0.000629940788348712,0.01,,,,,0.98,0.95,3.0,regime_switching,1.0,-0.10145457006656412,-0.33769094887204676,-0.19410363740371134,0.3981,-0.21180048355922565,0.37279786660945363,0.89815,-0.12899251158999964,0.33544516055764934,0.48595,-0.19650081806494868,0.4181045754370986,0.9377,-0.11935712883828284,0.3850855633888256,0.55215,-0.1863262354887425,0.4482344400668474,0.9435,-0.11739352568165101,0.39520182490198713,0.41015,-0.20971573886115344,0.37897139511246997,0.8923,-0.13028922297005116,0.32876465009738154,0.3969,-0.21204249643088288,0.3720811969075691,0.89435,-0.12979338399953128,0.3313191564278765
regime_switching,1000,0.000629940788348712,0.01,,,,,0.98,0.95,3.0,regime_switching,1.0,-0.17320942246250814,-0.33769094887204676,-0.19410363740371134,0.13525,-0.28254348780567057,0.16330748943843298,0.6698,-0.16816477707285826,0.13363407650575596,0.1584,-0.2727243912558014,0.19238465772697275,0.67415,-0.16744866509724782,0.13732340446060012,0.1694,-0.268492207308823,0.20491737132535226,0.63795,-0.17320942246250828,0.10764463366415795,0.1367,-0.28187845758051056,0.16527683515936908,0.6682,-0.1683909984237718,0.13246860967607962,0.1418,-0.27952260328709466,0.1722531971296407,0.66205,-0.16931406505978935,0.12771307470329765
regime_switching,1000,0.000629940788348712,0.01,,,,,0.98,0.95,3.0,regime_switching,1.0,-0.21532817975488466,-0.33769094887204676,-0.19410363740371134,0.035,-0.35862288009272486,-0.06198546715745509,0.4207,-0.20792453803290467,-0.07120371783887586,0.03375,-0.36025650487990346,-0.06682309988831514,0.42395,-0.20717308657528644,-0.06733232486721655,0.0287,-0.3664516271381294,-0.08516863825384981,0.3934,-0.21274861584739968,-0.09605682146444847,0.02595,-0.37075729637555366,-0.0979189629273598,0.4186,-0.20830330557309104,-0.0731550853930994,0.02045,-0.382211846278851,-0.13183917885721452,0.41445,-0.2090182768442776,-0.07683853656768765
regime_switching,1000,0.000629940788348712,0.01,,,,,0.98,0.95,3.0,regime_switching,1.0,-0.27062217565257235,-0.33769094887204676,-0.19410363740371134,0.00515,-0.4466378953513797,-0.32262323536724,0.21685,-0.2530618007400617,-0.3037457933553544,0.00645,-0.43620825669311314,-0.29173807633912985,0.2199,-0.2521787002860878,-0.2991961596350077,0.02625,-0.37006895123667216,-0.0958805750428734,0.3765,-0.2156232437881474,-0.11086657969050816,0.00655,-0.4345601680368129,-0.2868576119328283,0.22455,-0.2506481471646468,-0.2913109229546787,0.0064,-0.4374928292040821,-0.2955420649128826,0.21685,-0.25307308174778953,-0.30380391183205446
regime_switching,1000,0.000629940788348712,0.01,,,,,0.98,0.95,3.0,regime_switching,1.0,-0.16317236997829584,-0.33769094887204676,-0.19410363740371134,0.3185,-0.22740324731067008,0.3265935966888037,0.84755,-0.13954413135731852,0.2810844081861065,0.2367,-0.2470626232464536,0.26837653164323577,0.77715,-0.15107599502822427,0.22167355002212008,0.3008,-0.2315827081330798,0.31421701142239394,0.70095,-0.1631723699782955,0.15935439355565836,0.32155,-0.22686662682295666,0.32818268425394526,0.8373,-0.14144800715595712,0.27127585527022907,0.30545,-0.230333918692041,0.3179150360369416,0.84725,-0.1395881253638766,0.2808577560370457
regime_switching,1000,0.000629940788348712,0.01,,,,,0.98,0.95,3.0,regime_switching,1.0,-0.14257765601830327,-0.33769094887204676,-0.19410363740371134,0.0367,-0.35639268413299946,-0.05538121564531156,0.42365,-0.20723324571196866,-0.06764225793950156,0.03535,-0.358007095636651,-0.06016195231901867,0.4477,-0.20340394782484422,-0.04791414805787179,0.0778,-0.31571469498117544,0.06507800687070907,0.52585,-0.19020010394019932,0.020110563180189965,0.0366,-0.35658613380013393,-0.05595407573463474,0.4531,-0.20255539966542438,-0.043542523853555774,0.0345,-0.3593115731485506,-0.06402488532405423,0.4358,-0.20524393610535682,-0.05739355970169201
regime_switching,1000,0.000629940788348712,0.01,,,,,0.98,0.95,3.0,regime_switching,1.0,-0.1414433761005788,-0.33769094887204676,-0.19410363740371134,0.1275,-0.2864444471556805,0.15175562711271798,0.63945,-0.1730055016259217,0.10869521076469134,0.13245,-0.2841426332262251,0.1585719600264188,0.6835,-0.16585316375061226,0.1455432470559097,0.2456,-0.2447506288527284,0.27522301183895226,0.78745,-0.1496101041038842,0.2292256543718763,0.12255,-0.2889035508169802,0.1444735140755946,0.6185,-0.17616321874722354,0.09242700907852625,0.126,-0.2873232015048324,0.14915338280594245,0.6549,-0.17042974714110337,0.12196520672803894
regime_switching,1000,0.000629940788348712,0.01,,,,,0.98,0.95,3.0,regime_switching,1.0,-0.3257724283594849,-0.33769094887204676,-0.19410363740371134,0.0002,-0.5594062287791216,-0.6565626962986331,0.0507,-0.33702540330557373,-0.7363167832069162,0.0009,-0.5188946769252751,-0.5365963424796666,0.08415,-0.31134549669842193,-0.6040168070156365,0.00085,-0.5289011873105528,-0.5662284970242327,0.07635,-0.31665049274479723,-0.6313475470127524,0.0001,-0.5765485495165772,-0.707326037142426,0.04655,-0.34227822342871117,-0.7633787187450547,0.00015,-0.561812112191686,-0.6636872088761852,0.0464,-0.34256651904614677,-0.76486398517948
regime_switching,1000,0.000629940788348712,0.01,,,,,0.98,0.95,3.0,regime_switching,1.0,-0.17322534488616226,-0.33769094887204676,-0.19410363740371134,0.3982,-0.21178723579940442,0.37283709703557394,0.89205,-0.13035226352797108,0.32843987226857246,0.23385,-0.24774407328972828,0.2663585621194719,0.78265,-0.15026650979017236,0.22584392647090493,0.2789,-0.23683163020854409,0.2986734438704749,0.8239,-0.1437723427768562,0.2593011408754404,0.42505,-0.20695858925589644,0.38713610789042985,0.89145,-0.13050904082101952,0.327632173375623,0.40765,-0.21013924883534954,0.37771726030189623,0.89045,-0.13070390872846271,0.3266282359427665
regime_switching,1000,0.000629940788348712,0.01,,,,,0.98,0.95,3.0,regime_switching,1.0,-0.18533431322636196,-0.33769094887204676,-0.19410363740371134,0.5142,-0.1919442752924418,0.43159780878471016,0.93225,-0.12066441547503876,0.37835057040135817,0.39415,-0.2126325085385904,0.3703340014032825,0.88845,-0.1311427740295864,0.3243672515171583,0.4165,-0.2086549045146006,0.3821128306472281,0.85845,-0.13724707869990177,0.2929185638368797,0.45875,-0.20150544982051694,0.40328442176616164,0.92555,-0.12247098217879385,0.3690433429432881,0.4805,-0.19753318661867084,0.4150474353000281,0.9289,-0.12146901725193937,0.37420535299243785
regime_switching,1000,0.000629940788348712,0.01,,,,,0.98,0.95,3.0,regime_switching,1.0,-0.164136788244984,-0.33769094887204676,-0.19410363740371134,0.30855,-0.22955917251208235,0.3202092822480007,0.84715,-0.13959794008199233,0.28080719171868973,0.22165,-0.25159363895879117,0.25495889126089194,0.80605,-0.14682426788851635,0.24357796766507678,0.16445,-0.2703053102665437,0.1995482521239736,0.69495,-0.16413678824498434,0.1543858196557115,0.297,-0.23235961413115527,0.3119163693688521,0.8366,-0.14151549607940678,0.270928159965018,0.3207,-0.22697974688759126,0.32784770321577283,0.8469,-0.13963563180692645,0.28061300821219665
regime_switching,1000,0.000629940788348712,0.01,,,,,0.98,0.95,3.0,regime_switching,1.0,-0.14469319393201552,-0.33769094887204676,-0.19410363740371134,0.26805,-0.23883713389069292,0.2927345708007418,0.8404,-0.14091488720529605,0.2740224289964712,0.2606,-0.2408386778790863,0.2868074235227974,0.8351,-0.14181394692147894,0.26939057496112945,0.4045,-0.21060341534511617,0.3763427297990295,0.89595,-0.1293839578807641,0.33342847351355087,0.29985,-0.2317998461841794,0.31357400321674056,0.8404,-0.14091619059787264,0.2740157140652416,0.26135,-0.24061344862122946,0.2874743921182222,0.83105,-0.14250795294738888,0.2658151343604647
regime_switching,1000,0.000629940788348712,0.01,,,,,0.98,0.95,3.0,regime_switching,1.0,-0.1574495321680971,-0.33769094887204676,-0.19410363740371134,0.1705,-0.2680180780846442,0.20632140429029408,0.71785,-0.1605224449516568,0.1730065077668269,0.11275,-0.29410949062998076,0.12905722936204395,0.61855,-0.1761171619733664,0.09266428837155331,0.1934,-0.2600754436329755,0.2298418287440693,0.7152,-0.16095589718356,0.1707734108619932,0.1755,-0.26641739190330305,0.211061496338031,0.70275,-0.16285755075567715,0.16097630660597168,0.18485,-0.2632948084336942,0.22030836386598487,0.70385,-0.16267842401434301,0.16189914733028832
regime_switching,1000,0.000629940788348712,0.01,,,,,0.98,0.95,3.0,regime_switching,1.0,-0.14400058693389628,-0.33769094887204676,-0.19410363740371134,0.04825,-0.33977497454492317,-0.006171399262661497,0.51185,-0.19226738678397803,0.009460155637960209,0.05065,-0.33710622739657825,0.0017315284209469969,0.48825,-0.1960867843101709,-0.010216948703206769,0.1354,-0.282347125607095,0.16388897437082883,0.65615,-0.17023501162407542,0.12296846210044046,0.0629,-0.3267635302854777,0.03235922852853692,0.51245,-0.192173590388616,0.009943384064880118,0.06065,-0.3286490453618566,0.026775676222273344,0.50155,-0.1939506999674935,0.0007879163845844926
regime_switching,1000,0.000629940788348712,0.01,,,,,0.98,0.95,3.0,regime_switching,1.0,-0.21156091551004644,-0.33769094887204676,-0.19410363740371134,0.01205,-0.40738240967105555,-0.2063764546600724,0.26615,-0.23929041788034272,-0.23279718546772268,0.01145,-0.40967727995968944,-0.2131722254567112,0.2757,-0.23747983503141282,-0.22346926728366456,0.00995,-0.41558199315465577,-0.2306577790810805,0.236,-0.24717572683520464,-0.2734214059116779,0.00955,-0.41893638726967364,-0.24059110458542757,0.2726,-0.23806421834099734,-0.22647994404068522,0.00885,-0.42278749563217694,-0.25199534380287403,0.27175,-0.23818516788638566,-0.22710306242736833
regime_switching,1000,0.000629940788348712,0.01,,,,,0.98,0.95,3.0,regime_switching,1.0,-0.2546198416789076,-0.33769094887204676,-0.19410363740371134,0.009,-0.42169700598151516,-0.24876609038549868,0.25385,-0.24250400199480637,-0.2493532075879048,0.0045,-0.45213072086100664,-0.3388890711202385,0.2212,-0.25176433270860216,-0.29706138471255833,0.00505,-0.4474716081365358,-0.32509209865167465,0.18745,-0.2622145957346375,-0.3508999586095539,0.00675,-0.43347199090067573,-0.28363520653590574,0.2357,-0.2472550859317461,-0.2738302550069497,0.00815,-0.42499070857152044,-0.2585196908329104,0.24595,-0.24464577020021344,-0.2603873552940215
regime_switching,1000,0.000629940788348712,0.01,,,,,0.98,0.95,3.0,regime_switching,1.0,-0.21446593051087515,-0.33769094887204676,-0.19410363740371134,0.0595,-0.3296668207101464,0.02376175076264996,0.539,-0.1882677874107238,0.03006563952662922,0.0371,-0.35583388238878616,-0.05372644300162713,0.4778,-0.1980054889739148,-0.02010189825597182,0.033,-0.3613666086471869,-0.07011043634489295,0.38255,-0.2144659305108751,-0.10490423249932573,0.0603,-0.3288546770647697,0.026166741622160577,0.5417,-0.18786764175385556,0.03212714472158851,0.0561,-0.3329389576478419,0.014072012412762036,0.5205,-0.19094475130310976,0.016274224135385436
regime_switching,1000,0.000629940788348712,0.01,,,,,0.98,0.95,3.0,regime_switching,1.0,-0.2008836908062916,-0.33769094887204676,-0.19410363740371134,0.1744,-0.2668376825601956,0.20981689485168267,0.7154,-0.160883169855164,0.17114809383738092,0.18795,-0.2620572084798202,0.22397325319158803,0.7679,-0.15277975687280365,0.21289596157829424,0.21445,-0.25380085531578844,0.24842268896003133,0.74645,-0.1558946886867144,0.19684818495970316,0.1853,-0.26309009517845156,0.22091457867845293,0.72695,-0.15903488871397864,0.1806702293620293,0.17395,-0.266946102479818,0.20949583229438123,0.72325,-0.15962202757253546,0.17764535632816827
regime_switching,1000,0.000629940788348712,0.01,,,,,0.98,0.95,3.0,regime_switching,1.0,-0.1883679874015972,-0.33769094887204676,-0.19410363740371134,0.07865,-0.3150650994962307,0.067001645887729,0.54435,-0.1873694037324557,0.03469401069104787,0.0494,-0.3384785139450957,-0.0023322066394718777,0.46435,-0.20031936413802565,-0.03202272155975301,0.0468,-0.3417476815342143,-0.012013151894410625,0.44885,-0.20320983132150702,-0.04691408177403671,0.0834,-0.3117051170652886,0.07695152000240424,0.55835,-0.1853281271534794,0.045210436896553186,0.0735,-0.31893418589373707,0.05554416853919514,0.54865,-0.18679034331849045,0.03767726449149505
regime_switching,1000,0.000629940788348712,0.01,,,,,0.98,0.95,3.0,regime_switching,1.0,-0.15194961178088875,-0.33769094887204676,-0.19410363740371134,0.02895,-0.36609901355589625,-0.08412444804558111,0.4408,-0.20448441922589627,-0.0534806145883511,0.0778,-0.31564697932741287,0.06527853239260638,0.6048,-0.1784345285550093,0.08072547767928867,0.14585,-0.27778650879551225,0.1773942721196021,0.715,-0.1610077628047797,0.17050620504393915,0.0311,-0.36356969917267823,-0.07663442087231391,0.4218,-0.20765344651833578,-0.0698070849978073,0.02845,-0.36675488105600484,-0.08606666030297008,0.4045,-0.21060612366604617,-0.08501894391608808
regime_switching,1000,0.000629940788348712,0.01,,,,,0.98,0.95,3.0,regime_switching,1.0,-0.15063250083354807,-0.33769094887204676,-0.19410363740371134,0.1942,-0.2599097570291524,0.23033247441987592,0.72785,-0.15886357142269641,0.18155283668239552,0.1748,-0.2666988800919325,0.21022792887177327,0.7403,-0.15689959050046964,0.19167104440120264,0.16995,-0.2682699966592419,0.2055754009536954,0.69255,-0.1645225945351877,0.1523981892570038,0.1617,-0.271424490518446,0.1962340375865671,0.72695,-0.15901700264381657,0.18076237637380768,0.15355,-0.2748019874172607,0.18623229809637298,0.72815,-0.1588407806566596,0.18167025213293347
regime_switching,1000,0.000629940788348712,0.01,,,,,0.98,0.95,3.0,regime_switching,1.0,-0.12151669359292439,-0.33769094887204676,-0.19410363740371134,0.28035,-0.23646417095329597,0.29976159638529803,0.8392,-0.1410813061676365,0.27316505731314555,0.238,-0.24682628336947576,0.26907640197664934,0.83375,-0.14200668975412856,0.2683975856734082,0.4103,-0.2096947993361753,0.3790334030669268,0.89505,-0.12959183967759433,0.332357489993557,0.26665,-0.23917377923468136,0.29173766713745763,0.8562,-0.1376716159386081,0.2907313959693175,0.29395,-0.23307604724509806,0.3097948049137318,0.852,-0.13862698983626293,0.2858094176363316
regime_switching,1000,0.000629940788348712,0.01,,,,,0.98,0.95,3.0,regime_switching,1.0,-0.223169028871596,-0.33769094887204676,-0.19410363740371134,0.01995,-0.383040121094485,-0.13429193875024859,0.3513,-0.22055046605263556,-0.1362510718638318,0.0189,-0.38614692427700525,-0.14349207631063507,0.329,-0.2251403838079498,-0.1598978093320626,0.0095,-0.4193603642094555,-0.241846622215373,0.2625,-0.24035082767016425,-0.23826029684474448,0.0173,-0.3895110554917991,-0.15345423616724566,0.33955,-0.2230968527368693,-0.149369768238066,0.02075,-0.38122090911776596,-0.12890472898701522,0.34965,-0.2209077932890547,-0.13809198139648488
regime_switching,1000,0.000629940788348712,0.01,,,,,0.98,0.95,3.0,regime_switching,1.0,-0.15223885514968094,-0.33769094887204676,-0.19410363740371134,0.2034,-0.25712339541296486,0.23858369236188634,0.7646,-0.1531385393248419,0.21104755493925728,0.1506,-0.27610737369569033,0.18236667397233333,0.715,-0.16101096717690905,0.17048969648092513,0.3728,-0.21624464858756184,0.35963741607567246,0.8577,-0.13737720455341582,0.29224817014794846,0.18415,-0.26356312645884095,0.2195137970407768,0.751,-0.1553275393164916,0.19977007440911732,0.1781,-0.26548939224067536,0.21380957017811286,0.74555,-0.15602516470004024,0.19617598728700084
regime_switching,1000,0.000629940788348712,0.01,,,,,0.98,0.95,3.0,regime_switching,1.0,-0.17320880657892124,-0.33769094887204676,-0.19410363740371134,0.238,-0.24682255630224,0.26908743889442344,0.80245,-0.14737899356795808,0.24072008366629333,0.26975,-0.23856482008731272,0.2935409702742538,0.8065,-0.14675479014813025,0.24393590913034457,0.27745,-0.2371523150134267,0.29772380395281123,0.8076,-0.1465606217494191,0.24493624277328038,0.25195,-0.24301208629842108,0.2803713362465634,0.79745,-0.14821696360624967,0.2364029567463649,0.27315,-0.23799771965195882,0.2952203177286293,0.8083,-0.1464187819071503,0.24566698560822173
regime_switching,1000,0.000629940788348712,0.01,,,,,0.98,0.95,3.0,regime_switching,1.0,-0.1825863361843403,-0.33769094887204676,-0.19410363740371134,0.06175,-0.32775153762503345,0.02943345470233321,0.5133,-0.19209650906968417,0.010340498307368592,0.07785,-0.31549733227985605,0.06572168033025964,0.5353,-0.18880800375410894,0.027282505987191456,0.1603,-0.2720339364014721,0.1944292930855322,0.66395,-0.1690875599666986,0.128880003340599,0.0701,-0.32148283597242194,0.04799688281182263,0.52365,-0.1904156357072744,0.01900016787818535,0.06425,-0.3259095053419371,0.03488824195455042,0.4867,-0.19640013426108305,-0.011831292231764228
regime_switching,1000,0.000629940788348712,0.01,,,,,0.98,0.95,3.0,regime_switching,1.0,-0.08174004769656736,-0.33769094887204676,-0.19410363740371134,0.6163,-0.17645586600832083,0.477463442245883,0.96915,-0.10795691249737331,0.44381818938902,0.6462,-0.1718178239326173,0.4911980184647467,0.9776,-0.10407893884272862,0.4637970713229994,0.8054,-0.1469401652216967,0.5648679192838738,0.99035,-0.09461461377422206,0.5125562043052523,0.59925,-0.1793305056103861,0.46895080780404463,0.96945,-0.10781073126183573,0.4445712985913661,0.5774,-0.18256527471880188,0.4593717263414809,0.9711,-0.1071356920920776,0.44804902409299663
regime_switching,1000,0.000629940788348712,0.01,,,,,0.98,0.95,3.0,regime_switching,1.0,-0.2510504272005112,-0.33769094887204676,-0.19410363740371134,0.0098,-0.41704059758394024,-0.23497712620648167,0.26135,-0.24059625857341077,-0.239524729116748,0.0067,-0.43360061550991696,-0.2840161009888689,0.2419,-0.24577298903705785,-0.26619465932975134,0.00675,-0.4334386141127707,-0.2835363682696847,0.2159,-0.25341386338873295,-0.30555958032699687,0.00845,-0.4240639843889561,-0.25577539405605043,0.26135,-0.24060289759208964,-0.2395589325905606,0.00985,-0.41657826894997735,-0.23360803818233664,0.26975,-0.23856578520261218,-0.229063959818667
regime_switching,1000,0.000629940788348712,0.01,,,,,0.98,0.95,3.0,regime_switching,1.0,-0.2428309970536546,-0.33769094887204676,-0.19410363740371134,0.14205,-0.2794129097343806,0.17257803128074978,0.7035,-0.16274721130156594,0.16154476300167392,0.20985,-0.25509869475297864,0.24457941320293677,0.76945,-0.15244218396771964,0.21463509902877853,0.0999,-0.3013771296073125,0.10753566059744703,0.6368,-0.17336221654015796,0.10685745584671251,0.1394,-0.2806923404026385,0.16878926918176115,0.70755,-0.16212381366489906,0.1647564371619592,0.1596,-0.27231260199530205,0.19360408413409083,0.71865,-0.16040240950135812,0.17362491683893008
regime_switching,1000,0.000629940788348712,0.01,,,,,0.98,0.95,3.0,regime_switching,1.0,-0.16401265583317512,-0.33769094887204676,-0.19410363740371134,0.0157,-0.393457625312183,-0.1651411642106717,0.32215,-0.22679294562535532,-0.1684116210231254,0.02205,-0.37807001971511395,-0.11957403945217103,0.3839,-0.21424229512013643,-0.10375208824417441,0.0494,-0.3385416371634476,-0.0025191326395993144,0.4917,-0.1955125364031702,-0.007258488394674101,0.0148,-0.39626159776253767,-0.17344453289650857,0.3378,-0.22346739106319125,-0.15127873981262374,0.01395,-0.3988731937351056,-0.18117821951526805,0.3145,-0.22831411537919594,-0.17624851565419702
regime_switching,1000,0.000629940788348712,0.01,,,,,0.98,0.95,3.0,regime_switching,1.0,-0.2873076210593541,-0.33769094887204676,-0.19410363740371134,0.0023,-0.4877233566056829,-0.444289099944116,0.1331,-0.28374840048624916,-0.4618396866828822,0.00515,-0.44674544218296197,-0.3229417124598049,0.16175,-0.2713196355996077,-0.39780809483387847,0.0043,-0.455080321216295,-0.34762368590674847,0.16,-0.27217632214236276,-0.4022216470692406,0.0026,-0.47884953797000196,-0.41801117136675486,0.129,-0.28565348224036513,-0.47165445254506766,0.00275,-0.47647562164364576,-0.4109813225233508,0.13865,-0.28104977873123765,-0.44793669243142104
regime_switching,1000,0.000629940788348712,0.01,,,,,0.98,0.95,3.0,regime_switching,1.0,-0.2030189627331683,-0.33769094887204676,-0.19410363740371134,0.04065,-0.3494001941405869,-0.034674442141997774,0.4213,-0.20778198727701486,-0.07046931245731505,0.02815,-0.3670792672862167,-0.08702726120534952,0.36555,-0.21766568942328926,-0.12138902874123783,0.02865,-0.3664779216233326,-0.08524650378530992,0.3591,-0.2191020337744213,-0.12878891248553176,0.03905,-0.3526020411223439,-0.04415603172102501,0.4121,-0.20940408061800708,-0.07882615400180643,0.03815,-0.3540409425199362,-0.04841703250413304,0.4251,-0.20695091147882355,-0.0661877038831142
regime_switching,1000,0.000629940788348712,0.01,,,,,0.98,0.95,3.0,regime_switching,1.0,-0.13839747388684717,-0.33769094887204676,-0.19410363740371134,0.4016,-0.2110678453410329,0.374967419037909,0.8797,-0.13303174929633843,0.31463546445732493,0.3976,-0.2118963325082432,0.37251403031079744,0.84775,-0.1394964815367738,0.281329894675603,0.54965,-0.1866673849443774,0.44722419843385597,0.9048,-0.1275066073896859,0.3431003710430832,0.4055,-0.21044824507827567,0.37680223357714027,0.8709,-0.13462394717985302,0.30643264093061784,0.39455,-0.21255914166272635,0.370551261818787,0.8781,-0.1332814330988476,0.31334912172903356
regime_switching,1000,0.000629940788348712,0.01,,,,,0.98,0.95,3.0,regime_switching,1.0,-0.14484433294467408,-0.33769094887204676,-0.19410363740371134,0.10005,-0.3013375417736433,0.10765289155611332,0.60955,-0.1775880069647689,0.08508666122825917,0.13805,-0.28123705382409053,0.16717621611275985,0.693,-0.16447083172952315,0.152664865380939,0.2494,-0.24365612520467708,0.2784641518567916,0.76955,-0.15241780309403102,0.21476070653420565,0.109,-0.2962242996070479,0.12279467188417553,0.6242,-0.17528797908584234,0.09693614488395585,0.1052,-0.2986676262044044,0.11555927926995918,0.60815,-0.17777552369717664,0.08412059621826797
regime_switching,1000,0.000629940788348712,0.01,,,,,0.98,0.95,3.0,regime_switching,1.0,-0.1549862700393818,-0.33769094887204676,-0.19410363740371134,0.22205,-0.25143021915431246,0.2554428242920394,0.76685,-0.1529076742122698,0.2122369459041052,0.2556,-0.24202442287568787,0.28329609163616504,0.8316,-0.1423641994151284,0.2665557363099351,0.3544,-0.2199099735709964,0.34878333486420543,0.83295,-0.1421391984820608,0.26771491568481526,0.19565,-0.2594702034743042,0.23163411888596658,0.7501,-0.1554493341203605,0.19914260134628348,0.2214,-0.25164118419378523,0.25481809614881423,0.75425,-0.15484941619017234,0.20223331071274628
regime_switching,1000,0.000629940788348712,0.01,,,,,0.98,0.95,3.0,regime_switching,1.0,-0.1679265317715237,-0.33769094887204676,-0.19410363740371134,0.00995,-0.4159678149953774,-0.23180030849150837,0.2754,-0.23751266283028716,-0.22363839239287653,0.01225,-0.40510053256443707,-0.19961916041146907,0.248,-0.2440430597589913,-0.2572822592263544,0.01965,-0.38395897034952176,-0.13701291560232562,0.322,-0.22681512136256715,-0.16852586791467494,0.01145,-0.4096767970506151,-0.21317079542408535,0.2563,-0.24192195698654878,-0.24635457749501782,0.01035,-0.41491347793234606,-0.2286781132815005,0.25945,-0.24121348122485253,-0.2427045904511238
regime_switching,1000,0.000629940788348712,0.01,,,,,0.98,0.95,3.0,regime_switching,1.0,-0.22877464071867942,-0.33769094887204676,-0.19410363740371134,0.07485,-0.3180332454934862,0.05821211212270001,0.5417,-0.18785944041633645,0.03216939708547416,0.0719,-0.3202090822820268,0.05176883374698895,0.5181,-0.19133933478335663,0.014241374645676031,0.121,-0.2894501344763545,0.14285492269433323,0.62035,-0.1758004379141215,0.09429601492485926,0.09065,-0.30716865039866553,0.0903853022277666,0.52095,-0.1908351898340189,0.01683867244019996,0.07615,-0.3168900984679872,0.061597299168184454,0.5081,-0.1929275399691676,0.006059121046235797
regime_switching,1000,0.000629940788348712,0.01,,,,,0.98,0.95,3.0,regime_switching,1.0,-0.21706106417436258,-0.33769094887204676,-0.19410363740371134,0.0539,-0.33448717454166443,0.009487297012500787,0.4836,-0.19694620859325865,-0.014644605467310832,0.0586,-0.3306930799702372,0.02072270200070145,0.5064,-0.19318186617214422,0.004748861195475412,0.04035,-0.3503597852117649,-0.03751606722665955,0.3997,-0.21141685472754337,-0.08919573870644529,0.04075,-0.3490686390147792,-0.03369261207839927,0.47265,-0.1989944369594162,-0.025196846494600304,0.0494,-0.3385000522537957,-0.002395987764704697,0.4784,-0.19792045212433634,-0.019663798018820778
regime_switching,1000,0.000629940788348712,0.01,,,,,0.98,0.95,3.0,regime_switching,1.0,-0.22391760604499186,-0.33769094887204676,-0.19410363740371134,0.05725,-0.3316607666072329,0.017857103617836993,0.4991,-0.19424978245427366,-0.0007529227814435804,0.0476,-0.34063249306868876,-0.00871075818427271,0.4596,-0.2013462196162204,-0.037312964915981434,0.105,-0.2987313152417154,0.11537067771719695,0.54305,-0.18760466956323457,0.03348194772342016,0.0676,-0.3230865163063005,0.043247924217477314,0.50415,-0.19346230237639317,0.003304085569423264,0.0672,-0.32360732397332054,0.04170566296126165,0.5029,-0.1936642936335637,0.002263449443937357
regime_switching,1000,0.000629940788348712,0.01,,,,,0.98,0.95,3.0,regime_switching,1.0,-0.17482694483150032,-0.33769094887204676,-0.19410363740371134,0.18825,-0.26200322217706706,0.22413312215737904,0.7178,-0.16053227058982536,0.17295588718959307,0.1628,-0.2707791979319083,0.19814493448413906,0.71025,-0.16176363786258596,0.16661202218411916,0.2051,-0.25666495266015465,0.23994127317458358,0.7579,-0.1542332899687164,0.20540752336376666,0.18505,-0.2631845221928996,0.22063495313692313,0.72845,-0.1588000895029049,0.18187988835767913,0.19195,-0.26057391404630487,0.22836571451893437,0.69995,-0.1632726903056134,0.15883755456871435
regime_switching,1000,0.000629940788348712,0.01,,,,,0.98,0.95,3.0,regime_switching,1.0,-0.3089843012090701,-0.33769094887204676,-0.19410363740371134,0.0156,-0.3937469715723037,-0.16599800168614212,0.3355,-0.2238584993494156,-0.1532936854955369,0.02165,-0.37879905681962184,-0.12173292794753347,0.3777,-0.21545878842144459,-0.11001932422995865,0.01945,-0.38455481201563285,-0.13877737410528912,0.35745,-0.21936098502919704,-0.1301230000803827,0.01995,-0.38293774669492897,-0.1339887787162057,0.34,-0.22300761753045106,-0.14891003854102464,0.0173,-0.38953422250893976,-0.15352284036649366,0.32715,-0.22560932732356595,-0.16231375331893813
regime_switching,1000,0.000629940788348712,0.01,,,,,0.98,0.95,3.0,regime_switching,1.0,-0.15415786105108814,-0.33769094887204676,-0.19410363740371134,0.0443,-0.3447243408391996,-0.020827896011562496,0.45775,-0.20167284676035058,-0.03899571104325175,0.0472,-0.34098806832990386,-0.009763718775614563,0.5013,-0.1939825879622047,0.0006236330401932708,0.0757,-0.3172035262974739,0.06066914924135465,0.5166,-0.19157224878035428,0.01304142805985693,0.0427,-0.346919713457669,-0.027329025597067617,0.46025,-0.2012269458117088,-0.03669847975688303,0.04665,-0.34204781130411444,-0.012901922443051677,0.44345,-0.20407094979035462,-0.05135046679167848
regime_switching,1000,0.000629940788348712,0.01,,,,,0.98,0.95,3.0,regime_switching,1.0,-0.21703123999966484,-0.33769094887204676,-0.19410363740371134,0.29715,-0.23231473630780242,0.31204926550806683,0.8291,-0.1428353868124255,0.26412823209826963,0.204,-0.2569244785618177,0.23917274235511704,0.745,-0.15612950748420681,0.19563842505703832,0.2192,-0.25247733745866235,0.2523420059021848,0.74765,-0.15574679751914788,0.1976101035385855,0.29625,-0.23254128053171622,0.3113784029200392,0.8286,-0.14291508003014636,0.263717661648448,0.30625,-0.23010458030597675,0.31859417294253617,0.82435,-0.1437286136807186,0.2595264282359582
regime_switching,1000,0.000629940788348712,0.01,,,,,0.98,0.95,3.0,regime_switching,1.0,-0.1615457561061539,-0.33769094887204676,-0.19410363740371134,0.1872,-0.2623393053819142,0.22313788314973104,0.7626,-0.1534533725754521,0.20942556961831557,0.16565,-0.26987088696197353,0.20083470444382764,0.70905,-0.161910694835272,0.1658544012829704,0.3897,-0.21333293762720015,0.36825982946900554,0.8709,-0.13461985991154457,0.30645369807495126,0.1969,-0.2591736296416764,0.2325123592818624,0.7504,-0.15538476251710442,0.19947526694760742,0.181,-0.2644501186892522,0.216887157998854,0.7278,-0.15887945822626579,0.1814709896661218
regime_switching,1000,0.000629940788348712,0.01,,,,,0.98,0.95,3.0,regime_switching,1.0,-0.1757393821883792,-0.33769094887204676,-0.19410363740371134,0.0552,-0.333372645775958,0.01278773716178281,0.4841,-0.1968875902066171,-0.014342610165081562,0.04285,-0.34668373194267466,-0.026630216476531382,0.461,-0.20105036563053608,-0.03578875862267543,0.07375,-0.3186765690678896,0.05630704603623186,0.52345,-0.19042787219632828,0.01893712686969343,0.05795,-0.33108362065682395,0.019566198730799757,0.4788,-0.1978131112219917,-0.019110789822887803,0.05365,-0.33471600926834666,0.008809651587159724,0.49125,-0.19554177476643197,-0.007409121137330833
regime_switching,1000,0.000629940788348712,0.01,,,,,0.98,0.95,3.0,regime_switching,1.0,-0.30915273019615375,-0.33769094887204676,-0.19410363740371134,0.02025,-0.382524255669248,-0.13276431289305562,0.33535,-0.2239322720914389,-0.1536737543237674,0.01105,-0.41134119817652093,-0.21809956574341208,0.27535,-0.23751670159620747,-0.22365919965838857,0.00815,-0.42490538792553734,-0.25826703186687033,0.2106,-0.25466047887078336,-0.31198200238319773,0.021,-0.3803271529063668,-0.12625805985245753,0.32285,-0.22660642443530926,-0.16745068493485357,0.01335,-0.4012796032945251,-0.1883042901649475,0.3162,-0.22785759425784494,-0.17389657043844872
regime_switching,1000,0.000629940788348712,0.01,,,,,0.98,0.95,3.0,regime_switching,1.0,-0.4139463258003197,-0.33769094887204676,-0.19410363740371134,0.00015,-0.5663628081154585,-0.6771631280234784,0.0506,-0.3372832577409373,-0.7376452201121313,0.00035,-0.5494400739465604,-0.6270500461495836,0.04945,-0.3384227740631953,-0.7435158794027038,0.0,-0.6140863321870695,-0.8184862053254224,0.03405,-0.3598593093621497,-0.8539544862504934,0.0001,-0.5716069682808494,-0.6926925941904204,0.0475,-0.34069817724248075,-0.7552384993892262,0.0002,-0.5588535252567269,-0.6549259822432495,0.0453,-0.34386089083860116,-0.7715324423488955
regime_switching,1000,0.000629940788348712,0.01,,,,,0.98,0.95,3.0,regime_switching,1.0,-0.2622835180528823,-0.33769094887204676,-0.19410363740371134,0.18725,-0.26230961918163925,0.22322579252477973,0.7485,-0.15564328611046013,0.19814338261605308,0.23075,-0.2486531132028085,0.26366663354952774,0.80025,-0.14771208565303398,0.23900403089401523,0.04055,-0.349609986873417,-0.03529569874816642,0.4601,-0.20126235029284711,-0.036880879641871665,0.192,-0.26056398308513085,0.22839512295054082,0.7565,-0.15451953722347672,0.20393280986231407,0.1891,-0.261687742940845,0.22506734688941823,0.7578,-0.1542816646274935,0.205158302589627
regime_switching,1000,0.000629940788348712,0.01,,,,,0.98,0.95,3.0,regime_switching,1.0,-0.3096616156638021,-0.33769094887204676,-0.19410363740371134,0.03825,-0.3538104991357951,-0.047734623381499454,0.40235,-0.21096977122870436,-0.0868924150551263,0.0448,-0.34430093694565206,-0.019574075336291782,0.4509,-0.2028968788694877,-0.045301786114845054,0.00975,-0.41741055232802887,-0.23607266858131984,0.2477,-0.2442511422568252,-0.25835427673523353,0.03485,-0.3588888937305453,-0.0627732100291813,0.39745,-0.21192816398641295,-0.09182994621388174,0.03995,-0.3509560381303639,-0.03928174356649215,0.38,-0.2149740230663295,-0.1075218679143574
regime_switching,1000,0.000629940788348712,0.01,,,,,0.98,0.95,3.0,regime_switching,1.0,-0.29741174166132844,-0.33769094887204676,-0.19410363740371134,0.0048,-0.4494781348818553,-0.3310340013056299,0.22665,-0.2500188271296952,-0.2880687372678506,0.0036,-0.4650770701933691,-0.37722693411480723,0.1993,-0.2584077664366719,-0.331287604359603,0.0064,-0.43795288252071646,-0.29690441506816806,0.22985,-0.24894778492355896,-0.2825508488837777,0.0063,-0.43866297821711536,-0.29900721260766616,0.2105,-0.25468364941934546,-0.31210137443037844,0.0045,-0.45204386058413787,-0.33863185286443714,0.22725,-0.24983061929322964,-0.28709911176787034
regime_switching,1000,0.000629940788348712,0.01,,,,,0.98,0.95,3.0,regime_switching,1.0,-0.30128323372210264,-0.33769094887204676,-0.19410363740371134,0.0157,-0.3932020508992703,-0.16438433488561474,0.31715,-0.2276859208962759,-0.17301212868421217,0.036,-0.35754288063919343,-0.0587872782301568,0.4328,-0.20574623061376185,-0.05998132423368951,0.01205,-0.4070042487521907,-0.20525661144210058,0.33515,-0.22395330721347823,-0.15378212489487408,0.01885,-0.38620296004360233,-0.14365801432817518,0.3329,-0.22434154419136015,-0.15578227792175653,0.0184,-0.38675497559157684,-0.14529269109347895,0.3477,-0.2213450024290924,-0.1403444334673772
regime_switching,1000,0.000629940788348712,0.01,,,,,0.98,0.95,3.0,regime_switching,1.0,-0.1544759940021366,-0.33769094887204676,-0.19410363740371134,0.01665,-0.3905647507499495,-0.15657453080845518,0.3348,-0.22402277483411587,-0.1541400142243417,0.03265,-0.3618582654605717,-0.07156637354139478,0.41895,-0.2082303081739324,-0.07277901104366916,0.1197,-0.2903324798503338,0.14024204433047271,0.6001,-0.17911730785380958,0.0772078759077145,0.0184,-0.3870398009138096,-0.14613614077190268,0.3338,-0.22419917478858903,-0.1550488068509645,0.01955,-0.38426342696824156,-0.13791449919447327,0.34325,-0.22227013032482035,-0.14511058781719902
regime_switching,1000,0.000629940788348712,0.01,,,,,0.98,0.95,3.0,regime_switching,1.0,-0.2903732965844193,-0.33769094887204676,-0.19410363740371134,0.0156,-0.3938474189796005,-0.16629545534201393,0.30265,-0.23103402832218187,-0.1902611996995189,0.0124,-0.4035722331677237,-0.19509342644726851,0.2911,-0.2336889408468298,-0.2039390089366846,0.0066,-0.43412482896215443,-0.2855684477544202,0.2637,-0.23998304998163922,-0.2363655477640763,0.01415,-0.3984320924189991,-0.17987199168304485,0.317,-0.22772046023731735,-0.17319007146521018,0.0146,-0.39675777713941923,-0.17491386270395204,0.3148,-0.22824431938496506,-0.17588893458109373
regime_switching,1000,0.000629940788348712,0.01,,,,,0.98,0.95,3.0,regime_switching,1.0,-0.2007091763561889,-0.33769094887204676,-0.19410363740371134,0.0273,-0.36842522118838644,-0.09101301772818642,0.3651,-0.2177478754243939,-0.1218124417292886,0.01975,-0.383389586653616,-0.1353268067569224,0.33155,-0.22459760262994077,-0.15710146205455075,0.0572,-0.33173317994578033,0.01764266690050927,0.4234,-0.20728315112239282,-0.06789936497310319,0.0266,-0.369197367568711,-0.093299565184977,0.36365,-0.21807650262527806,-0.12350549192288526,0.03215,-0.36256091322127504,-0.07364711560170263,0.35755,-0.2193485324753925,-0.1300588459307175
regime_switching,1000,0.000629940788348712,0.01,,,,,0.98,0.95,3.0,regime_switching,1.0,-0.24608218437761759,-0.33769094887204676,-0.19410363740371134,0.0257,-0.37141534050023506,-0.09986762079598019,0.35715,-0.2194058059030482,-0.13035391215627512,0.0279,-0.3674488526584631,-0.08812170976395287,0.3971,-0.21199444198732387,-0.09217140298304606,0.04865,-0.33938565339616994,-0.005018507394953351,0.4818,-0.19728702260222214,-0.016400440718634026,0.02295,-0.37674772924651667,-0.11565835716037735,0.34225,-0.22256997379076318,-0.14665534746185832,0.0238,-0.3753580482672059,-0.11154311218874707,0.34295,-0.22234542652525063,-0.14549850533094286
regime_switching,1000,0.000629940788348712,0.01,,,,,0.98,0.95,3.0,regime_switching,1.0,-0.13101415139051717,-0.33769094887204676,-0.19410363740371134,0.316,-0.22791559731775385,0.3250763809955934,0.852,-0.13862808676942207,0.28580376636068416,0.32805,-0.22540027290069428,0.3325249798563601,0.859,-0.1370744271995109,0.2938080448517654,0.3809,-0.2148053774942696,0.3638995116340512,0.8788,-0.13315022048004743,0.3140251143098798,0.31855,-0.22739575979634874,0.32661576937168535,0.848,-0.13942837391457397,0.2816807774468422,0.3227,-0.22667825993049925,0.3287404927859376,0.8581,-0.13728953527844812,0.2926998323431569
regime_switching,1000,0.000629940788348712,0.01,,,,,0.98,0.95,3.0,regime_switching,1.0,-0.18036403077929072,-0.33769094887204676,-0.19410363740371134,0.2906,-0.23380440962405594,0.307637914474735,0.81885,-0.14458469191942386,0.2551160099143029,0.2313,-0.24841188038733275,0.2643809932807598,0.74745,-0.1557775229341677,0.19745180967335565,0.2006,-0.2579731866629887,0.2360672161197416,0.72565,-0.1592698033177759,0.179459975876111,0.261,-0.24072708252947603,0.28713788944136304,0.80885,-0.14631767611701274,0.24618787121083033,0.26805,-0.2388342619577682,0.2927430754199337,0.81765,-0.14484233651960854,0.2537886540562114
regime_switching,1000,0.000629940788348712,0.01,,,,,0.98,0.95,3.0,regime_switching,1.0,-0.2548240188887429,-0.33769094887204676,-0.19410363740371134,0.00645,-0.4364399122888247,-0.2924240751687857,0.23585,-0.24721774145106673,-0.27363786046360733,0.00315,-0.4716481939107352,-0.3966859209171333,0.15355,-0.27476066432209767,-0.41553588586611484,0.0022,-0.49066415169998473,-0.4529976398209609,0.1185,-0.2910548296040454,-0.49948158363816575,0.0072,-0.4301807307174526,-0.273888838757271,0.24,-0.24628772797832477,-0.2688465361732353,0.00855,-0.4235754809881986,-0.25432879502107714,0.23805,-0.24680691592020432,-0.2715213337649966
regime_switching,1000,0.000629940788348712,0.01,,,,,0.98,0.95,3.0,regime_switching,1.0,-0.16288705400938014,-0.33769094887204676,-0.19410363740371134,0.1865,-0.2626435147178468,0.22223703183302052,0.7153,-0.16091885848883203,0.17096423003067743,0.20885,-0.2554510289358056,0.24353605037664885,0.72985,-0.1586357811289448,0.18272638652823295,0.29555,-0.23270697498187226,0.3108877340089846,0.72535,-0.1593048492301237,0.17927942329700142,0.1769,-0.2659121772432708,0.21255758221690854,0.7227,-0.15967179629245687,0.17738895350858644,0.18565,-0.2630118163537514,0.22114638478685353,0.70825,-0.16201514945001733,0.16531626291450666
regime_switching,1000,0.000629940788348712,0.01,,,,,0.98,0.95,3.0,regime_switching,1.0,-0.2040011499858866,-0.33769094887204676,-0.19410363740371134,0.047,-0.3411617162503,-0.010277940199008247,0.47835,-0.19792629244902055,-0.019693886711450767,0.0643,-0.3258953426168866,0.03493018185580572,0.52855,-0.18979471723199948,0.022199069679203615,0.0478,-0.3403807154278585,-0.00796517219308397,0.4408,-0.20448503134594664,-0.05348376816166151,0.04885,-0.3392836103356962,-0.004716328551207089,0.4626,-0.20070709255539732,-0.03402025454037018,0.0501,-0.3376704238597697,6.078046315904894e-05,0.47815,-0.19793987171505703,-0.019763845555180425
regime_switching,1000,0.000629940788348712,0.01,,,,,0.98,0.95,3.0,regime_switching,1.0,-0.23456191528869885,-0.33769094887204676,-0.19410363740371134,0.03795,-0.35438687160983673,-0.049441428008531435,0.41615,-0.20876401611642592,-0.07552861403737028,0.03505,-0.3585929874689726,-0.06189694650313464,0.4175,-0.20850913768272994,-0.0742155091563635,0.0387,-0.35346546512453275,-0.046712878462321646,0.42105,-0.20782724509564993,-0.07070247562334547,0.03655,-0.35678250115216287,-0.056535575927887896,0.4363,-0.20513102798090319,-0.056811869806727276,0.03825,-0.35385918180715875,-0.04787878676972843,0.40255,-0.2109201023248889,-0.08663652647683982
regime_switching,1000,0.000629940788348712,0.01,,,,,0.98,0.95,3.0,regime_switching,1.0,-0.1612487547763973,-0.33769094887204676,-0.19410363740371134,0.15365,-0.27474670756324515,0.18639599763940246,0.70395,-0.16265694915781037,0.16200978336380054,0.18935,-0.26153710866441265,0.2255134182956419,0.73445,-0.15783601679409687,0.18684668198248314,0.1478,-0.2771432937615956,0.17929901678647914,0.6786,-0.16672745801119587,0.14103898184852884,0.1639,-0.2704546406247672,0.1991060419944978,0.70205,-0.16298357671845637,0.1603270350906878,0.18745,-0.2622166107655495,0.2235012171886638,0.7147,-0.16107754461666454,0.17014669703667967
regime_switching,1000,0.000629940788348712,0.01,,,,,0.98,0.95,3.0,regime_switching,1.0,-0.25907709792498895,-0.33769094887204676,-0.19410363740371134,0.00975,-0.4175167701534476,-0.2363872101044893,0.25895,-0.24136415248875337,-0.2434808317720809,0.0043,-0.4556149527408478,-0.3492068835800606,0.20615,-0.25628834821078356,-0.320368601221706,0.01145,-0.41015272617988796,-0.2145801584255592,0.2541,-0.2424556783844426,-0.24910424980942036,0.00845,-0.4237445133794863,-0.25482934853562156,0.2573,-0.24168098206651323,-0.24511310194484895,0.0089,-0.4224719717901669,-0.2510609869802705,0.24895,-0.24373326725943706,-0.2556862432850874
regime_switching,1000,0.000629940788348712,0.01,,,,,0.98,0.95,3.0,regime_switching,1.0,-0.3262850763732921,-0.33769094887204676,-0.19410363740371134,0.0022,-0.48801515547673985,-0.4451532003057976,0.1172,-0.2917243015747466,-0.5029306275595262,0.00135,-0.5051321937312911,-0.49584167244793087,0.10985,-0.2957422415806281,-0.5236306003144143,0.0004,-0.5428752875494816,-0.6076098259748751,0.0739,-0.3185728120260763,-0.6412511186664915,0.00145,-0.5034196684124459,-0.4907703925555754,0.1095,-0.29601324166081144,-0.5250267620958635,0.00125,-0.513137327631517,-0.5195471757401113,0.10605,-0.2982479964694791,-0.5365399662715258
regime_switching,1000,0.000629940788348712,0.01,,,,,0.98,0.95,3.0,regime_switching,1.0,-0.20993725079205128,-0.33769094887204676,-0.19410363740371134,0.2298,-0.24895439548172665,0.2627744500902894,0.77605,-0.15123503610351663,0.2208541883789296,0.2366,-0.24708330772819861,0.2683152789451279,0.81025,-0.14607132525534516,0.24745704300463447,0.31555,-0.2280349497768852,0.3247229440452397,0.8262,-0.1433334268529703,0.26156238610379745,0.2248,-0.25058022482245673,0.257959901917883,0.78055,-0.1505742468307486,0.2242585000219601,0.22385,-0.25088028792841843,0.25707132878033234,0.7795,-0.15076744190197716,0.2232631808521975
regime_switching,1000,0.000629940788348712,0.01,,,,,0.98,0.95,3.0,regime_switching,1.0,-0.30087417032825875,-0.33769094887204676,-0.19410363740371134,0.00425,-0.4565230595047473,-0.35189604882696096,0.15965,-0.27228406033483865,-0.4027767020590232,0.00365,-0.46456874634000267,-0.375721641020443,0.15355,-0.2747790906409533,-0.4156308161780971,0.0047,-0.4506662826695694,-0.33455244854765026,0.1646,-0.2701863317496675,-0.3919694414984798,0.00405,-0.4591144102853984,-0.35956978361110814,0.15195,-0.27534065264525487,-0.41852392014983564,0.0026,-0.47816599185142145,-0.4159869947613004,0.1576,-0.27307558531119247,-0.40685454926962206
regime_switching,1000,0.000629940788348712,0.01,,,,,0.98,0.95,3.0,regime_switching,1.0,-0.1677325270697415,-0.33769094887204676,-0.19410363740371134,0.0961,-0.3036137069636523,0.10091251193500757,0.59995,-0.17917416816630305,0.0769149380047776,0.1529,-0.27510553302664775,0.18533341226481323,0.65515,-0.1703655445237189,0.12229597135585954,0.18485,-0.26329349900048465,0.2203122414742356,0.6901,-0.16490987228562795,0.15040297806147754,0.09485,-0.30493628486885876,0.09699597846076397,0.60025,-0.17908184710430297,0.07739056568097649,0.11105,-0.29507977373403604,0.1261839420936223,0.6064,-0.17809330144605107,0.08248344117509128
regime_switching,1000,0.000629940788348712,0.01,,,,,0.98,0.95,3.0,regime_switching,1.0,-0.14209087604107853,-0.33769094887204676,-0.19410363740371134,0.30425,-0.2305659986946686,0.3172277804163726,0.8528,-0.13847597168326536,0.2865874460907055,0.34285,-0.22238120077177898,0.3414653205406443,0.86015,-0.13684334511890126,0.2949985536114185,0.4117,-0.20946198917977,0.3797228208827816,0.83335,-0.1420908760410784,0.26796386743877904,0.31125,-0.22904367953582336,0.32173580517667516,0.84595,-0.1397909156661741,0.27981300332138315,0.32275,-0.2266549984473427,0.3288093767262216,0.83895,-0.14109901116755588,0.27307384315479083
regime_switching,1000,0.000629940788348712,0.01,,,,,0.98,0.95,3.0,regime_switching,1.0,-0.2532266188517232,-0.33769094887204676,-0.19410363740371134,0.0443,-0.3447641625591963,-0.020945819574896607,0.4923,-0.19541990945698645,-0.006781284837735587,0.02615,-0.37008749452798917,-0.09593548706044137,0.4451,-0.203753084729138,-0.0497128619251839,0.03815,-0.35397738093658404,-0.048228808379191454,0.4572,-0.2017719903496279,-0.03950648760881972,0.03815,-0.35398116036273236,-0.04824000034676105,0.47295,-0.1989060120935298,-0.024741291580384506,0.0414,-0.3482503098453028,-0.031269304103430554,0.46915,-0.19956403103118767,-0.028131330770063787
regime_switching,1000,0.000629940788348712,0.01,,,,,0.98,0.95,3.0,regime_switching,1.0,-0.16512076876483198,-0.33769094887204676,-0.19410363740371134,0.45695,-0.20182669368737055,0.4023331263052479,0.91595,-0.12489482861230909,0.3565559600897976,0.3037,-0.2306442521747688,0.31699604936062004,0.8426,-0.1404466598779947,0.2764346832621009,0.271,-0.23833854471318885,0.2942110367207478,0.76445,-0.1531709127777033,0.2108807705693483,0.44655,-0.20359247801772729,0.39710413116559495,0.919,-0.12431675340267855,0.359534138228872,0.4605,-0.2011681523028411,0.40428325670326154,0.91735,-0.1246215992546582,0.3579636068567802
regime_switching,1000,0.000629940788348712,0.01,,,,,0.98,0.95,3.0,regime_switching,1.0,-0.20028114742185996,-0.33769094887204676,-0.19410363740371134,0.042,-0.34770407089292077,-0.029651733498690973,0.46145,-0.2009668811172477,-0.035358655846627285,0.08605,-0.30992056079954816,0.08223610424045144,0.5762,-0.1827226669106521,0.05863347356746464,0.0708,-0.3208652372583975,0.04982577018972644,0.5306,-0.18951905963445223,0.023619226463663625,0.0453,-0.3438897600446718,-0.018356462301788907,0.46675,-0.19995104500245142,-0.030125183005088187,0.0493,-0.3386581594480808,-0.0028641886294694034,0.4714,-0.19916906884303012,-0.026096530220004688
regime_switching,1000,0.000629940788348712,0.01,,,,,0.98,0.95,3.0,regime_switching,1.0,-0.1764435903739804,-0.33769094887204676,-0.19410363740371134,0.27805,-0.23694629957669835,0.29833387489909063,0.8012,-0.147567174046017,0.23975059911373175,0.18455,-0.2633382670648787,0.2201796703628583,0.7269,-0.15904423748708846,0.18062206553967716,0.17335,-0.2671152686159539,0.20899488272288405,0.6755,-0.1672022604033255,0.1385928535920959,0.22865,-0.24942359254873162,0.2613850226609426,0.80435,-0.14708884999034688,0.24221487058266492,0.26395,-0.2398824830422637,0.28963899138097216,0.7795,-0.15076181306933795,0.22329217996171707
regime_switching,1000,0.000629940788348712,0.01,,,,,0.98,0.95,3.0,regime_switching,1.0,-0.13202992055276472,-0.33769094887204676,-0.19410363740371134,0.32275,-0.22662674916827244,0.3288930309644078,0.8696,-0.1349406374082303,0.30480108867011785,0.29675,-0.23245321141534833,0.31163920089718977,0.8694,-0.1350119863439149,0.304433507018177,0.34735,-0.2214483384757836,0.3442277940363401,0.88375,-0.13218962072607,0.31897401566395134,0.32295,-0.226593531334654,0.32899139852128007,0.86625,-0.13568747541728804,0.3009534636639754,0.2987,-0.23209437779024317,0.31270181044092715,0.86255,-0.1364071758090378,0.297245648594787
regime_switching,1000,0.000629940788348712,0.01,,,,,0.98,0.95,3.0,regime_switching,1.0,-0.22708048745078688,-0.33769094887204676,-0.19410363740371134,0.1131,-0.29388508254914786,0.12972176621617781,0.64885,-0.1713870247574404,0.11703342065158331,0.1563,-0.27353320786836244,0.18998951916829165,0.69795,-0.16361475966432548,0.15707525189738097,0.0454,-0.3437637185480342,-0.01798321718799895,0.50465,-0.1934134037553567,0.003556005737898834,0.1046,-0.2990837738538762,0.11432694641987302,0.66245,-0.1692775226005552,0.1279013373228082,0.12645,-0.2871234817272783,0.1497448104951394,0.66615,-0.1687382815667519,0.1306794461775214
regime_switching,1000,0.000629940788348712,0.01,,,,,0.98,0.95,3.0,regime_switching,1.0,-0.2116963227508863,-0.33769094887204676,-0.19410363740371134,0.1343,-0.28311951926418444,0.16160169465643506,0.6531,-0.170660170031518,0.12077809404176101,0.0757,-0.31720368826433193,0.0606686696109157,0.4952,-0.19485411442995582,-0.0038663728113635483,0.15115,-0.2756261759265075,0.18379163893153672,0.67415,-0.16744940248622786,0.1373196055159234,0.1215,-0.28931884927174095,0.14324369593522715,0.6147,-0.17678949332814237,0.08920051322664146,0.1253,-0.2877302159253933,0.1479480960728501,0.6401,-0.17283959778430247,0.10954992860428639
regime_switching,1000,0.000629940788348712,0.01,,,,,0.98,0.95,3.0,regime_switching,1.0,-0.148459791772492,-0.33769094887204676,-0.19410363740371134,0.13095,-0.28482977978219354,0.1565371214905812,0.63015,-0.17441830280119053,0.10141661880131474,0.10225,-0.3002239061275621,0.1109506869213754,0.57855,-0.18242268207604506,0.06017896152750268,0.27645,-0.2373751169284099,0.2970640234175988,0.7482,-0.15569241659621358,0.19789026790676373,0.1419,-0.27945606039741083,0.17245024975988177,0.62815,-0.17471146604503043,0.0999062749058515,0.1253,-0.287715737311727,0.147990971411128,0.62615,-0.17495710321956054,0.0986407799475102
regime_switching,1000,0.000629940788348712,0.01,,,,,0.98,0.95,3.0,regime_switching,1.0,-0.2974781423185962,-0.33769094887204676,-0.19410363740371134,0.0225,-0.3774717005542762,-0.11780224437493769,0.37285,-0.2162275451887594,-0.11397987220112257,0.0112,-0.4109218941393519,-0.21685788592175972,0.2962,-0.23256361525445735,-0.1981414586824772,0.0048,-0.44919210466392745,-0.33018698358459464,0.22555,-0.2503785287711925,-0.2899218794670828,0.02505,-0.3728465455882396,-0.10410583059338531,0.39295,-0.21281950514165435,-0.09642203509569654,0.0193,-0.38501812347231346,-0.1401493725501043,0.3799,-0.2150231989626161,-0.10777521657358065
regime_switching,1000,0.000629940788348712,0.01,,,,,0.98,0.95,3.0,regime_switching,1.0,-0.10368594198085593,-0.33769094887204676,-0.19410363740371134,0.29475,-0.2329051401392138,0.310300909997256,0.8668,-0.13557165691938533,0.30155014747398473,0.45595,-0.2020178000731724,0.40176720534574284,0.9339,-0.12028695709290257,0.38029519332128375,0.4313,-0.20601579383156274,0.3899279962353287,0.9095,-0.12648280172457377,0.3483749021070361,0.3023,-0.23114728312701124,0.31550643006841617,0.87185,-0.13451189793230242,0.3070099059888586,0.3268,-0.22567002524872096,0.3317261655886763,0.8656,-0.13584857606851217,0.30012349131838223
regime_switching,1000,0.000629940788348712,0.01,,,,,0.98,0.95,3.0,regime_switching,1.0,-0.23942515564992842,-0.33769094887204676,-0.19410363740371134,0.00685,-0.4327927272761056,-0.28162371162661376,0.2508,-0.24332261547201656,-0.2535706116930508,0.01145,-0.40960779289547544,-0.21296645427911196,0.2713,-0.23826459761478203,-0.22751227540997288,0.0111,-0.4110727942052285,-0.2173047444069536,0.26285,-0.24024912396352066,-0.23773633084388043,0.00885,-0.42272223133766407,-0.25180207746058425,0.27205,-0.23813688710763775,-0.2268543253125275,0.0093,-0.42039534932457745,-0.24491151074312006,0.26385,-0.2399024439311332,-0.23595027450292472
regime_switching,1000,0.000629940788348712,0.01,,,,,0.98,0.95,3.0,regime_switching,1.0,-0.241540853661179,-0.33769094887204676,-0.19410363740371134,0.07865,-0.3150821781405969,0.06695107111093004,0.539,-0.18824139643305776,0.030201602860542208,0.06745,-0.3234302274407344,0.04223009671697132,0.5127,-0.1921340982121561,0.010146843294125605,0.0493,-0.33866673385536683,-0.0028895799149470324,0.435,-0.2053450102965704,-0.05791428251021598,0.0927,-0.3061095753437865,0.09352152799400798,0.55195,-0.1863620814187339,0.03988362139178244,0.08555,-0.31012133691032046,0.08164154844485513,0.53445,-0.1889117642966496,0.026747943400273772
regime_switching,1000,0.000629940788348712,0.01,,,,,0.98,0.95,3.0,regime_switching,1.0,-0.31251151863865845,-0.33769094887204676,-0.19410363740371134,0.07325,-0.31918766531536935,0.05479354308571776,0.51185,-0.19226776640997945,0.009458199847710784,0.09555,-0.3043537543529286,0.09872101882052464,0.58455,-0.18148863068910331,0.06499108869541885,0.03535,-0.3580197090310045,-0.06019930420658219,0.4235,-0.207266822812135,-0.06781524336427487,0.0854,-0.3101969543329414,0.08141762351327629,0.5327,-0.18921163192984447,0.025203059248663673,0.07225,-0.3200439046536307,0.052257972200204394,0.52775,-0.1899107389442264,0.02160133893196574
regime_switching,1000,0.000629940788348712,0.01,,,,,0.98,0.95,3.0,regime_switching,1.0,-0.14010990198469667,-0.33769094887204676,-0.19410363740371134,0.3811,-0.21475313141528393,0.3640542272968789,0.86355,-0.1362192050257157,0.2982140528237668,0.37715,-0.2155024181442486,0.36183537384087894,0.88965,-0.13083386154701807,0.325958733710384,0.55865,-0.18528309735868417,0.45132347201615663,0.90125,-0.12823451341635816,0.3393502814702726,0.3436,-0.22213974986416787,0.3421803261053999,0.857,-0.13754974116224894,0.2913592810413818,0.34115,-0.22279425986138285,0.3402421338044183,0.8689,-0.135134555928354,0.3038020423734204
regime_switching,1000,0.000629940788348712,0.01,,,,,0.98,0.95,3.0,regime_switching,1.0,-0.23860101862602714,-0.33769094887204676,-0.19410363740371134,0.00405,-0.45906458356537094,-0.35942223236582344,0.1709,-0.2679257776554326,-0.38032332231971727,0.00565,-0.44421642579309006,-0.3154525677305212,0.20895,-0.2554111701863792,-0.315849479189078,0.00595,-0.44088482075216584,-0.30558672722738534,0.19205,-0.26046526491786615,-0.3418876039717427,0.00405,-0.4596373461572264,-0.36111834709370877,0.1782,-0.26544836695288765,-0.3675599824066572,0.00345,-0.4686823933946177,-0.3879033327961788,0.1802,-0.2646948087509514,-0.3636777357264009
regime_switching,1000,0.000629940788348712,0.01,,,,,0.98,0.95,3.0,regime_switching,1.0,-0.2382657953771067,-0.33769094887204676,-0.19410363740371134,0.04815,-0.3398800468425442,-0.006482548548634321,0.52,-0.1910364801778342,0.015801647341094557,0.02595,-0.37076730101604455,-0.0979485895446094,0.40235,-0.21097940546267852,-0.08694204953958533,0.08555,-0.31012606206502885,0.08162755590308231,0.5825,-0.18183318059952644,0.06321600650205168,0.06005,-0.329119617632504,0.02538217641951211,0.51505,-0.19183284732506375,0.011698853813463698,0.05305,-0.3351575672332498,0.007502071486543974,0.54305,-0.18761498136998866,0.03342882246058624
regime_switching,1000,0.000629940788348712,0.01,,,,,0.98,0.95,3.0,regime_switching,1.0,-0.21891131677166667,-0.33769094887204676,-0.19410363740371134,0.00595,-0.44055332161478905,-0.30460506296162976,0.2495,-0.24362671859893203,-0.25513731662956357,0.01165,-0.40888251970791567,-0.21081871182411777,0.29575,-0.23264399383618725,-0.19855556005020547,0.0073,-0.42937287554376724,-0.271496547295555,0.24855,-0.24386349362166077,-0.2563571547835301,0.0072,-0.42954232059834085,-0.27199832282474695,0.2355,-0.24727965061959034,-0.2739568095021297,0.00715,-0.43112164039805995,-0.27667514287276523,0.23805,-0.24681909394111612,-0.2715840735522293
regime_switching,1000,0.000629940788348712,0.01,,,,,0.98,0.95,3.0,regime_switching,1.0,-0.13047021081030208,-0.33769094887204676,-0.19410363740371134,0.6483,-0.17146588301265983,0.4922402167265983,0.9766,-0.10460736788959138,0.4610746646029043,0.75985,-0.15386487852708863,0.5443618520394842,0.98605,-0.09837491946056251,0.49318353444374174,0.7925,-0.14894897501448756,0.5589192558698833,0.98715,-0.09730868992438427,0.49867662849617633,0.6643,-0.16900417981389568,0.49953002774163063,0.9768,-0.10445846300153658,0.4618418057551595,0.66445,-0.16898562330287598,0.49958497890653947,0.977,-0.10430876086634738,0.4626130542345367
regime_switching,1000,0.000629940788348712,0.01,,,,,0.98,0.95,3.0,regime_switching,1.0,-0.2190950725325133,-0.33769094887204676,-0.19410363740371134,0.00535,-0.4457758923059086,-0.3200705964873696,0.23385,-0.2477187186294257,-0.2762188382601079,0.0045,-0.4520296140587479,-0.3385896648062806,0.19395,-0.2599406543561682,-0.3391848696556061,0.00655,-0.43429502268535974,-0.2860724403067045,0.2075,-0.2559141585273448,-0.31844081826800225,0.0063,-0.4381933223652342,-0.29761642658438087,0.2267,-0.2500029727428885,-0.28798705725907414,0.00785,-0.42586511894040774,-0.2611090713650449,0.22535,-0.25042728387606483,-0.29017306025650275
regime_switching,1000,0.000629940788348712,0.01,,,,,0.98,0.95,3.0,regime_switching,1.0,-0.24081647569477865,-0.33769094887204676,-0.19410363740371134,0.0112,-0.4109010665037848,-0.2167962093040219,0.297,-0.23235503940023172,-0.19706689945723296,0.01205,-0.4073904643020384,-0.20640030673845874,0.30435,-0.23054748480200063,-0.18775458247848617,0.00995,-0.41538018944071786,-0.23006018025703154,0.28235,-0.23603800489287036,-0.21604112138270118,0.0098,-0.4170423007582729,-0.2349821697954152,0.30775,-0.22978051579239145,-0.18380324483294797,0.01095,-0.4126055497371325,-0.2218436742687804,0.2854,-0.23519367975073274,-0.21169125368608752
regime_switching,1000,0.000629940788348712,0.01,,,,,0.98,0.95,3.0,regime_switching,1.0,-0.1905462125299935,-0.33769094887204676,-0.19410363740371134,0.0553,-0.3333278057365307,0.01292052141192946,0.51385,-0.19203808281468615,0.010641503769087497,0.07165,-0.32036876753980686,0.051295959782455935,0.5735,-0.1830098082023786,0.057154154088616835,0.04075,-0.3490727220342758,-0.03370470307316905,0.47,-0.19938705570491805,-0.027219573892980995,0.05375,-0.33459822822493607,0.009158435123715865,0.5167,-0.1915550063316417,0.013130259206677394,0.0607,-0.3286376894779941,0.02680930425968567,0.5206,-0.19092489320580971,0.016376530808076675
regime_switching,1000,0.000629940788348712,0.01,,,,,0.98,0.95,3.0,regime_switching,1.0,-0.1802475747723094,-0.33769094887204676,-0.19410363740371134,0.26385,-0.2399319059987584,0.2894926357956069,0.82135,-0.14405633684417762,0.2578380355409908,0.21365,-0.25401031419416253,0.24780242099290423,0.8042,-0.1471178603492273,0.2420654124928091,0.2289,-0.24932568430933763,0.26167495711053623,0.7778,-0.15102178154650817,0.22195285175206836,0.25725,-0.24170571250660447,0.2842398846816937,0.81755,-0.1448693194844793,0.2536496408711333,0.2829,-0.23586449214928804,0.301537417756913,0.83755,-0.14140292562246945,0.2715081102351059
regime_switching,1000,0.000629940788348712,0.01,,,,,0.98,0.95,3.0,regime_switching,1.0,-0.26042213997572944,-0.33769094887204676,-0.19410363740371134,0.04105,-0.3487468548118714,-0.03273971652705975,0.4373,-0.2050076668964157,-0.05617632744318613,0.0964,-0.30336340343882484,0.10165373264484161,0.6047,-0.17846860499751419,0.0805499196992287,0.04095,-0.3488949472616221,-0.033178260853596736,0.4482,-0.2033198002302527,-0.04748062916189919,0.0402,-0.35047958639950155,-0.0378708329914418,0.43385,-0.2055288762668704,-0.058861539206480594,0.0483,-0.33957753518770956,-0.005586724553809811,0.44685,-0.20356114885401194,-0.048724029991412066
regime_switching,1000,0.000629940788348712,0.01,,,,,0.98,0.95,3.0,regime_switching,1.0,-0.19782082927360028,-0.33769094887204676,-0.19410363740371134,0.0481,-0.3402213738850189,-0.0074933160673220185,0.48305,-0.19708309382092631,-0.015349822687856585,0.0469,-0.3414609166200079,-0.011163958526438289,0.47395,-0.19867462084503548,-0.02354919002273548,0.04175,-0.3479452408515047,-0.030365907092592365,0.4213,-0.20778490367059357,-0.07048433738738707,0.04955,-0.3382584940393237,-0.0016806644334786823,0.4797,-0.19766332952798793,-0.018339131465490658,0.0666,-0.32424923427441954,0.03980478198342346,0.4931,-0.19525980408858207,-0.005956440076731006
regime_switching,1000,0.000629940788348712,0.01,,,,,0.98,0.95,3.0,regime_switching,1.0,-0.1467288569973537,-0.33769094887204676,-0.19410363740371134,0.1984,-0.25878132483309535,0.23367408662424874,0.7914,-0.1490867975286504,0.23192167069714173,0.19185,-0.26060575343290593,0.22827142894004215,0.763,-0.153395144778189,0.20972555264821627,0.42895,-0.20638262924016024,0.3888416911098203,0.86625,-0.13569688061782514,0.300905009133896,0.21665,-0.2531457442048052,0.2503626613317264,0.7913,-0.14909505094380182,0.2318791500351808,0.22915,-0.24918680551208125,0.2620862171627238,0.7842,-0.15003389616908128,0.22704232555400547
regime_switching,1000,0.000629940788348712,0.01,,,,,0.98,0.95,3.0,regime_switching,1.0,-0.23036466607393463,-0.33769094887204676,-0.19410363740371134,0.02915,-0.36569772798705136,-0.0829361260897062,0.3848,-0.21408243455145803,-0.10292850466368794,0.06375,-0.32630444682550763,0.033718706659364876,0.5112,-0.1923911766669948,0.00882240415286419,0.0509,-0.33680209877743295,0.002632140712040832,0.50725,-0.19303061071295802,0.005528112224510037,0.0734,-0.3190244885938233,0.05527675627840496,0.5543,-0.18594591603825888,0.0420276583920239,0.08155,-0.3132793213365536,0.07228984850506864,0.5705,-0.1834662742756906,0.054802492474143365
regime_switching,1000,0.000629940788348712,0.01,,,,,0.98,0.95,3.0,regime_switching,1.0,-0.11235647756186358,-0.33769094887204676,-0.19410363740371134,0.26315,-0.24009944106936842,0.2889965162781321,0.8249,-0.14365331464028236,0.2599143603810917,0.2211,-0.25182179294092955,0.254283261715888,0.7577,-0.15429053387557606,0.20511260922601357,0.4475,-0.2034212851936671,0.39761108234279413,0.8925,-0.13025165455032028,0.328958198349405,0.24795,-0.2440634178190608,0.27725804131179727,0.8156,-0.1451428851851109,0.25224026130313154,0.2625,-0.24034392278977776,0.28827253560519445,0.81825,-0.1447006542392213,0.25451858515014847
regime_switching,1000,0.000629940788348712,0.01,,,,,0.98,0.95,3.0,regime_switching,1.0,-0.1632434878989729,-0.33769094887204676,-0.19410363740371134,0.024,-0.37495551125283677,-0.11035108434283145,0.38245,-0.21448212400373834,-0.10498765954417584,0.01975,-0.38358506872140424,-0.13590568536898232,0.33865,-0.2232807667354569,-0.15031727237063974,0.054,-0.33438456972205743,0.009791139386570093,0.47935,-0.1977260478486278,-0.01866224916425598,0.0208,-0.3810464361452831,-0.12838806434715552,0.3971,-0.21199592015191637,-0.09217901831994689,0.0213,-0.37951077320686055,-0.12384052481862518,0.37665,-0.21559114515236036,-0.11070121114710327
regime_switching,1000,0.000629940788348712,0.01,,,,,0.98,0.95,3.0,regime_switching,1.0,-0.1329628841585743,-0.33769094887204676,-0.19410363740371134,0.0778,-0.3157230377033327,0.0650533016715169,0.62315,-0.17543705540952675,0.09616812051471464,0.1136,-0.2936650335586173,0.13037339455050415,0.6879,-0.16524262772007783,0.14868865967517242,0.19935,-0.25837556210216595,0.23487566674442883,0.77505,-0.15142947830585776,0.21985244413064065,0.109,-0.29620453718459955,0.12285319409957499,0.62145,-0.1756707321600591,0.09496424430890027,0.09905,-0.3018818694344392,0.1060409808353373,0.64755,-0.17159887058134116,0.11594201491218362
regime_switching,1000,0.000629940788348712,0.01,,,,,0.98,0.95,3.0,regime_switching,1.0,-0.1890060762836907,-0.33769094887204676,-0.19410363740371134,0.19325,-0.26013072698633,0.22967811883849107,0.75035,-0.1553959720753213,0.1994175165707118,0.14545,-0.27797681086018583,0.17683073298623408,0.66765,-0.16851504651180244,0.13182952794793756,0.07335,-0.3190867049714186,0.055092515694512775,0.54325,-0.18757195546059802,0.03365048708246635,0.13435,-0.2830953277199875,0.16167333277489135,0.63895,-0.17306909963904088,0.10836756098970596,0.1226,-0.2888989646468824,0.1444870950439715,0.6634,-0.16914516265244273,0.12858324081458658
regime_switching,1000,0.000629940788348712,0.01,,,,,0.98,0.95,3.0,regime_switching,1.0,-0.16576907963746437,-0.33769094887204676,-0.19410363740371134,0.1346,-0.2829850094502836,0.16200001689263988,0.67285,-0.167642312294918,0.13632575598651503,0.0976,-0.3027147955000684,0.10357444725363674,0.6165,-0.17640808767181165,0.09116547205704935,0.14155,-0.27963221643552444,0.17192860107873706,0.62645,-0.17494093941861366,0.09872405402296329,0.12725,-0.2865822749176433,0.1513474794782517,0.6692,-0.1682735292906384,0.13307379737222302,0.1456,-0.27792050123097384,0.17699748198972404,0.68485,-0.16565979403007935,0.14653946599914736
regime_switching,1000,0.000629940788348712,0.01,,,,,0.98,0.95,3.0,regime_switching,1.0,-0.19178314888983236,-0.33769094887204676,-0.19410363740371134,0.1258,-0.2874533960688513,0.14876783926545453,0.69315,-0.1644265554171194,0.1528929719378072,0.1131,-0.29389067456682366,0.1297052066438988,0.6807,-0.1663195144944584,0.14314066073612747,0.0564,-0.33276013368445917,0.01460156158776973,0.5152,-0.19178314888983267,0.011954894534265448,0.11785,-0.29135585283091414,0.13721154267208174,0.69775,-0.16364653172507548,0.1569115658316535,0.11305,-0.2939479524648525,0.12953559031802406,0.69665,-0.16383111613866913,0.15596060779674695
regime_switching,1000,0.000629940788348712,0.01,,,,,0.98,0.95,3.0,regime_switching,1.0,-0.27923577526842563,-0.33769094887204676,-0.19410363740371134,0.01285,-0.40254444309668447,-0.19204984451392895,0.28455,-0.23549572037328154,-0.21324733283323194,0.0131,-0.4019249551665513,-0.1902153626238979,0.2939,-0.23309405233560723,-0.2008742105682476,0.01405,-0.3986737881785137,-0.18058772232469192,0.2899,-0.23400870613014374,-0.2055864035326388,0.011,-0.411818273838864,-0.2195123239589834,0.26445,-0.2396662788012744,-0.2347335784480867,0.0122,-0.40564773986685143,-0.20123959857909585,0.28785,-0.23451668978955933,-0.20820347792758717
regime_switching,1000,0.000629940788348712,0.01,,,,,0.98,0.95,3.0,regime_switching,1.0,-0.4652157205647744,-0.33769094887204676,-0.19410363740371134,0.0002,-0.5607851001055553,-0.6606459307798631,0.04655,-0.34236697153312834,-0.7638359389476446,0.0001,-0.5898475768178982,-0.7467082810128713,0.04025,-0.35046116550479445,-0.8055363113875036,5e-05,-0.6001578064990247,-0.7772398357245528,0.03655,-0.35665772069930823,-0.8374602633412,0.00015,-0.5666098497820452,-0.6778946894331399,0.04605,-0.34294917701544636,-0.7668353957847522,0.0002,-0.5563428970836857,-0.6474912903113892,0.05365,-0.3346798111672079,-0.7242325576368035
regime_switching,1000,0.000629940788348712,0.01,,,,,0.98,0.95,3.0,regime_switching,1.0,-0.3207122816240354,-0.33769094887204676,-0.19410363740371134,0.01205,-0.4071852098324363,-0.20579248923465027,0.2491,-0.24369336272083963,-0.2554806596127195,0.01205,-0.4073865946711418,-0.20638884764869184,0.2789,-0.2368297312216885,-0.22012000593843695,0.0009,-0.5200123035241377,-0.5399059562036816,0.10685,-0.2976353592291242,-0.5333837284567718,0.0094,-0.41982357412559557,-0.24321831996945048,0.24795,-0.24411414358691724,-0.25764847507308836,0.0099,-0.41615838700251107,-0.23236464700212062,0.2595,-0.2411950004038534,-0.2426093793502586
regime_switching,1000,0.000629940788348712,0.01,,,,,0.98,0.95,3.0,regime_switching,1.0,-0.20615155399768562,-0.33769094887204676,-0.19410363740371134,0.0788,-0.31494699141679333,0.06735139787199702,0.55465,-0.1859008802580977,0.042259677640934294,0.1185,-0.29105217075637313,0.13811083261620186,0.6522,-0.1708331731159669,0.11988680170554851,0.04565,-0.3433325948420959,-0.01670653592846748,0.4628,-0.20065667543470955,-0.03376051123333003,0.0751,-0.3178700448290164,0.05869539621726921,0.5606,-0.18503038002043004,0.04674439647109783,0.08275,-0.31224697496413006,0.07534692295693592,0.57985,-0.18220713220269236,0.061289450111002994
regime_switching,1000,0.000629940788348712,0.01,,,,,0.98,0.95,3.0,regime_switching,1.0,-0.12231012424606083,-0.33769094887204676,-0.19410363740371134,0.2289,-0.24931560700924552,0.2617047988937578,0.7587,-0.1540472393631998,0.20636603505373383,0.2268,-0.24994781162592752,0.2598326592382719,0.77055,-0.15221315863165508,0.2158150116730131,0.43795,-0.20487523373096075,0.39330552265234303,0.87745,-0.13339561178864562,0.312760886025029,0.1946,-0.25981453345371464,0.2306144588075412,0.742,-0.1566040350085023,0.19319371288861803,0.2003,-0.25810358875054623,0.23568105804238385,0.73,-0.1586185653526226,0.182815080261913
regime_switching,1000,0.000629940788348712,0.01,,,,,0.98,0.95,3.0,regime_switching,1.0,-0.24312045647758848,-0.33769094887204676,-0.19410363740371134,0.16615,-0.26969294294875185,0.20136164783338564,0.7179,-0.16051279990965273,0.17305619793303442,0.1124,-0.2943290459015899,0.12840706307140892,0.62705,-0.17483520926315632,0.09926876383299861,0.14585,-0.2777979313435557,0.1773604466703812,0.66915,-0.16828842859963156,0.13299703781638758,0.10655,-0.2979659624331278,0.11763710745463606,0.66155,-0.1694352042554382,0.12708897925990884,0.1426,-0.2791607593668921,0.17332472102274826,0.67475,-0.16734246108328077,0.13787055553611632
regime_switching,1000,0.000629940788348712,0.01,,,,,0.98,0.95,3.0,regime_switching,1.0,-0.17077140442017422,-0.33769094887204676,-0.19410363740371134,0.0476,-0.34059490791721353,-0.008599457743438363,0.5228,-0.19055799879552443,0.0182667293390923,0.081,-0.31372217187479423,0.07097844072313128,0.56825,-0.18382272568463143,0.05296609510566202,0.1434,-0.2789591175374949,0.17392184046012352,0.65945,-0.16973669721235843,0.12553572162417911,0.0619,-0.32757863909299717,0.029945456971312567,0.5262,-0.19016174059313815,0.020308206807966914,0.06135,-0.32813889929871676,0.02828636540373883,0.50515,-0.1933543405086893,0.0038602929086980226
regime_switching,1000,0.000629940788348712,0.01,,,,,0.98,0.95,3.0,regime_switching,1.0,-0.18789577514220243,-0.33769094887204676,-0.19410363740371134,0.1061,-0.29822393937527847,0.11687316354967688,0.65325,-0.17062968321778438,0.12093515866013405,0.06645,-0.32446722813746953,0.039159239472502945,0.54375,-0.18744588547326768,0.034299985407261396,0.0927,-0.3061599365350531,0.09337239402570123,0.5752,-0.1828124861083514,0.058170735213352774,0.0823,-0.31257571669275575,0.07437342417136367,0.59495,-0.1800114113861751,0.07260155557119295,0.06675,-0.32405562717013736,0.040378108289410825,0.558,-0.18538912857509682,0.044896164467487176
regime_switching,1000,0.000629940788348712,0.01,,,,,0.98,0.95,3.0,regime_switching,1.0,-0.30117033685520594,-0.33769094887204676,-0.19410363740371134,0.0022,-0.48945249667542107,-0.449409580891307,0.1312,-0.28473598541030165,-0.46692761258299526,0.00345,-0.4658970470757043,-0.37965512144133784,0.16125,-0.2716051375513815,-0.3992789686185875,0.00055,-0.5373401764797149,-0.591218770519421,0.09775,-0.3025545744497131,-0.558726969244978,0.00185,-0.4983653536810626,-0.4758031133072992,0.11725,-0.2916540798385885,-0.5025688531121362,0.0016,-0.500970262208874,-0.4835169964792121,0.1292,-0.28558530034418445,-0.4713031871226744
